task,student,buckets,origin,eval_day,arm,seed,teacher,n,base_rate,logloss,ne,cane,cane_mult,cal_mult,cal_clip_frac,cane_shift,ne_miscalibration,auc,pr_auc,ece,pred_mean,cal_ratio,n_train,eval_rows,secs,n_teacher,frac_censored,n_train_band0,n_train_band1,frac_sum_gt1,dom_auc,weight_p99,n_train_band2
1d,S0,36,40,41,oracle,0,n13,296223,0.1436924209126232,0.3221388408958796,0.7826310570398219,0.7823937004905401,0.7824940348236866,1.0308006876407672,0.0,0.0453303954997206,0.0002373565492818,0.8129112674167972,0.4933207613310109,0.0095805938983074,0.1393988407608629,0.9701196477553174,10052380.0,296223,5.9,,,,,,,,
1d,S0,36,40,41,A,0,n13,296223,0.1436924209126232,0.3231215831685985,0.7850186133542258,0.7846177329757987,0.78480417546281,1.0403088203868107,0.0,0.0589691149062313,0.0004008803784271,0.8113429342619974,0.4913102826478199,0.0102672730126027,0.1381247741984876,0.9612530244895712,9767244.0,296223,5.1,,,,,,,,
1d,S0,36,40,41,B_teacher,0,n13,296223,0.1436924209126232,0.2976902286243439,0.7232335524979426,0.7206334329797582,0.7214975353154726,0.9105327078155218,0.0,-0.1532973653279404,0.0026001195181843,0.8510923706670988,0.5488135114796131,0.0141189566241143,0.1578113775367375,1.0982581860229064,9767244.0,296223,19.0,,,,,,,,
1d,S0,36,40,41,B,0,n13,296223,0.1436924209126232,0.3217553814577043,0.78169944859237,0.781233164841954,0.781367915359288,0.959036856195079,0.0,-0.0628841650745648,0.0004662837504159,0.8140517465651562,0.4938663220709947,0.010456447072179,0.1498299257055816,1.042712794133314,10052380.0,296223,11.6,9767244.0,,,,,,,
1d,S0,36,40,41,B_nofresh,0,n13,296223,0.1436924209126232,0.3225613854311048,0.7836576220927354,0.7830489633436705,0.783181067254789,0.9534226620259874,0.0,-0.0718234247400129,0.0006086587490649,0.8126737820304459,0.4923992684262739,0.0111843463310385,0.1507121936951679,1.0488527699509864,9767244.0,296223,11.6,9767244.0,,,,,,,
1d,S0,36,40,41,C,0,n13,296223,0.1436924209126232,0.3221291666872291,0.782607553707777,0.7823674805239353,0.7824789639105771,1.030969926169254,0.0,0.045605048337635,0.0002400731838416,0.812959533257271,0.4933907151310881,0.0097257474753346,0.1393759577900949,0.9699603980842312,10052380.0,296223,6.0,,0.0283650252968072,,,,,,
1d,S0,36,40,41,D,0,n13,296223,0.1436924209126232,0.3239469596732219,0.7870238521030611,0.7870221188734239,0.7870230533898216,0.9974177749241558,0.0,-0.0038382843193791,1.7332296372574163e-06,0.8094165345691329,0.4909778742184987,0.0099505034022038,0.1440644276903424,1.0025889102247456,,296223,10.1,,,10048963.0,9767244.0,3.375835149199702e-06,,,
1d,S0,36,40,41,E,0,n13,296223,0.1436924209126232,0.3204774770805048,0.7785948007618193,0.7776410387680891,0.7780102955292945,1.0630873959929508,0.0,0.0913449763485497,0.0009537619937302,0.8161517048110604,0.4982667109721632,0.0116240709766923,0.1351652003910843,0.940656434992322,9767244.0,296223,5.8,,,,,,0.7032958898302196,3.3976681232452397,
7d,S0,36,40,41,oracle,0,n13,296223,0.1933543310276379,0.3874428812606494,0.7890084019083962,0.7884525553931712,0.788841226014342,1.043053469514814,0.0,0.0680608524619035,0.000555846515225,0.8059915278066019,0.5451706615942595,0.0122566961760678,0.1853733645290289,0.9587236217767046,10052380.0,296223,5.2,,,,,,,,
7d,S0,36,40,41,A,0,n13,296223,0.1933543310276379,0.3976169930863323,0.8097274810312333,0.8088011016548865,0.8095462304458574,1.0563226351919257,0.0,0.0876756153358448,0.0009263793763467,0.786246105197722,0.5304535202187666,0.0125637830440558,0.183044767371199,0.9466804617116888,8183873.0,296223,4.1,,,,,,,,
7d,S0,36,40,41,B_teacher,0,n13,296223,0.1933543310276379,0.3792261894098235,0.7722755124432457,0.7553020258736679,0.7541275193469739,0.8135414772769406,0.0,-0.3846509243128366,0.0169734865695777,0.8295027388296199,0.5746862773368077,0.0444097941039775,0.2376699116495292,1.2291936280214837,8183873.0,296223,16.0,,,,,,,,
7d,S0,36,40,41,B,0,n13,296223,0.1933543310276379,0.4017830980198087,0.8182115491474145,0.8058981283184494,0.8030426030628447,0.8336533099784535,0.0,-0.3201800050371158,0.012313420828965,0.7959929754044164,0.5335983438818681,0.0385818092278783,0.2319361402555162,1.1995394104844923,10052380.0,296223,11.9,8183873.0,,,,,,,
7d,S0,36,40,41,B_nofresh,0,n13,296223,0.1933543310276379,0.4049196258982563,0.824598934149464,0.8173169656634361,0.8136139299783346,0.8685748978934267,0.0,-0.2485292881776793,0.0072819684860278,0.7859867086552658,0.5279432865462677,0.0327972642431622,0.2226110051033991,1.1513111908084397,8183873.0,296223,9.9,8183873.0,,,,,,,
7d,S0,36,40,41,C,0,n13,296223,0.1933543310276379,0.3877612978695585,0.7896568416962663,0.7889978262380304,0.7896237618088844,1.0469003246937965,0.0,0.0743128085893631,0.0006590154582358,0.8056463602833184,0.5448750087954145,0.0134392331926586,0.1846922065710423,0.9552007735717208,10052380.0,296223,5.4,,0.1858769804239273,,,,,,
7d,S0,36,40,41,D,0,n13,296223,0.1933543310276379,0.3917854604031023,0.7978518510852116,0.7978491175544494,0.7977774024857709,0.9970477967638384,0.0,-0.0046898237466212,2.733530762188962e-06,0.7998268779774673,0.538250519846376,0.014132738925295,0.1939268424795847,1.002960944546233,,296223,4.5,,,10048963.0,9767244.0,1.687917574599851e-05,,,8183873.0
7d,S0,36,40,41,E,0,n13,296223,0.1933543310276379,0.398928275651806,0.8123978435839491,0.8069023006618253,0.8201466549818546,1.1457543923684743,0.0038113178247468,0.2158531348010492,0.0054955429221237,0.7896186043256898,0.5308699707956741,0.0256492677369611,0.168757224336658,0.8727874024840747,8183873.0,296223,7.0,,,,,,0.7194499528215001,4.521093368530273,
1d,S1,64,40,41,oracle,0,n13,296223,0.1436924209126232,0.3178380182258439,0.7721822785472005,0.7721653171471933,0.7722004139275567,1.0080338694189432,0.0,0.0121813630757456,1.6961400007176053e-05,0.8198615806763411,0.5025078676819318,0.0082120737464938,0.1425472151996751,0.9920301592410044,10052380.0,296223,5.5,,,,,,,,
1d,S1,64,40,41,A,0,n13,296223,0.1436924209126232,0.3187944447138055,0.7745059010919784,0.7744908657139463,0.7745388419115972,1.007550362403174,0.0,0.0114848898926945,1.5035378032046688e-05,0.8183906739919915,0.5001523461930282,0.0083207772077242,0.1426156212875484,0.9925062183639486,9767244.0,296223,5.4,,,,,,,,
1d,S1,64,40,41,B_teacher,0,n13,296223,0.1436924209126232,0.2976902286243439,0.7232335524979426,0.7206334329797582,0.7214975353154726,0.9105327078155218,0.0,-0.1532973653279404,0.0026001195181843,0.8510923706670988,0.5488135114796131,0.0141189566241143,0.1578113775367375,1.0982581860229064,9767244.0,296223,0.0,,,,,,,,
1d,S1,64,40,41,B,0,n13,296223,0.1436924209126232,0.3172338414854991,0.7707144410159674,0.7700603705970664,0.7700841790558065,0.9521765342673868,0.0,-0.075081392386758,0.0006540704189009,0.8219295740699994,0.5027338605068465,0.0104045216777225,0.1509094330109505,1.050225419353995,10052380.0,296223,11.9,9767244.0,,,,,,,
1d,S1,64,40,41,B_nofresh,0,n13,296223,0.1436924209126232,0.3180644936666543,0.7727324969348439,0.7721877733594498,0.7721516617396582,0.9562130492802194,0.0,-0.0685468396803397,0.0005447235753941,0.8207044108427641,0.5005770689442941,0.0102474020007514,0.1502723906777746,1.0457920447255356,9767244.0,296223,11.6,9767244.0,,,,,,,
1d,S1,64,40,41,C,0,n13,296223,0.1436924209126232,0.3178293199969488,0.7721611463420446,0.7721415211572275,0.7721826002809995,1.0086430573599343,0.0,0.0131077907548938,1.962518481712916e-05,0.8198980372125867,0.5025507322509499,0.0083157297328048,0.1424611212699267,0.9914310049557502,10052380.0,296223,6.0,,0.0283650252968072,,,,,,
1d,S1,64,40,41,D,0,n13,296223,0.1436924209126232,0.3182929729918494,0.7732875837268988,0.7732874141842893,0.7732932994834495,1.0008004056681337,2.025501058324303e-05,0.0012127338326334,1.695426095071895e-07,0.8196645882428918,0.5029265599910464,0.0111796860851953,0.1435775006672727,0.9992002344687309,,296223,10.5,,,10048963.0,9767244.0,2.025501089519821e-05,,,
1d,S1,64,40,41,E,0,n13,296223,0.1436924209126232,0.3155500165375572,0.7666236157829316,0.7666225583603773,0.766615643504175,0.9980166474113004,0.0,-0.0030476275348661,1.0574225542958615e-06,0.822922887528756,0.509221764530688,0.0076880147433868,0.1439779800119958,1.0019872940935848,9767244.0,296223,5.1,,,,,,0.7032958898302196,3.3976681232452397,
7d,S1,64,40,41,oracle,0,n13,296223,0.1933543310276379,0.3833571372838831,0.780687984934348,0.7800957464710485,0.7805144251545171,1.044441843727591,3.0382515874864543e-05,0.0703372265647734,0.0005922384632994,0.812131291198314,0.5505036281899738,0.0107000197007626,0.1851269481291178,0.9574491926051344,10052380.0,296223,5.4,,,,,,,,
7d,S1,64,40,41,A,0,n13,296223,0.1933543310276379,0.3947458139053102,0.8038804656212718,0.8034234349683489,0.8041343947842572,1.0387927387881304,0.0,0.0618832166170956,0.0004570306529229,0.7936188471672355,0.5330416072882186,0.0147493237889308,0.1861336952096986,0.9626559395925444,8183873.0,296223,4.3,,,,,,,,
7d,S1,64,40,41,B_teacher,0,n13,296223,0.1933543310276379,0.3792261894098235,0.7722755124432457,0.7553020258736679,0.7541275193469739,0.8135414772769406,0.0,-0.3846509243128366,0.0169734865695777,0.8295027388296199,0.5746862773368077,0.0444097941039775,0.2376699116495292,1.2291936280214837,8183873.0,296223,0.0,,,,,,,,
7d,S1,64,40,41,B,0,n13,296223,0.1933543310276379,0.3972478243175525,0.8089756869620232,0.7976486324792609,0.793944480944157,0.8404625095911455,0.0,-0.3093041589858928,0.0113270544827622,0.8043158261021476,0.5373719591184503,0.0390004950897723,0.2300570564672751,1.1898210670770593,10052380.0,296223,12.0,8183873.0,,,,,,,
7d,S1,64,40,41,B_nofresh,0,n13,296223,0.1933543310276379,0.4020783374933594,0.8188127898372642,0.8087637770915336,0.8041399918376164,0.8488623097614401,0.0,-0.2922457240265733,0.0100490127457306,0.7962583626621366,0.5304293553057053,0.0359736588921699,0.2277805585242408,1.1780473564446925,8183873.0,296223,9.7,8183873.0,,,,,,,
7d,S1,64,40,41,C,0,n13,296223,0.1933543310276379,0.3837981556982085,0.7815860972784613,0.7809257501803856,0.7816102393003327,1.0469166006605737,6.751670194414343e-05,0.0744412592083877,0.0006603470980757,0.811659177153554,0.550050060234302,0.0119138389692528,0.1846893352399198,0.9551859234718691,10052380.0,296223,5.6,,0.1858769804239273,,,,,,
7d,S1,64,40,41,D,0,n13,296223,0.1933543310276379,0.3857288132719298,0.7855177866204303,0.7855011421978911,0.7859237870218241,1.0072670523661602,0.0006110261525944,0.0117085556709534,1.6644422539124903e-05,0.8098464742936768,0.5502560339824555,0.015178066473599,0.1919593523618502,0.9927853766793132,,296223,4.4,,,10048963.0,9767244.0,0.00047599276877,,,8183873.0
7d,S1,64,40,41,E,0,n13,296223,0.1933543310276379,0.3942109001239079,0.8027911399729343,0.8005929412539112,0.8036402713971487,1.0881782171596777,0.0003375835097207,0.1363989709214222,0.002198198719023,0.7967701581216489,0.534566568098217,0.0196716250806923,0.1776862723206537,0.918967117913978,8183873.0,296223,4.6,,,,,,0.7194499528215001,4.521093368530273,
1d,S2,160,40,41,oracle,0,n13,296223,0.1436924209126232,0.3120490721892017,0.7581181286197842,0.7579791245966009,0.7579040521334057,0.977823368418639,0.0,-0.0352111918978892,0.0001390040231833,0.8289822374577267,0.5165628201422472,0.0064744809979375,0.1469513058836038,1.0226795884590338,10052380.0,296223,5.5,,,,,,,,
1d,S2,160,40,41,A,0,n13,296223,0.1436924209126232,0.3131024527533097,0.7606772995103863,0.7606327220985889,0.7605631110701719,0.987351345411718,0.0,-0.0199659868650891,4.457741179741959e-05,0.8274527471606232,0.514170138954412,0.0071190884794059,0.1455332203479245,1.0128106926141958,9767244.0,296223,5.3,,,,,,,,
1d,S2,160,40,41,B_teacher,0,n13,296223,0.1436924209126232,0.2976902286243439,0.7232335524979426,0.7206334329797582,0.7214975353154726,0.9105327078155218,0.0,-0.1532973653279404,0.0026001195181843,0.8510923706670988,0.5488135114796131,0.0141189566241143,0.1578113775367375,1.0982581860229064,9767244.0,296223,0.0,,,,,,,,
1d,S2,160,40,41,B,0,n13,296223,0.1436924209126232,0.3115710070238508,0.7569566771020102,0.7550510901575525,0.7554360629317012,0.9210912189840248,0.0,-0.1287539994076762,0.0019055869444577,0.8314314791153801,0.5170089461166546,0.0123099575175151,0.1560023784301383,1.085668801731725,10052380.0,296223,11.8,9767244.0,,,,,,,
1d,S2,160,40,41,B_nofresh,0,n13,296223,0.1436924209126232,0.312280430875603,0.7586802107729019,0.7569885640912632,0.7572741756514073,0.9253726408139318,0.0,-0.1213505279379818,0.0016916466816386,0.8303365055842511,0.5152547541562491,0.0121238099092599,0.1552806021866342,1.0806457376137986,9767244.0,296223,11.5,9767244.0,,,,,,,
1d,S2,160,40,41,C,0,n13,296223,0.1436924209126232,0.3120652773272149,0.758157498738139,0.7580196014317369,0.7579305318091218,0.9779257018565716,0.0,-0.0350960749282643,0.0001378973064021,0.8289744151117556,0.5165551308752238,0.0066600179975563,0.146935928404199,1.0225725718237293,10052380.0,296223,5.6,,0.0283650252968072,,,,,,
1d,S2,160,40,41,D,0,n13,296223,0.1436924209126232,0.3138901333799,0.7625909567386914,0.7625001660453702,0.7623304653668472,0.98193672249358,0.0,-0.0283444652728429,9.07906933211855e-05,0.8269289686815958,0.5156961782684407,0.011598528374371,0.1463357236988992,1.018395561641232,,296223,10.6,,,10048963.0,9767244.0,2.700668119359761e-05,,,
1d,S2,160,40,41,E,0,n13,296223,0.1436924209126232,0.3111997528674379,0.7560547211874244,0.7558908698010218,0.7558220320597285,0.9759817456253926,0.0,-0.0382598702341203,0.0001638513864026,0.8297901695368812,0.5193045995134911,0.006303917095596,0.1472285947526073,1.0246093274615673,9767244.0,296223,5.2,,,,,,0.7032958898302196,3.3976681232452397,
7d,S2,160,40,41,oracle,0,n13,296223,0.1933543310276379,0.3754956528729749,0.7646784579777652,0.7646773856577654,0.764670265032351,0.9981950379422178,0.0,-0.0030121851911687,1.0723199997952904e-06,0.8221334397029094,0.5640737107269181,0.0050766038126382,0.1937039593246611,1.0018082258368095,10052380.0,296223,5.2,,,,,,,,
7d,S2,160,40,41,A,0,n13,296223,0.1933543310276379,0.3886650400661312,0.7914972683004017,0.7913961800181021,0.7917302598593837,1.0177679922701852,0.0,0.0293528149135375,0.0001010882822995,0.8036267340110845,0.541916765124549,0.011633424780257,0.1899787893666717,0.9825421978239336,8183873.0,296223,4.4,,,,,,,,
7d,S2,160,40,41,B_teacher,0,n13,296223,0.1933543310276379,0.3792261894098235,0.7722755124432457,0.7553020258736679,0.7541275193469739,0.8135414772769406,0.0,-0.3846509243128366,0.0169734865695777,0.8295027388296199,0.5746862773368077,0.0444097941039775,0.2376699116495292,1.2291936280214837,8183873.0,296223,0.0,,,,,,,,
7d,S2,160,40,41,B,0,n13,296223,0.1933543310276379,0.3922465349019221,0.7987908066605233,0.7837858944405633,0.7810543109064877,0.8206415195535289,0.0,-0.3565928586326153,0.0150049122199599,0.8128812821905949,0.5486236252110118,0.0427165884507203,0.2356136344805374,1.21855886665843,10052380.0,296223,11.9,8183873.0,,,,,,,
7d,S2,160,40,41,B_nofresh,0,n13,296223,0.1933543310276379,0.3962603643199947,0.8069647731672296,0.792511556337801,0.7890260293628529,0.8237023547896261,0.0,-0.3506200198187432,0.0144532168294285,0.8061244304092285,0.5431574247834029,0.0435027190953796,0.2347381064329004,1.2140307651000954,8183873.0,296223,9.9,8183873.0,,,,,,,
7d,S2,160,40,41,C,0,n13,296223,0.1933543310276379,0.3759264338816837,0.7655557223480587,0.7655529908213737,0.7655832547554476,1.0028783687781948,0.0,0.0048329912284234,2.731526684951469e-06,0.8217258715534654,0.5634887354126338,0.0073639079337893,0.1927993833022854,0.9971298924497678,10052380.0,296223,5.6,,0.1858769804239273,,,,,,
7d,S2,160,40,41,D,0,n13,296223,0.1933543310276379,0.3807249188138135,0.7753276012778311,0.7753195680096482,0.7744588735560398,0.9950366676237932,0.0,-0.0081841965876164,8.033268182883191e-06,0.8175770041944803,0.5612675498918496,0.0178601832122298,0.1943187998180807,1.004988089924424,,296223,4.6,,,10048963.0,9767244.0,0.0004962477833032,,,8183873.0
7d,S2,160,40,41,E,0,n13,296223,0.1933543310276379,0.388692934319934,0.7915540735784954,0.7907507210441693,0.792070116800114,1.0514091913888537,3.375835097207172e-06,0.082970032766703,0.000803352534326,0.8041555687604178,0.5430247855704962,0.0152304147249999,0.1839001718942818,0.9511044873776072,8183873.0,296223,4.4,,,,,,0.7194499528215001,4.521093368530273,
1d,S3,896,40,41,oracle,0,n13,296223,0.1436924209126232,0.3026706266257404,0.7353333481682569,0.7346689369279888,0.7347541725022209,0.953075268751492,0.0,-0.0777593334873961,0.000664411240268,0.8431038372968636,0.5371354249949601,0.0076777767214326,0.1507671278689848,1.0492350738572604,10052380.0,296223,5.5,,,,,,,,
1d,S3,896,40,41,A,0,n13,296223,0.1436924209126232,0.303073351761057,0.7363117623125207,0.7358857083886212,0.735893058344998,0.962154824173478,0.0,-0.0623441800370524,0.0004260539238994,0.8424734807837823,0.535727577335364,0.0067427440383974,0.1493443854382372,1.0393337692393032,9767244.0,296223,5.3,,,,,,,,
1d,S3,896,40,41,B_teacher,0,n13,296223,0.1436924209126232,0.2976902286243439,0.7232335524979426,0.7206334329797582,0.7214975353154726,0.9105327078155218,0.0,-0.1532973653279404,0.0026001195181843,0.8510923706670988,0.5488135114796131,0.0141189566241143,0.1578113775367375,1.0982581860229064,9767244.0,296223,0.0,,,,,,,,
1d,S3,896,40,41,B,0,n13,296223,0.1436924209126232,0.3016365414154146,0.7328210550247917,0.7309185828327199,0.7314208348388055,0.9223318405889168,0.0,-0.1306986040369132,0.0019024721920717,0.8458578004875352,0.5387238427760123,0.0121001198944624,0.1557925408070856,1.0842084768118725,10052380.0,296223,11.9,9767244.0,,,,,,,
1d,S3,896,40,41,B_nofresh,0,n13,296223,0.1436924209126232,0.3019747418076913,0.7336427073588061,0.7314815056857226,0.7320240811397405,0.9175584866522816,0.0,-0.1392391313456821,0.0021612016730835,0.8455372538412984,0.5382328351014936,0.0129105891438648,0.1566030100564881,1.0898487829898524,9767244.0,296223,11.5,9767244.0,,,,,,,
1d,S3,896,40,41,C,0,n13,296223,0.1436924209126232,0.3027384404511417,0.7354981007504294,0.7348151286411911,0.7348645777785402,0.9524933781379844,0.0,-0.0789105995322814,0.0006829721092382,0.8430601837299693,0.5370012882323886,0.0077617447973946,0.1508592334715497,1.0498760652330053,10052380.0,296223,6.0,,0.0283650252968072,,,,,,
1d,S3,896,40,41,D,0,n13,296223,0.1436924209126232,0.3030697619497403,0.7363030409245082,0.7359635582462647,0.7359420332626418,0.9660442816628833,0.0,-0.0555675170850431,0.0003394826782434,0.8427045198142512,0.5361982756654313,0.0057907882918874,0.1487430997109996,1.0351492358907894,,296223,10.9,,,10048963.0,9767244.0,0.0,,,
1d,S3,896,40,41,E,0,n13,296223,0.1436924209126232,0.3025168319147047,0.7349597064275394,0.7349362948643027,0.7348952226908839,0.9909496879244176,0.0,-0.0147011485127893,2.3411563236708236e-05,0.8430346712538227,0.5372294180756374,0.0054575520476209,0.1450047592361551,1.0091329682887722,9767244.0,296223,5.3,,,,,,0.7032958898302196,3.3976681232452397,
7d,S3,896,40,41,oracle,0,n13,296223,0.1933543310276379,0.3650469595609346,0.743400207141566,0.7433873381013235,0.7434238912529271,1.006171397960122,0.0,0.0106503578054134,1.286904024244695e-05,0.8351998057278741,0.5838836341204864,0.0053514892487816,0.1921683834579655,0.9938664545895124,10052380.0,296223,5.2,,,,,,,,
7d,S3,896,40,41,A,0,n13,296223,0.1933543310276379,0.3819134074639403,0.7777479000518637,0.7777473163202016,0.7777261812254596,0.998684380985778,0.0,-0.0022505584631492,5.837316621182254e-07,0.8128569885152983,0.5562814580933014,0.0127567136256058,0.1936090467708951,1.001317352147756,8183873.0,296223,4.6,,,,,,,,
7d,S3,896,40,41,B_teacher,0,n13,296223,0.1933543310276379,0.3792261894098235,0.7722755124432457,0.7553020258736679,0.7541275193469739,0.8135414772769406,0.0,-0.3846509243128366,0.0169734865695777,0.8295027388296199,0.5746862773368077,0.0444097941039775,0.2376699116495292,1.2291936280214837,8183873.0,296223,0.1,,,,,,,,
7d,S3,896,40,41,B,0,n13,296223,0.1933543310276379,0.3842388022191928,0.7824834522800478,0.7641488744069435,0.7626932549028427,0.8064090632880907,0.0,-0.397065458712003,0.0183345778731043,0.8246625649517904,0.565034914415395,0.0464176901835892,0.2397720212112272,1.240065427740299,10052380.0,296223,12.2,8183873.0,,,,,,,
7d,S3,896,40,41,B_nofresh,0,n13,296223,0.1933543310276379,0.3861467346872319,0.7863688630602343,0.7747840249170467,0.7717061565758135,0.8414057357593759,0.0,-0.3181189704849206,0.0115848381431876,0.8179546978999782,0.5588210481270058,0.0372047098274465,0.2297991596802391,1.1884872630414045,8183873.0,296223,9.8,8183873.0,,,,,,,
7d,S3,896,40,41,C,0,n13,296223,0.1933543310276379,0.3660995447784432,0.7455437452487487,0.7455425384482528,0.7455169610486365,0.998134633536015,0.0,-0.0032802233926798,1.2068004958676326e-06,0.8343892218055808,0.5817524027244996,0.0086324552896586,0.1937156817639484,1.0018688525588746,10052380.0,296223,5.6,,0.1858769804239273,,,,,,
7d,S3,896,40,41,D,0,n13,296223,0.1933543310276379,0.366623261690269,0.7466102690220272,0.7465460314447316,0.7461693698446847,0.9862981206656808,0.0,-0.0235226469760332,6.423757729556723e-05,0.8335831372126956,0.5821544308895129,0.006806013264358,0.1960404536684482,1.013892228979481,,296223,4.5,,,10048963.0,9767244.0,0.0001046508914441,,,8183873.0
7d,S3,896,40,41,E,0,n13,296223,0.1933543310276379,0.3828220341956401,0.7795982737719255,0.7761011446325764,0.7867211296380067,1.1099427090204412,0.0037775594737748,0.1772242722550669,0.003497129139349,0.8144551333327701,0.558025036975076,0.0218515205822171,0.1742020821942054,0.9009474019452148,8183873.0,296223,4.5,,,,,,0.7194499528215001,4.521093368530273,
1d,S4,131072,40,41,oracle,0,n13,296223,0.1436924209126232,0.2990773955521497,0.7266036519121585,0.7261918996156014,0.7261959717328426,0.9629679527122178,0.0,-0.0616166422977943,0.000411752296557,0.8486952382491528,0.5426922431194335,0.0063231494666658,0.1492182792873956,1.038456157532014,10052380.0,296223,5.4,,,,,,,,
1d,S4,131072,40,41,A,0,n13,296223,0.1436924209126232,0.2995441846213125,0.7277377083382557,0.7274260453533529,0.7273745735551643,0.9676834915956496,0.0,-0.0536748077730245,0.0003116629849028,0.848146699172789,0.5411467873441597,0.0059190253814908,0.1484911359557074,1.0333957421874196,9767244.0,296223,5.2,,,,,,,,
1d,S4,131072,40,41,B_teacher,0,n13,296223,0.1436924209126232,0.2976902286243439,0.7232335524979426,0.7206334329797582,0.7214975353154726,0.9105327078155218,0.0,-0.1532973653279404,0.0026001195181843,0.8510923706670988,0.5488135114796131,0.0141189566241143,0.1578113775367375,1.0982581860229064,9767244.0,296223,0.0,,,,,,,,
1d,S4,131072,40,41,B,0,n13,296223,0.1436924209126232,0.2996518908142612,0.7279993787763898,0.7253772178476673,0.72611851629769,0.9100230355852188,0.0,-0.1536513617259443,0.0026221609287224,0.848946123758954,0.543278929825043,0.0142073412842945,0.1578997621969177,1.0988732822097396,10052380.0,296223,11.9,9767244.0,,,,,,,
1d,S4,131072,40,41,B_nofresh,0,n13,296223,0.1436924209126232,0.299788197075511,0.7283305326137425,0.7255735683839563,0.7263356041262752,0.907914066115636,0.0,-0.1575267070699256,0.0027569642297862,0.8488586041115006,0.5430438729527827,0.0145741224480145,0.1582665433606378,1.1014258257704266,9767244.0,296223,11.7,9767244.0,,,,,,,
1d,S4,131072,40,41,C,0,n13,296223,0.1436924209126232,0.299178507500672,0.7268493017410684,0.7264167177091226,0.7263837948248354,0.9621164466582224,0.0,-0.0632298971608915,0.0004325840319457,0.8486177351778857,0.5424784198817483,0.0065267818796904,0.1493503425824585,1.0393752268484346,10052380.0,296223,5.8,,0.0283650252968072,,,,,,
1d,S4,131072,40,41,D,0,n13,296223,0.1436924209126232,0.29929033863029,0.7271209936455264,0.7265251910034348,0.726680345229883,0.9554848378491244,0.0,-0.0736707712051972,0.0005958026420915,0.8484507101349485,0.5440215752248039,0.0069129882202171,0.150386918997152,1.0465890827227389,,296223,11.1,,,10048963.0,9767244.0,0.0,,,
1d,S4,131072,40,41,E,0,n13,296223,0.1436924209126232,0.299582339220002,0.7278304043131348,0.7277739899927412,0.7276937740683214,0.9860863782554224,0.0,-0.0229434751887105,5.6414320393605166e-05,0.8480058347981455,0.5412052936958284,0.0059360374106045,0.1457199126579995,1.0141099421423845,9767244.0,296223,5.5,,,,,,0.7032958898302196,3.3976681232452397,
7d,S4,131072,40,41,oracle,0,n13,296223,0.1933543310276379,0.3597489755558167,0.7326111228780661,0.7325779649872244,0.7325543392917657,0.9902610340840394,0.0,-0.01714223199582,3.315789084168408e-05,0.8414917781947311,0.5927157475858943,0.004112529098055,0.1952559217948878,1.0098347461737387,10052380.0,296223,5.6,,,,,,,,
7d,S4,131072,40,41,A,0,n13,296223,0.1933543310276379,0.3700689459998826,0.7536272359147036,0.7533957924950895,0.7538663973091073,1.026696802599535,0.0,0.0450781363262304,0.0002314434196141,0.8302239581895131,0.5705224750018689,0.0116037190091923,0.1883266126261193,0.973997384104109,8183873.0,296223,5.0,,,,,,,,
7d,S4,131072,40,41,B_teacher,0,n13,296223,0.1933543310276379,0.3792261894098235,0.7722755124432457,0.7553020258736679,0.7541275193469739,0.8135414772769406,0.0,-0.3846509243128366,0.0169734865695777,0.8295027388296199,0.5746862773368077,0.0444097941039775,0.2376699116495292,1.2291936280214837,8183873.0,296223,0.0,,,,,,,,
7d,S4,131072,40,41,B,0,n13,296223,0.1933543310276379,0.3808813838514115,0.7756462346435237,0.7585015686799156,0.7572086449075823,0.8123317042789652,0.0,-0.3855524282298128,0.017144665963608,0.8276565783198445,0.5712028451673634,0.0446695328805933,0.2380238639082312,1.2310242167485157,10052380.0,296223,12.2,8183873.0,,,,,,,
7d,S4,131072,40,41,B_nofresh,0,n13,296223,0.1933543310276379,0.3828025896652126,0.7795586759405534,0.7642837874904269,0.7620887625927814,0.821055424360445,0.0,-0.363751857108528,0.0152748884501264,0.8247522158667046,0.5649745694084465,0.0421405275298703,0.2354948585575083,1.2179445751533065,8183873.0,296223,9.8,8183873.0,,,,,,,
7d,S4,131072,40,41,C,0,n13,296223,0.1933543310276379,0.3609757668701189,0.7351094231468004,0.7350640780101079,0.7349095414867571,0.9887211798029842,0.0,-0.0202146174937089,4.534513669252061e-05,0.8406225115160935,0.5902498083092786,0.0082726855235291,0.1955600173004955,1.0114074831483464,10052380.0,296223,5.9,,0.1858769804239273,,,,,,
7d,S4,131072,40,41,D,0,n13,296223,0.1933543310276379,0.3616304139778789,0.7364425798346378,0.7360844157358798,0.7360497936352495,0.9682891844282928,0.0,-0.0557483149278098,0.0003581640987579,0.8396632384114016,0.5910365635707144,0.0070953015532953,0.1996865545305044,1.0327493233237242,,296223,4.5,,,10048963.0,9767244.0,2.700668119359761e-05,,,8183873.0
7d,S4,131072,40,41,E,0,n13,296223,0.1933543310276379,0.3716469187883585,0.7568407000104672,0.75382306004443,0.7615918105539357,1.101499395570748,0.0030956407841389,0.1645383062456073,0.0030176399660372,0.8304068119522963,0.5704535160986559,0.0204625504293207,0.1755373918543553,0.9078534259947048,8183873.0,296223,4.4,,,,,,0.7194499528215001,4.521093368530273,
1d,S0,36,41,42,oracle,0,n13,286399,0.1448538577299502,0.3176172687433481,0.7677891328444495,0.7675542270997644,0.7674863205493225,1.0304482375148234,0.0,0.0452309877280653,0.000234905744685,0.8192040395623328,0.5142169187558269,0.0083324624263003,0.1405736382055449,0.9704514633473909,10357542.0,286399,5.7,,,,,,,,
1d,S0,36,41,42,A,0,n13,286399,0.1448538577299502,0.3180831796093525,0.7689153981171398,0.7686972789711494,0.7686607758305418,1.029297288708416,0.0,0.043606033398333,0.0002181191459904,0.8183966581130382,0.5130645624399184,0.0082009721599225,0.1407308260878797,0.9715366114048752,10052380.0,286399,5.5,,,,,,,,
1d,S0,36,41,42,B_teacher,0,n13,286399,0.1448538577299502,0.2947383607374029,0.7124830186403537,0.7091388834643076,0.7105982799078608,0.9005047308378367,0.0,-0.1750364446916047,0.003344135176046,0.8550987772245625,0.5694616869730497,0.0164397893557139,0.1608585194163022,1.110488335879804,10052380.0,286399,19.6,,,,,,,,
1d,S0,36,41,42,B,0,n13,286399,0.1448538577299502,0.3171650274329959,0.7666959115442176,0.7654892005336168,0.7660106014617523,0.9360112923976764,0.0,-0.1016833903164591,0.0012067110106007,0.8209567665295707,0.5148943289945038,0.0101042636854404,0.1547565279462538,1.068363179079187,10357542.0,286399,12.4,10052380.0,,,,,,,
1d,S0,36,41,42,B_nofresh,0,n13,286399,0.1448538577299502,0.3176213183055628,0.76779892201578,0.7667164195258107,0.7671809003767027,0.9392198216279884,0.0,-0.0963196768531327,0.0010825024899693,0.8201125964925954,0.5137468567305586,0.0100323414364549,0.1542278542193339,1.0647134749207687,10052380.0,286399,12.0,10052380.0,,,,,,,
1d,S0,36,41,42,C,0,n13,286399,0.1448538577299502,0.3175675166538548,0.767668865096413,0.7674606289413927,0.767403872460995,1.0286142031009944,0.0,0.0425996931602747,0.0002082361550203,0.819218514398079,0.5143132225095796,0.0081293578118305,0.1408242830920036,0.9721817927316868,10357542.0,286399,6.2,,0.0294626858085393,,,,,,
1d,S0,36,41,42,D,0,n13,286399,0.1448538577299502,0.3184715416984755,0.7698542015796125,0.7698496737407032,0.7698733823787166,0.9958615576237632,0.0,-0.0062281432994911,4.527838909251791e-06,0.8172388866963187,0.5146349879462447,0.0085825209723068,0.1454558182520747,1.0041556402539642,,286399,11.0,,,10354178.0,10052380.0,0.0,,,
1d,S0,36,41,42,E,0,n13,286399,0.1448538577299502,0.3163782755902082,0.764794064338215,0.7636186019582464,0.763643229292275,1.0701142145307465,0.0,0.101569998670426,0.0011754623799685,0.8219609220283391,0.5186094067937771,0.0126306923543118,0.1353629881399806,0.9344796905052868,10052380.0,286399,6.4,,,,,,0.7118961344852246,4.47084379196167,
7d,S0,36,41,42,oracle,0,n13,286399,0.1950774967789692,0.3861211915979914,0.7824102886513707,0.7818512812386392,0.7821761539173379,1.0429335247830442,0.0,0.0683665424961359,0.0005590074127315,0.8084631361673491,0.5549354458688804,0.0095419449334508,0.1870469134833403,0.958833881774032,10357542.0,286399,5.5,,,,,,,,
7d,S0,36,41,42,A,0,n13,286399,0.1950774967789692,0.392996869404402,0.7963427046239924,0.7955229347774793,0.7961302715869111,1.052438995015661,0.0,0.0827403491975131,0.0008197698465131,0.7955124465703575,0.5455581964840366,0.0106674582263659,0.1853575339785526,0.950173838802998,8459357.0,286399,4.4,,,,,,,,
7d,S0,36,41,42,B_teacher,0,n13,286399,0.1950774967789692,0.3642156778768586,0.7380224133247755,0.7380140686844472,0.7379690712504674,0.9951268328282926,0.0,-0.0086258211117281,8.344640328283859e-06,0.837062031861547,0.59627628209485,0.0072305789075239,0.1960327973716989,1.0048970312235046,8459357.0,286399,16.6,,,,,,,,
7d,S0,36,41,42,B,0,n13,286399,0.1950774967789692,0.3888342469971496,0.7879078435749881,0.7876970426015145,0.7880345234880545,1.0260016511241723,0.0,0.0419577789587085,0.0002108009734735,0.8035816185818819,0.5500926784755287,0.0076720770401359,0.1901337064762285,0.9746573008964624,10357542.0,286399,12.7,8459357.0,,,,,,,
7d,S0,36,41,42,B_nofresh,0,n13,286399,0.1950774967789692,0.3921009068168474,0.7945271856574,0.7943304036706925,0.794703258476469,1.0250636816254777,0.0,0.0406001462471579,0.0001967819867074,0.7970165929666736,0.5462141436113694,0.0083946717200367,0.190307685537769,0.9755491467752196,8459357.0,286399,10.1,8459357.0,,,,,,,
7d,S0,36,41,42,C,0,n13,286399,0.1950774967789692,0.3863333935682042,0.7828402806030672,0.7822143604357987,0.7827391805784596,1.0454001715941434,0.0,0.0725396264644902,0.0006259201672684,0.8081024430884554,0.5549119675630736,0.0094726622088502,0.1866055717988769,0.9565714902027304,10357542.0,286399,5.9,,0.1832657903432846,,,,,,
7d,S0,36,41,42,D,0,n13,286399,0.1950774967789692,0.3891970970460765,0.7886430987686829,0.7886426795119497,0.7886647077277554,1.001152176704157,3.4916323031854164e-05,0.0018438987007843,4.192567332195196e-07,0.8037512363597639,0.551986949397169,0.0112283366605175,0.1948529917011958,0.9988491492792336,,286399,4.5,,,10354178.0,10052380.0,3.142468995065428e-05,,,8459357.0
7d,S0,36,41,42,E,0,n13,286399,0.1950774967789692,0.3913479317715573,0.7930014071315062,0.7907737918750063,0.7925422107258345,1.0888217247238712,0.0,0.1367575936710776,0.0022276152564999,0.8010091533715689,0.5487965251781036,0.0177396772599073,0.1791638542374249,0.9184239965946708,8459357.0,286399,7.1,,,,,,0.7245163283254998,4.7215962409973145,
1d,S1,64,41,42,oracle,0,n13,286399,0.1448538577299502,0.3126421281300491,0.7557625232322666,0.75570669545477,0.7557096766312844,1.0145346275430789,0.0,0.0222172738370779,5.5827777496575415e-05,0.8268593518713706,0.5251910741469796,0.0064078264698094,0.1427786236145986,0.9856736013256862,10357542.0,286399,5.4,,,,,,,,
1d,S1,64,41,42,A,0,n13,286399,0.1448538577299502,0.3131435805853639,0.756974704633335,0.7569581263459172,0.7569577212041833,1.0078840838990872,0.0,0.0120939885291278,1.6578287417856608e-05,0.8261089389509709,0.5239928518266919,0.0060507856466724,0.1437207512689063,0.9921775886483029,10052380.0,286399,5.2,,,,,,,,
1d,S1,64,41,42,B_teacher,0,n13,286399,0.1448538577299502,0.2947383607374029,0.7124830186403537,0.7091388834643076,0.7105982799078608,0.9005047308378367,0.0,-0.1750364446916047,0.003344135176046,0.8550987772245625,0.5694616869730497,0.0164397893557139,0.1608585194163022,1.110488335879804,10052380.0,286399,0.0,,,,,,,,
1d,S1,64,41,42,B,0,n13,286399,0.1448538577299502,0.3123975292325529,0.7551712443759677,0.7534053142636915,0.7538650538347036,0.9240962266659912,0.0,-0.1240442696611609,0.0017659301122762,0.8292174123141962,0.5245718580775733,0.0118980622000364,0.1567519199299866,1.0821383868299723,10357542.0,286399,12.2,10052380.0,,,,,,,
1d,S1,64,41,42,B_nofresh,0,n13,286399,0.1448538577299502,0.3127350372292909,0.7559871161740247,0.7546254854447292,0.7549530319142949,0.9328513178669094,0.0,-0.1090097828891311,0.0013616307292955,0.8285777663197497,0.5232149116242308,0.0110569959218019,0.1552807558456133,1.071982191424283,10052380.0,286399,12.1,10052380.0,,,,,,,
1d,S1,64,41,42,C,0,n13,286399,0.1448538577299502,0.3126103060807166,0.7556855984990523,0.7556401084774151,0.755647964421845,1.0130978892369462,0.0,0.0200643850313962,4.549002163711791e-05,0.8268593538889956,0.5252824871290697,0.0061757915327769,0.1429811070271328,0.9870714475115416,10357542.0,286399,5.8,,0.0294626858085393,,,,,,
1d,S1,64,41,42,D,0,n13,286399,0.1448538577299502,0.313097366432263,0.7568629892827344,0.7568596620409378,0.7568515840317815,0.996492595046879,0.0,-0.0054034195901685,3.3272417966356822e-06,0.8266403930503342,0.5254656933998284,0.0088319308451991,0.1453637071162939,1.0035197501422035,,286399,10.6,,,10354178.0,10052380.0,2.793305793602485e-05,,,
1d,S1,64,41,42,E,0,n13,286399,0.1448538577299502,0.3119983561954776,0.754206307169614,0.7541633428447179,0.7541460104796252,1.0127396513502978,0.0,0.0194773777213286,4.296432489614421e-05,0.8277531031738004,0.5273902530974839,0.0058726355728093,0.1430316839444519,0.9874206057466874,10052380.0,286399,5.4,,,,,,0.7118961344852246,4.47084379196167,
7d,S1,64,41,42,oracle,0,n13,286399,0.1950774967789692,0.3816524061826679,0.7733550392560861,0.7727364586744089,0.7732653489461441,1.045143429711011,1.3966529212741664e-05,0.0720875749981968,0.0006185805816771,0.8153480824191285,0.561504962332955,0.0096050364657105,0.1866514118860312,0.9568064741855636,10357542.0,286399,5.5,,,,,,,,
7d,S1,64,41,42,A,0,n13,286399,0.1950774967789692,0.389303235874693,0.7888581714281019,0.7880027936300581,0.7891285728685792,1.0532122156727866,2.0949793819112496e-05,0.0851389627316135,0.0008553777980437,0.8032229544392858,0.5506756665805101,0.011711963788024,0.1852214528810366,0.94947626425051,8459357.0,286399,4.5,,,,,,,,
7d,S1,64,41,42,B_teacher,0,n13,286399,0.1950774967789692,0.3642156778768586,0.7380224133247755,0.7380140686844472,0.7379690712504674,0.9951268328282926,0.0,-0.0086258211117281,8.344640328283859e-06,0.837062031861547,0.59627628209485,0.0072305789075239,0.1960327973716989,1.0048970312235046,8459357.0,286399,0.0,,,,,,,,
7d,S1,64,41,42,B,0,n13,286399,0.1950774967789692,0.3836357607690088,0.7773739770097349,0.7772470515318135,0.7776434950095961,1.0199074728763706,0.0,0.0328248926870189,0.0001269254779213,0.8124294830600056,0.5576507721610031,0.0088320586614871,0.1912697984541738,0.9804810991136018,10357542.0,286399,12.3,8459357.0,,,,,,,
7d,S1,64,41,42,B_nofresh,0,n13,286399,0.1950774967789692,0.3885712012487717,0.7873748251745601,0.787310352082236,0.7876335375044344,1.0141129911901592,0.0,0.0234016921217783,6.447309232415765e-05,0.8041900809871289,0.5506687538861024,0.0092699232248613,0.1923626839155536,0.9860834134728949,8459357.0,286399,10.1,8459357.0,,,,,,,
7d,S1,64,41,42,C,0,n13,286399,0.1950774967789692,0.381800106556772,0.7736543294656144,0.7729371324179285,0.7739065687101176,1.048595637810931,6.634101376052291e-05,0.0778657210230475,0.0007171970476859,0.8151240208314178,0.5618225351639851,0.010023241043283,0.1860369142734723,0.9536564562557402,10357542.0,286399,5.6,,0.1832657903432846,,,,,,
7d,S1,64,41,42,D,0,n13,286399,0.1950774967789692,0.3837233809876105,0.7775515247901199,0.7775291221238947,0.7780083310168783,1.0083776293572673,0.0006319854468765,0.013629968062153,2.240266622521858e-05,0.8131814014791761,0.5621110411929562,0.0133640148094258,0.1934567875165083,0.991691972220162,,286399,4.5,,,10354178.0,10052380.0,0.000506286683958,,,8459357.0
7d,S1,64,41,42,E,0,n13,286399,0.1950774967789692,0.387446569129241,0.7850959454849297,0.7840314878413566,0.7851019734236473,1.059767198694684,1.0474896909556248e-05,0.0948386195979595,0.0010644576435731,0.806657699330357,0.5544002268733641,0.0132148674578082,0.1840758017602793,0.943603464262435,8459357.0,286399,4.7,,,,,,0.7245163283254998,4.7215962409973145,
1d,S2,160,41,42,oracle,0,n13,286399,0.1448538577299502,0.3072608189183303,0.7427540657589669,0.7426968503005973,0.7427088416329178,0.985790337478366,0.0,-0.0227108830612661,5.721545836956388e-05,0.8348988933121724,0.5381759902423203,0.0048150065873147,0.1469418518551153,1.0144144875247834,10357542.0,286399,5.4,,,,,,,,
1d,S2,160,41,42,A,0,n13,286399,0.1448538577299502,0.3078659333141841,0.7442168333820954,0.7441223244657427,0.7441407488917356,0.9817897872036876,0.0,-0.0291691990324626,9.45089163527646e-05,0.8339507828113429,0.5369784140656647,0.0055609393427862,0.1475406035160742,1.0185479753748288,10052380.0,286399,5.2,,,,,,,,
1d,S2,160,41,42,B_teacher,0,n13,286399,0.1448538577299502,0.2947383607374029,0.7124830186403537,0.7091388834643076,0.7105982799078608,0.9005047308378367,0.0,-0.1750364446916047,0.003344135176046,0.8550987772245625,0.5694616869730497,0.0164397893557139,0.1608585194163022,1.110488335879804,10052380.0,286399,0.0,,,,,,,,
1d,S2,160,41,42,B,0,n13,286399,0.1448538577299502,0.3070500233911823,0.7422445011637018,0.7392724031767146,0.7402477235356039,0.9040138922990127,0.0,-0.1619032855104268,0.0029720979869871,0.8378423388241477,0.5393515794608089,0.0153802481437659,0.1602341058737161,1.106177690983137,10357542.0,286399,12.5,10052380.0,,,,,,,
1d,S2,160,41,42,B_nofresh,0,n13,286399,0.1448538577299502,0.3075069125277179,0.7433489578430713,0.740493093625645,0.7414149682443562,0.9057375795575612,0.0,-0.1586823720903177,0.0028558642174263,0.8370909078396773,0.5382941558298707,0.0150753104963577,0.1599291682263079,1.1040725510014548,10052380.0,286399,12.0,10052380.0,,,,,,,
1d,S2,160,41,42,C,0,n13,286399,0.1448538577299502,0.3072670933419153,0.7427692331781142,0.7427081425753298,0.7427118812482696,0.98533261012532,0.0,-0.0234828697017785,6.109060278436385e-05,0.8348723579997014,0.5381582746751838,0.0048810953625574,0.1470101123635062,1.0148857246009697,10357542.0,286399,5.9,,0.0294626858085393,,,,,,
1d,S2,160,41,42,D,0,n13,286399,0.1448538577299502,0.3088658728436361,0.7466340278477882,0.7465211830308293,0.7465055144488139,0.9800520285407768,0.0,-0.0317512731811345,0.0001128448169589,0.8329428076531048,0.5376069344387552,0.0077997537778409,0.1478022120372799,1.0203539923170448,,286399,11.1,,,10354178.0,10052380.0,4.539121800917201e-05,,,
1d,S2,160,41,42,E,0,n13,286399,0.1448538577299502,0.3068947168862523,0.741869072437118,0.7417135063846041,0.7418128245395541,0.9766708600360764,0.0,-0.0373081232791757,0.0001555660525138,0.8350863020875073,0.5398596505338571,0.0049469333634669,0.1483138933054678,1.0238863888731786,10052380.0,286399,5.3,,,,,,0.7118961344852246,4.47084379196167,
7d,S2,160,41,42,oracle,0,n13,286399,0.1950774967789692,0.3741013498188074,0.7580540811169587,0.7580524259060035,0.758060960812808,1.0022342359644505,0.0,0.0037562635078549,1.6552109551870586e-06,0.8247673760518821,0.5750513834128291,0.0033053525447413,0.1946426192388509,0.9977707447178752,10357542.0,286399,5.5,,,,,,,,
7d,S2,160,41,42,A,0,n13,286399,0.1950774967789692,0.3824094722180399,0.7748891074920515,0.7748330091510202,0.7750005907209476,1.013093989208552,0.0,0.021928436420214,5.609834103137423e-05,0.812813362396192,0.5618175070483158,0.0076913621528738,0.1925561683880559,0.987075247363,8459357.0,286399,4.4,,,,,,,,
7d,S2,160,41,42,B_teacher,0,n13,286399,0.1950774967789692,0.3642156778768586,0.7380224133247755,0.7380140686844472,0.7379690712504674,0.9951268328282926,0.0,-0.0086258211117281,8.344640328283859e-06,0.837062031861547,0.59627628209485,0.0072305789075239,0.1960327973716989,1.0048970312235046,8459357.0,286399,0.0,,,,,,,,
7d,S2,160,41,42,B,0,n13,286399,0.1950774967789692,0.3774646105421301,0.7648691688422771,0.7648644382051959,0.7649224730260579,1.003766562124951,0.0,0.0063762922710292,4.730637081173938e-06,0.8205594759930541,0.5690644623896044,0.0051506456917834,0.1943454824456341,0.9962475716296256,10357542.0,286399,12.4,8459357.0,,,,,,,
7d,S2,160,41,42,B_nofresh,0,n13,286399,0.1950774967789692,0.3811858942831204,0.7724097305863556,0.7724092347437056,0.7723896063604815,0.9987857351948642,0.0,-0.0020632771493466,4.958426500500934e-07,0.8148831035130122,0.5632990311520303,0.0068834490203802,0.1953146604971379,1.0012157410366886,8459357.0,286399,10.1,8459357.0,,,,,,,
7d,S2,160,41,42,C,0,n13,286399,0.1950774967789692,0.3743775423246863,0.7586137392319503,0.7585885265839705,0.7586819033545573,1.0087254510430756,0.0,0.0147333511498254,2.5212647979833136e-05,0.8244297140242628,0.5748296125767182,0.0047621368087274,0.1933900810941656,0.9913500238999094,10357542.0,286399,5.8,,0.1832657903432846,,,,,,
7d,S2,160,41,42,D,0,n13,286399,0.1950774967789692,0.3789159253156026,0.7678100165231233,0.7677998829159922,0.7669921228618151,0.9944727216087804,0.0,-0.0092302081519275,1.0133607131090905e-05,0.8202000572495138,0.5723531433840943,0.0149461311516265,0.1961617373107912,1.0055579989989851,,286399,4.5,,,10354178.0,10052380.0,0.0005237448494881,,,8459357.0
7d,S2,160,41,42,E,0,n13,286399,0.1950774967789692,0.3822460400025023,0.7745579393259001,0.7744769137526538,0.7746778613248945,1.0158236290424691,0.0,0.0262705613629563,8.102557324629611e-05,0.8129888094061971,0.5623110306517274,0.0075285098653975,0.1920387468864572,0.984422857876042,8459357.0,286399,4.5,,,,,,0.7245163283254998,4.7215962409973145,
1d,S3,896,41,42,oracle,0,n13,286399,0.1448538577299502,0.2986308036074555,0.7218923789930466,0.7216717036199628,0.7217813157089032,0.97271807598785,0.0,-0.0450903263412747,0.0002206753730837,0.8474968839498642,0.5565701902337551,0.0050167675978151,0.1489165887894526,1.028047102943413,10357542.0,286399,5.4,,,,,,,,
1d,S3,896,41,42,A,0,n13,286399,0.1448538577299502,0.2990703211769478,0.7229548426773592,0.722601139323481,0.7227698933785002,0.96563044392146,0.0,-0.0570008671318706,0.0003537033538781,0.8468898036538819,0.5555909089344973,0.0059225637708738,0.1500096218401042,1.0355928671210533,10052380.0,286399,5.3,,,,,,,,
1d,S3,896,41,42,B_teacher,0,n13,286399,0.1448538577299502,0.2947383607374029,0.7124830186403537,0.7091388834643076,0.7105982799078608,0.9005047308378367,0.0,-0.1750364446916047,0.003344135176046,0.8550987772245625,0.5694616869730497,0.0164397893557139,0.1608585194163022,1.110488335879804,10052380.0,286399,0.0,,,,,,,,
1d,S3,896,41,42,B,0,n13,286399,0.1448538577299502,0.2981964997810113,0.7208425187017095,0.7180182251251483,0.719080029633869,0.9075797565737552,0.0,-0.1602732021971049,0.0028242935765611,0.8499461794779609,0.5593253282064128,0.0147506912705635,0.1596045490005136,1.1018315390540934,10357542.0,286399,12.3,10052380.0,,,,,,,
1d,S3,896,41,42,B_nofresh,0,n13,286399,0.1448538577299502,0.2982284706194629,0.7209198031089087,0.7182798527599585,0.719286579966737,0.9104099701216256,0.0,-0.1549700617967442,0.0026399503489501,0.8497901020082463,0.5590717651334857,0.0142545247393219,0.159108382469272,1.098406248633685,10052380.0,286399,11.8,10052380.0,,,,,,,
1d,S3,896,41,42,C,0,n13,286399,0.1448538577299502,0.2986738159476109,0.7219963544710808,0.7217176000768001,0.7218335192408166,0.9694400881057316,0.0,-0.0506977331016582,0.0002787543942807,0.8474382065417676,0.5565563020788444,0.0054639636792283,0.149420123540581,1.0315232599406756,10357542.0,286399,5.8,,0.0294626858085393,,,,,,
1d,S3,896,41,42,D,0,n13,286399,0.1448538577299502,0.2993231301378615,0.7235659680536438,0.7234494469153965,0.7234878747951021,0.9800251942930184,0.0,-0.0327336670894715,0.0001165211382473,0.8467327502441706,0.5550995993245689,0.0039097487842481,0.1478062590364796,1.020381930814943,,286399,10.7,,,10354178.0,10052380.0,0.0,,,
1d,S3,896,41,42,E,0,n13,286399,0.1448538577299502,0.2985520886730425,0.7217020981828314,0.7216943719729658,0.721702469170706,0.994801385562148,0.0,-0.0084489544025089,7.726209865555056e-06,0.847342730851548,0.5570011555775688,0.0029154220900704,0.145610832305079,1.005225781259758,10052380.0,286399,5.5,,,,,,0.7118961344852246,4.47084379196167,
7d,S3,896,41,42,oracle,0,n13,286399,0.1950774967789692,0.3647073537025989,0.7390187125000376,0.7388450465334342,0.73905643252586,1.0228187460573737,0.0,0.0392893320791068,0.0001736659666033,0.8365101703502664,0.592854813238344,0.005326858562005,0.1907253827043434,0.97769033257815,10357542.0,286399,5.4,,,,,,,,
7d,S3,896,41,42,A,0,n13,286399,0.1950774967789692,0.3746605254691809,0.7591871574451573,0.7584869454243888,0.7595341918328077,1.0467168675011718,0.0,0.0789762609949906,0.0007002120207685,0.823524391188226,0.5782787554525695,0.010126945804685,0.186370835166417,0.9553681908148678,8459357.0,286399,4.4,,,,,,,,
7d,S3,896,41,42,B_teacher,0,n13,286399,0.1950774967789692,0.3642156778768586,0.7380224133247755,0.7380140686844472,0.7379690712504674,0.9951268328282926,0.0,-0.0086258211117281,8.344640328283859e-06,0.837062031861547,0.59627628209485,0.0072305789075239,0.1960327973716989,1.0048970312235046,8459357.0,286399,0.0,,,,,,,,
7d,S3,896,41,42,B,0,n13,286399,0.1950774967789692,0.3683754257933069,0.746451449696894,0.7464447398772848,0.7463914703282389,0.995606476339208,0.0,-0.0076963704970452,6.709819609262979e-06,0.8318652944252763,0.5866187765910689,0.0075681105640863,0.1959383565846807,1.0044129118936096,10357542.0,286399,12.3,8459357.0,,,,,,,
7d,S3,896,41,42,B_nofresh,0,n13,286399,0.1950774967789692,0.371023834116561,0.7518180080877667,0.7518175961342264,0.7518350071587461,1.0010916770021885,0.0,0.001911510257466,4.119535402802299e-07,0.8283146764402949,0.5832530972023198,0.0090171019131086,0.1948647673938685,0.998909513456892,8459357.0,286399,10.1,8459357.0,,,,,,,
7d,S3,896,41,42,C,0,n13,286399,0.1950774967789692,0.3653567830827056,0.7403346729803343,0.740190932849212,0.7405324908294745,1.0206146270476455,0.0,0.0359260740863498,0.0001437401311222,0.8358784330595781,0.5915559259719794,0.0066472744317769,0.1911372731775108,0.9798017522957924,10357542.0,286399,5.9,,0.1832657903432846,,,,,,
7d,S3,896,41,42,D,0,n13,286399,0.1950774967789692,0.3662352283310054,0.7421146959763326,0.7421145387419298,0.7420626608329997,0.9993196458719312,0.0,-0.0011680857250227,1.572344028311079e-07,0.8346692693263964,0.5902867488036778,0.0056110150697067,0.1952103089184834,1.0006808173249462,,286399,4.6,,,10354178.0,10052380.0,6.284937990130857e-05,,,8459357.0
7d,S3,896,41,42,E,0,n13,286399,0.1950774967789692,0.3741745761533374,0.7582024620884857,0.7574001472051309,0.7586593209786608,1.05013238428694,1.3966529212741664e-05,0.0845672797717928,0.0008023148833548,0.8242011024700386,0.5790128292333612,0.0106958806301302,0.1857646709099735,0.9522608910675764,8459357.0,286399,4.4,,,,,,0.7245163283254998,4.7215962409973145,
1d,S4,131072,41,42,oracle,0,n13,286399,0.1448538577299502,0.2953264141165558,0.7139045439743901,0.7138093394751178,0.7138643306089931,0.9820267097123124,0.0,-0.029775096894423,9.520449927225004e-05,0.8526977136136594,0.5623491510629213,0.0033043896850646,0.1475050080586764,1.0183022417923366,10357542.0,286399,5.8,,,,,,,,
1d,S4,131072,41,42,A,0,n13,286399,0.1448538577299502,0.295590066839261,0.7145418824167825,0.7143890532547715,0.7144680636552522,0.977307869374114,0.0,-0.0376979888498617,0.0001528291620109,0.8523228712117541,0.5618493827285208,0.0037092151262748,0.1482172222993735,1.0232190196528534,10052380.0,286399,5.4,,,,,,,,
1d,S4,131072,41,42,B_teacher,0,n13,286399,0.1448538577299502,0.2947383607374029,0.7124830186403537,0.7091388834643076,0.7105982799078608,0.9005047308378367,0.0,-0.1750364446916047,0.003344135176046,0.8550987772245625,0.5694616869730497,0.0164397893557139,0.1608585194163022,1.110488335879804,10052380.0,286399,0.0,,,,,,,,
1d,S4,131072,41,42,B,0,n13,286399,0.1448538577299502,0.2960443536198184,0.715640048315277,0.7124424102131723,0.7137147041517591,0.9024250089009634,0.0,-0.1709889321489074,0.0031976381021047,0.8532307439702853,0.5649952426649966,0.0157455935022235,0.1605162271670234,1.1081253180448427,10357542.0,286399,12.6,10052380.0,,,,,,,
1d,S4,131072,41,42,B_nofresh,0,n13,286399,0.1448538577299502,0.2960754701664753,0.7157152676081994,0.7124794792805159,0.7137840121190552,0.9018514486245324,0.0,-0.1719226785992089,0.0032357883276834,0.8532026983916537,0.5649360339237357,0.0158260797012903,0.1606183124181654,1.1088300645579268,10052380.0,286399,11.8,10052380.0,,,,,,,
1d,S4,131072,41,42,C,0,n13,286399,0.1448538577299502,0.2953714299349727,0.7140133625418543,0.71389454062147,0.7139417255274937,0.9799767557832044,0.0,-0.0332957904685081,0.0001188219203843,0.8526354570863663,0.5622787564832589,0.0035120787880998,0.1478135648372414,1.0204323664807669,10357542.0,286399,6.2,,0.0294626858085393,,,,,,
1d,S4,131072,41,42,D,0,n13,286399,0.1448538577299502,0.2958113450983774,0.7150767873460911,0.7147773323230537,0.7150026506883993,0.9682980339026872,0.0,-0.0524474639368451,0.0002994550230374,0.8521279088911488,0.562582395225178,0.0049842063628954,0.149596356347149,1.0327398848157725,,286399,11.2,,,10354178.0,10052380.0,0.0,,,
1d,S4,131072,41,42,E,0,n13,286399,0.1448538577299502,0.2955989878174893,0.7145634474600345,0.7145242387957148,0.7145483727888726,0.9884027051469167,0.0,-0.0191124274611936,3.920866431972314e-05,0.8521272550822139,0.5621761617446648,0.0022483433305825,0.1465534816686069,1.011733370206994,10052380.0,286399,5.7,,,,,,0.7118961344852246,4.47084379196167,
7d,S4,131072,41,42,oracle,0,n13,286399,0.1950774967789692,0.3594405197793376,0.7283463507135132,0.7283448125053176,0.7283513885357991,1.002107207370536,0.0,0.0037006142696693,1.5382081955950255e-06,0.8426860568999874,0.6016775152697228,0.0027113142822901,0.1946672924255678,0.9978972236153604,10357542.0,286399,5.6,,,,,,,,
7d,S4,131072,41,42,A,0,n13,286399,0.1950774967789692,0.3654579826028932,0.7405397369538336,0.7402373141993838,0.7406625001941668,1.0303110033767462,0.0,0.0518398960755831,0.0003024227544498,0.8359085934942374,0.5906148990702852,0.0069717752531793,0.1893384581350886,0.9705807243857392,8459357.0,286399,4.8,,,,,,,,
7d,S4,131072,41,42,B_teacher,0,n13,286399,0.1950774967789692,0.3642156778768586,0.7380224133247755,0.7380140686844472,0.7379690712504674,0.9951268328282926,0.0,-0.0086258211117281,8.344640328283859e-06,0.837062031861547,0.59627628209485,0.0072305789075239,0.1960327973716989,1.0048970312235046,8459357.0,286399,0.0,,,,,,,,
7d,S4,131072,41,42,B,0,n13,286399,0.1950774967789692,0.3653907709583116,0.740403543749777,0.7403964144393461,0.7403510324891699,0.9954870981511288,0.0,-0.0079603874406513,7.129310430897817e-06,0.8353014817850835,0.5929894965130516,0.0075313349680104,0.1959618533894386,1.0045333604596711,10357542.0,286399,12.5,8459357.0,,,,,,,
7d,S4,131072,41,42,B_nofresh,0,n13,286399,0.1950774967789692,0.3674954167264559,0.7446682578830462,0.7446679215985764,0.7446814170636503,1.0009846837186054,0.0,0.0017298055747155,3.362844698262535e-07,0.8329297090586796,0.5891100472592434,0.0082422184417996,0.1948855961054934,0.999016284929608,8459357.0,286399,10.2,8459357.0,,,,,,,
7d,S4,131072,41,42,C,0,n13,286399,0.1950774967789692,0.3601718234886554,0.7298282158862874,0.7298178424066406,0.7298884570746398,1.005450341893237,0.0,0.0096767715576224,1.037347964683022e-05,0.8420337938657695,0.6003419184503881,0.004767762098233,0.1940200213285952,0.9945792033021004,10357542.0,286399,6.0,,0.1832657903432846,,,,,,
7d,S4,131072,41,42,D,0,n13,286399,0.1950774967789692,0.3614808265944667,0.7324806926737559,0.7323509251433026,0.7322984837058805,0.9808077571481848,0.0,-0.0336255497764459,0.0001297675304533,0.8405395370975315,0.5988920285010865,0.0047828998040216,0.198894732792673,1.0195677926810232,,286399,4.7,,,10354178.0,10052380.0,1.3966528968012426e-05,,,8459357.0
7d,S4,131072,41,42,E,0,n13,286399,0.1950774967789692,0.3655168969448715,0.7406591170560293,0.7402878214148065,0.7407949547224997,1.0337063415698466,0.0,0.0574005205855864,0.0003712956412227,0.8359540397029711,0.5903387974810839,0.0077739800458079,0.1887165522102855,0.967392730203572,8459357.0,286399,4.6,,,,,,0.7245163283254998,4.7215962409973145,
1d,S0,36,42,43,oracle,0,n13,270022,0.1425550510699128,0.3095710183381817,0.7558353611951609,0.7558128210393588,0.7557338147683617,1.0093020747266326,0.0,0.0140378296681738,2.254015580216429e-05,0.826055547410751,0.5264409257115843,0.0079782440709519,0.1412412147359585,0.990783656390331,10653765.0,270022,5.7,,,,,,,,
1d,S0,36,42,43,A,0,n13,270022,0.1425550510699128,0.309872060099877,0.7565703718880455,0.7565159512741373,0.7564036065657509,1.014508037786758,0.0,0.021827345814544,5.442061390825703e-05,0.8255906832121678,0.5258497445921337,0.0082073004978269,0.140516433345279,0.9856994353456198,10357542.0,270022,5.1,,,,,,,,
1d,S0,36,42,43,B_teacher,0,n13,270022,0.1425550510699128,0.2851849968039202,0.6962954937572915,0.6940029627415167,0.6956545572377187,0.9164850867630924,0.0,-0.1460777656719938,0.0022925310157747,0.8619970164070195,0.5851528598075448,0.0134427806649791,0.1555454127174059,1.0911252288150934,10357542.0,270022,20.1,,,,,,,,
1d,S0,36,42,43,B,0,n13,270022,0.1425550510699128,0.3091046508008461,0.7546966981577614,0.7538817736731864,0.754521655986807,0.9468575857746212,0.0,-0.084026816987653,0.0008149244845749,0.8277201350284975,0.5270763403578463,0.0081692665626468,0.1505559581626934,1.0561250340323387,10653765.0,270022,12.7,10357542.0,,,,,,,
1d,S0,36,42,43,B_nofresh,0,n13,270022,0.1425550510699128,0.3094481503103728,0.7555353718722687,0.7548485579775311,0.7554107466607827,0.9510485036330484,0.0,-0.0771764674070053,0.0006868138947375,0.8270620901166332,0.5261456566732503,0.0074637947187337,0.1498925139205267,1.0514710828942528,10357542.0,270022,12.2,10357542.0,,,,,,,
1d,S0,36,42,43,C,0,n13,270022,0.1425550510699128,0.3095474046907152,0.7557777071232202,0.7557612176025188,0.7556939214202159,1.007947114335638,0.0,0.0120066714947076,1.6489520701434834e-05,0.8260619195420065,0.5265510156038,0.0079861614462461,0.1414310820899311,0.992115544335006,10653765.0,270022,5.8,,0.0278043504804372,,,,,,
1d,S0,36,42,43,D,0,n13,270022,0.1425550510699128,0.3105324144865527,0.7581826649219645,0.75803255646344,0.7583111589608473,0.9764792962026624,0.0,-0.035924048784516,0.0001501084585244,0.8245967525350109,0.5268861735254711,0.0090006627436289,0.1459888106427669,1.0240872529390077,,270022,11.1,,,10650588.0,10357542.0,3.703401944221696e-06,,,
1d,S0,36,42,43,E,0,n13,270022,0.1425550510699128,0.3080473600174039,0.7521152621903987,0.7519053623603406,0.7517163440760198,1.028744867845775,0.0,0.0430072374969093,0.0002098998300581,0.8288768125074187,0.5304927745391255,0.0094343938738442,0.138571822349333,0.9720583122752608,10357542.0,270022,6.4,,,,,,0.7075713214038453,4.287997722625732,
7d,S0,36,42,43,oracle,0,n13,270022,0.1948359763278547,0.3799311015530401,0.7704017829105484,0.7698453325745069,0.7699268689638763,1.0427321171638244,0.0,0.0683999781605371,0.0005564503360414,0.815850867121761,0.568775498010488,0.0105937702020041,0.1868514195743756,0.9590190841344244,10653765.0,270022,5.7,,,,,,,,
7d,S0,36,42,43,A,0,n13,270022,0.1948359763278547,0.3863495277141435,0.7834166872913192,0.7824011033182846,0.782773286301139,1.0584908240039743,0.0,0.0924122984783016,0.0010155839730345,0.8042871706771659,0.5605858646399003,0.0115922073797367,0.1840695940951522,0.9447413027325828,8720526.0,270022,4.7,,,,,,,,
7d,S0,36,42,43,B_teacher,0,n13,270022,0.1948359763278547,0.3562374706111862,0.7223572415539349,0.7220707030502155,0.7221920292293702,1.0292379627043569,0.0,0.0509008597337284,0.0002865385037194,0.8449643189121407,0.615018588792644,0.0068670391447872,0.1893011950471752,0.9715926114622384,8720526.0,270022,17.0,,,,,,,,
7d,S0,36,42,43,B,0,n13,270022,0.1948359763278547,0.3825685578906112,0.7757498606449263,0.7748561543175555,0.7753499628304648,1.054587828613811,0.0,0.0868531073371222,0.0008937063273708,0.811375975733588,0.565425590723647,0.011102017852575,0.1847508296999353,0.9482377596889552,10653765.0,270022,12.8,8720526.0,,,,,,,
7d,S0,36,42,43,B_nofresh,0,n13,270022,0.1948359763278547,0.3853185464145657,0.7813261244811269,0.780433468919255,0.7810464200570861,1.05443725097954,0.0,0.0869783348701184,0.0008926555618719,0.8060255445377096,0.5620496038331096,0.0101944758280713,0.1847772128183617,0.9483731716335234,8720526.0,270022,10.3,8720526.0,,,,,,,
7d,S0,36,42,43,C,0,n13,270022,0.1948359763278547,0.3801091496356026,0.7707628182658779,0.7701486738463224,0.7703952796685709,1.0448596657234028,0.0,0.0720382195165544,0.0006141444195555,0.815441141738718,0.5688594698059404,0.0105573638409225,0.1864709517645713,0.9570663246031758,10653765.0,270022,5.9,,0.1814605444669723,,,,,,
7d,S0,36,42,43,D,0,n13,270022,0.1948359763278547,0.3829722182610375,0.7765683792336798,0.7765681198830144,0.7765842345630583,1.0009044502620723,6.666123501048063e-05,0.0014537232528172,2.593506653880695e-07,0.8123153565193252,0.5659316685957618,0.0142790953651972,0.1946599161157088,0.9990963670290048,,270022,4.9,,,10650588.0,10357542.0,6.666123226750642e-05,,,8720526.0
7d,S0,36,42,43,E,0,n13,270022,0.1948359763278547,0.3841041008998217,0.7788635438027303,0.7766301781443231,0.7776022414278341,1.0888620285188846,0.0,0.1371269670734035,0.0022333656584071,0.8102273693386625,0.5643177419011897,0.0180763902656195,0.1789354125911423,0.9183900014956364,8720526.0,270022,7.1,,,,,,0.7280305101875001,4.813205242156982,
1d,S1,64,42,43,oracle,0,n13,270022,0.1425550510699128,0.3042849792278195,0.7429291941330112,0.7429284902845743,0.742916852265005,1.0016192484465416,0.0,0.0025027307487978,7.03848436867105e-07,0.8338631905216966,0.5389114212641992,0.0068056229826588,0.1423245921950962,0.99838336928024,10653765.0,270022,5.6,,,,,,,,
1d,S1,64,42,43,A,0,n13,270022,0.1425550510699128,0.3045637762441004,0.7436098930066719,0.7436075100233029,0.7436276412379339,0.9970339541971432,0.0,-0.0046031701208459,2.3829833689648083e-06,0.8333077877519854,0.5384064714039636,0.0061399985635113,0.142979133729407,1.00297486940176,10357542.0,270022,5.6,,,,,,,,
1d,S1,64,42,43,B_teacher,0,n13,270022,0.1425550510699128,0.2851849968039202,0.6962954937572915,0.6940029627415167,0.6956545572377187,0.9164850867630924,0.0,-0.1460777656719938,0.0022925310157747,0.8619970164070195,0.5851528598075448,0.0134427806649791,0.1555454127174059,1.0911252288150934,10357542.0,270022,0.0,,,,,,,,
1d,S1,64,42,43,B,0,n13,270022,0.1425550510699128,0.3036439439397624,0.7413640697841998,0.7403220855971608,0.7409548166565632,0.9408475399853348,0.0,-0.0959809432488678,0.0010419841870389,0.8360187624659158,0.5393674117960375,0.0089626444242315,0.1515176954941444,1.062871461635099,10653765.0,270022,12.6,10357542.0,,,,,,,
1d,S1,64,42,43,B_nofresh,0,n13,270022,0.1425550510699128,0.3040917128238469,0.7424573231450947,0.7410825037080321,0.741825500418983,0.9325200064767798,0.0,-0.110154847980261,0.0013748194370626,0.8354852811629653,0.5387254021802462,0.0103157185433957,0.1528707696133085,1.0723630517892813,10357542.0,270022,12.1,10357542.0,,,,,,,
1d,S1,64,42,43,C,0,n13,270022,0.1425550510699128,0.3042656016311881,0.7428818826216572,0.7428813837196766,0.7428719147910091,1.0013626416087364,0.0,0.0021078251017742,4.989019806167505e-07,0.8338619612019214,0.5390128594761915,0.0068738506819593,0.1423610639606959,0.9986392126567182,10653765.0,270022,5.8,,0.0278043504804372,,,,,,
1d,S1,64,42,43,D,0,n13,270022,0.1425550510699128,0.3047517573305426,0.7440688595893049,0.743985083878791,0.7440717955652396,0.9825556124918036,0.0,-0.0271794301557763,8.377571051387811e-05,0.8337894432289299,0.5392608682358254,0.0092472298176164,0.1450859872535733,1.017754096853568,,270022,10.9,,,10650588.0,10357542.0,1.851701017585583e-05,,,
1d,S1,64,42,43,E,0,n13,270022,0.1425550510699128,0.3037983009620093,0.74174094128945,0.7415758900927424,0.7417838862805296,0.9757593364653506,0.0,-0.038299953977785,0.0001650511967076,0.8341860584121858,0.5408667108572695,0.0052301807334797,0.1460965278449836,1.0248428712170563,10357542.0,270022,5.4,,,,,,0.7075713214038453,4.287997722625732,
7d,S1,64,42,43,oracle,0,n13,270022,0.1948359763278547,0.3750751523066695,0.760555176665798,0.759968157275253,0.760107040093516,1.0438315274653995,2.2220411670160208e-05,0.0704172809724025,0.0005870193905449,0.8226899664880852,0.5770410452424674,0.0102787275647846,0.1866546192573333,0.9580090021118352,10653765.0,270022,5.7,,,,,,,,
7d,S1,64,42,43,A,0,n13,270022,0.1948359763278547,0.3816074591359142,0.7738010015198244,0.7728614714433577,0.7735963287891279,1.055732701887921,5.184762723037382e-05,0.089521922857587,0.0009395300764667,0.812535676812653,0.5681038812217739,0.0120464439682944,0.1845504794721599,0.9472094576702448,8720526.0,270022,4.6,,,,,,,,
7d,S1,64,42,43,B_teacher,0,n13,270022,0.1948359763278547,0.3562374706111862,0.7223572415539349,0.7220707030502155,0.7221920292293702,1.0292379627043569,0.0,0.0509008597337284,0.0002865385037194,0.8449643189121407,0.615018588792644,0.0068670391447872,0.1893011950471752,0.9715926114622384,8720526.0,270022,0.0,,,,,,,,
7d,S1,64,42,43,B,0,n13,270022,0.1948359763278547,0.376610630236995,0.7636687278604938,0.7628444829710702,0.7640832363369954,1.05181690489978,0.0003184925672722,0.0841961873038813,0.0008242448894235,0.8204437392891883,0.575063236320166,0.0110942326416984,0.1852375403173609,0.9507358128031634,10653765.0,270022,12.6,8720526.0,,,,,,,
7d,S1,64,42,43,B_nofresh,0,n13,270022,0.1948359763278547,0.3806144596963063,0.7717874560754636,0.7711531172927667,0.7722847851186176,1.045178927025533,8.888164668064083e-05,0.0739018459119089,0.0006343387826969,0.8141040925251378,0.5686096912688756,0.00980564361558,0.186413992178676,0.956773978256424,8720526.0,270022,10.4,8720526.0,,,,,,,
7d,S1,64,42,43,C,0,n13,270022,0.1948359763278547,0.3751449825604343,0.7606967743180607,0.7600590682809336,0.7604708856438098,1.0456383437563752,5.555102917540052e-05,0.0735781824368855,0.000637706037127,0.8224319313590549,0.5774325237281384,0.0105141843183454,0.186332088423538,0.9563536054039268,10653765.0,270022,5.9,,0.1814605444669723,,,,,,
7d,S1,64,42,43,D,0,n13,270022,0.1948359763278547,0.376800245899245,0.7640532192687202,0.7640100567410398,0.7646579141978479,1.0116346689572286,0.0007184599773351,0.0189724727795834,4.316252768032936e-05,0.8210743436711614,0.5777677742765633,0.0149208763736324,0.1925951949913772,0.9884991397445668,,270022,4.9,,,10650588.0,10357542.0,0.0004777388530783,,,8720526.0
7d,S1,64,42,43,E,0,n13,270022,0.1948359763278547,0.3804132580307595,0.7713794712560365,0.7703555621784112,0.7708795931614544,1.0584756185585684,3.3330617505240315e-05,0.0931918231699564,0.0010239090776252,0.8144223577442513,0.5709020672895833,0.0128635485677591,0.1840722383319346,0.9447548743369256,8720526.0,270022,4.6,,,,,,0.7280305101875001,4.813205242156982,
1d,S2,160,42,43,oracle,0,n13,270022,0.1425550510699128,0.2982535766606509,0.7282031795262782,0.7279297650274472,0.7282377061838226,0.9692967304115336,0.0,-0.0497939067452502,0.000273414498831,0.842315371960112,0.5546735933810459,0.0059464326310377,0.1470705993296689,1.0316758208556327,10653765.0,270022,5.6,,,,,,,,
1d,S2,160,42,43,A,0,n13,270022,0.1425550510699128,0.2985991517642322,0.7290469209224771,0.7287551726168375,0.7290752039022055,0.9683092404179686,0.0,-0.0514316574527632,0.0002917483056396,0.8416607977783761,0.5542831299324863,0.0061272633081392,0.1472205831768983,1.032727932626515,10357542.0,270022,5.4,,,,,,,,
1d,S2,160,42,43,B_teacher,0,n13,270022,0.1425550510699128,0.2851849968039202,0.6962954937572915,0.6940029627415167,0.6956545572377187,0.9164850867630924,0.0,-0.1460777656719938,0.0022925310157747,0.8619970164070195,0.5851528598075448,0.0134427806649791,0.1555454127174059,1.0911252288150934,10357542.0,270022,0.0,,,,,,,,
1d,S2,160,42,43,B,0,n13,270022,0.1425550510699128,0.2975717341113764,0.7265384219133865,0.7241246564386016,0.7255292683254442,0.9128336168694328,0.0,-0.1469162047811854,0.0024137654747848,0.8455436599422146,0.5561430271613762,0.0136125663747712,0.156167617444684,1.0954898916075253,10653765.0,270022,12.6,10357542.0,,,,,,,
1d,S2,160,42,43,B_nofresh,0,n13,270022,0.1425550510699128,0.2978893946102317,0.7273140082043079,0.7249353728820319,0.7263232566041032,0.9134016773432464,0.0,-0.1458080908035115,0.002378635322276,0.845062607455821,0.5555408078423368,0.0135154430029179,0.1560704940728307,1.094808587289479,10357542.0,270022,12.3,10357542.0,,,,,,,
1d,S2,160,42,43,C,0,n13,270022,0.1425550510699128,0.2982391668843864,0.7281679972327091,0.7278762443917902,0.7281840560325895,0.9683231923205567,0.0,-0.0514558478058864,0.0002917528409188,0.8423018684613598,0.5547341295775459,0.006006827192578,0.1472184619768158,1.03271305276034,10653765.0,270022,5.8,,0.0278043504804372,,,,,,
1d,S2,160,42,43,D,0,n13,270022,0.1425550510699128,0.2993663272560675,0.7309200237991101,0.7304576911783458,0.7308745495248209,0.960204088845686,0.0,-0.0644443647557962,0.0004623326207643,0.8411113056400817,0.5548892416912048,0.0081937976365811,0.1484632826770047,1.0414452631649953,,270022,11.1,,,10650588.0,10357542.0,1.851701017585583e-05,,,
1d,S2,160,42,43,E,0,n13,270022,0.1425550510699128,0.2978784033393686,0.7272871723873527,0.7266581612197175,0.7272385177903383,0.9539475037129668,0.0,-0.0753215727175125,0.0006290111676352,0.8426660881624246,0.5563476180971806,0.0079238431334594,0.1494369978589578,1.0482757133990992,10357542.0,270022,5.9,,,,,,0.7075713214038453,4.287997722625732,
7d,S2,160,42,43,oracle,0,n13,270022,0.1948359763278547,0.3670864866245177,0.7443562335957297,0.7443561405396079,0.7443536971870939,1.0005276078279866,0.0,0.0008937863157995,9.305612180821045e-08,0.8320688905523589,0.5918964259441106,0.0048382166112406,0.1947332335494649,0.9994726703952408,10653765.0,270022,5.7,,,,,,,,
7d,S2,160,42,43,A,0,n13,270022,0.1948359763278547,0.3739047399880015,0.7581818838941441,0.7581488010265933,0.7581536947200476,1.010018688055753,0.0,0.0168651459681914,3.3082867550771056e-05,0.8219834997558831,0.582377297559824,0.0059588315936995,0.1929033379599209,0.9900806904127308,8720526.0,270022,4.6,,,,,,,,
7d,S2,160,42,43,B_teacher,0,n13,270022,0.1948359763278547,0.3562374706111862,0.7223572415539349,0.7220707030502155,0.7221920292293702,1.0292379627043569,0.0,0.0509008597337284,0.0002865385037194,0.8449643189121407,0.615018588792644,0.0068670391447872,0.1893011950471752,0.9715926114622384,8720526.0,270022,0.0,,,,,,,,
7d,S2,160,42,43,B,0,n13,270022,0.1948359763278547,0.3696993951083961,0.7496545346464558,0.749316437528089,0.7496279998130159,1.032453895612831,7.406803890053403e-06,0.0542505148226284,0.0003380971183668,0.8287838363801833,0.587834657998372,0.0077659554634448,0.1887115513397394,0.968566251964629,10653765.0,270022,12.5,8720526.0,,,,,,,
7d,S2,160,42,43,B_nofresh,0,n13,270022,0.1948359763278547,0.3726028031076586,0.7555418934070448,0.7552990779227636,0.7555445764973724,1.027397011062047,0.0,0.0459532325516398,0.0002428154842811,0.8242575896263366,0.5835913083344357,0.0073152750753292,0.1896403962928097,0.9733335694312312,8720526.0,270022,11.0,8720526.0,,,,,,,
7d,S2,160,42,43,C,0,n13,270022,0.1948359763278547,0.3672763679944379,0.7447412637902308,0.7447358772093822,0.7447399961540336,1.004009069912405,0.0,0.0068263674201496,5.386580848587563e-06,0.831718556217436,0.5916648594452487,0.0045331435272484,0.1940579843017287,0.996006938550112,10653765.0,270022,6.0,,0.1814605444669723,,,,,,
7d,S2,160,42,43,D,0,n13,270022,0.1948359763278547,0.3715859081833993,0.7534798941143319,0.7534637167515573,0.7524020002938345,0.9930438562048636,0.0,-0.0117002838992491,1.617736277459425e-05,0.8283171069390377,0.5893623462306228,0.0151886875484152,0.1962007771464026,1.0070048706828727,,270022,4.8,,,10650588.0,10357542.0,0.0004962558741681,,,8720526.0
7d,S2,160,42,43,E,0,n13,270022,0.1948359763278547,0.3734362403290432,0.7572318880367925,0.7571969698854941,0.7571629149172506,1.0103523832412982,0.0,0.0172318439235061,3.4918151298413136e-05,0.8225494821697384,0.5838958157051117,0.0057805712487115,0.1928396266090886,0.9897536904816449,8720526.0,270022,5.0,,,,,,0.7280305101875001,4.813205242156982,
1d,S3,896,42,43,oracle,0,n13,270022,0.1425550510699128,0.2893637950781037,0.7064982689391687,0.7059231289965572,0.7064820268558037,0.9565193812075546,0.0,-0.0730990690094262,0.0005751399426114,0.8550872458056824,0.5734619922592163,0.0068206896893047,0.1490351935053785,1.0454571226121454,10653765.0,270022,5.9,,,,,,,,
1d,S3,896,42,43,A,0,n13,270022,0.1425550510699128,0.2895386203918814,0.7069251149498017,0.7063503122962469,0.7069194513471808,0.9565159657147908,0.0,-0.0730503349967008,0.0005748026535548,0.8547579807060836,0.5732715104457924,0.007010389867157,0.1490357256748803,1.0454608556927891,10357542.0,270022,5.6,,,,,,,,
1d,S3,896,42,43,B_teacher,0,n13,270022,0.1425550510699128,0.2851849968039202,0.6962954937572915,0.6940029627415167,0.6956545572377187,0.9164850867630924,0.0,-0.1460777656719938,0.0022925310157747,0.8619970164070195,0.5851528598075448,0.0134427806649791,0.1555454127174059,1.0911252288150934,10357542.0,270022,0.0,,,,,,,,
1d,S3,896,42,43,B,0,n13,270022,0.1425550510699128,0.2888298743673126,0.7051946709620172,0.702353473479201,0.7040751521517474,0.90735901940284,0.0,-0.1617929382142178,0.0028411974828161,0.8572786064845558,0.5764692857881972,0.0145548117534407,0.1571098628233536,1.1020995863998022,10653765.0,270022,12.9,10357542.0,,,,,,,
1d,S3,896,42,43,B_nofresh,0,n13,270022,0.1425550510699128,0.28875328014604,0.705007661786508,0.702615811267155,0.7041406726733757,0.9144838323295216,0.0,-0.1485708380026492,0.0023918505193529,0.8571513618454569,0.5762345197038247,0.0133307568910365,0.1558858079609493,1.093513044897292,10357542.0,270022,12.6,10357542.0,,,,,,,
1d,S3,896,42,43,C,0,n13,270022,0.1425550510699128,0.289357624473597,0.7064832030550585,0.7059270279955816,0.7064507390269608,0.9572443792173724,0.0,-0.0719358145279442,0.0005561750594769,0.8550506624901606,0.5734415341724443,0.0065555090054789,0.1489223171897478,1.044665314010602,10653765.0,270022,6.0,,0.0278043504804372,,,,,,
1d,S3,896,42,43,D,0,n13,270022,0.1425550510699128,0.2900793867178373,0.7082454268882226,0.7075629173045628,0.7081602493962281,0.9526727733678244,0.0,-0.0794215753216144,0.0006825095836597,0.8543114254729076,0.5720979999703639,0.0072997972992536,0.1496369530599282,1.0496783659145288,,270022,11.1,,,10650588.0,10357542.0,3.703401944221696e-06,,,
1d,S3,896,42,43,E,0,n13,270022,0.1425550510699128,0.2892813049777948,0.7062968646375105,0.7060253639730093,0.7063852767286223,0.9697798400810318,0.0,-0.0502535594417193,0.0002715006645012,0.8548156744694415,0.5740120560439411,0.0058444691398698,0.1469973340113992,1.031161876819839,10357542.0,270022,5.4,,,,,,0.7075713214038453,4.287997722625732,
7d,S3,896,42,43,oracle,0,n13,270022,0.1948359763278547,0.3573444033722768,0.7246018142388778,0.7244590302476716,0.7244652495737892,1.0205950320069526,0.0,0.035740666520034,0.0001427839912062,0.8437688580517008,0.6094849847033367,0.0045137835711499,0.1909042962365973,0.9798205641208606,10653765.0,270022,5.6,,,,,,,,
7d,S3,896,42,43,A,0,n13,270022,0.1948359763278547,0.3658282215104987,0.7418047981295309,0.7410358645876247,0.7416490584761031,1.0488456456180033,0.0,0.0831437784764962,0.0007689335419062,0.8327685522756786,0.5983131616600355,0.0091486570516683,0.1857622969994341,0.9534291381939024,8720526.0,270022,4.5,,,,,,,,
7d,S3,896,42,43,B_teacher,0,n13,270022,0.1948359763278547,0.3562374706111862,0.7223572415539349,0.7220707030502155,0.7221920292293702,1.0292379627043569,0.0,0.0509008597337284,0.0002865385037194,0.8449643189121407,0.615018588792644,0.0068670391447872,0.1893011950471752,0.9715926114622384,8720526.0,270022,0.0,,,,,,,,
7d,S3,896,42,43,B,0,n13,270022,0.1948359763278547,0.3602681522226191,0.7305304189724178,0.7303352093747792,0.7304881896111356,1.0241267018200764,0.0,0.0418371905778782,0.0001952095976385,0.8398878050170202,0.605713394538677,0.0052361101886978,0.1902459685716548,0.97644168267735,10653765.0,270022,12.9,8720526.0,,,,,,,
7d,S3,896,42,43,B_nofresh,0,n13,270022,0.1948359763278547,0.3625066606007259,0.7350695336658561,0.7347818813089915,0.7350535790184501,1.029385581487636,0.0,0.0508471434314977,0.0002876523568646,0.8369678617430063,0.6028403416857262,0.00579372046153,0.1892740483563835,0.9714532804654512,8720526.0,270022,10.3,8720526.0,,,,,,,
7d,S3,896,42,43,C,0,n13,270022,0.1948359763278547,0.3578894129061984,0.7257069522886984,0.7255404397274005,0.7257086852277838,1.0221644428527277,0.0,0.0387808080766564,0.0001665125612979,0.8431573402351233,0.6081246732216933,0.0044921270476958,0.1906111855975863,0.978316167219758,10653765.0,270022,6.0,,0.1814605444669723,,,,,,
7d,S3,896,42,43,D,0,n13,270022,0.1948359763278547,0.3588754722102892,0.727706424937349,0.7276751944752805,0.7276753489615265,0.990517127588516,0.0,-0.0165312397994988,3.1230462068543297e-05,0.8421970645767646,0.6064767142711446,0.0058887292428655,0.1967012693684527,1.0095736581906167,,270022,4.8,,,10650588.0,10357542.0,6.295783532550558e-05,,,8720526.0
7d,S3,896,42,43,E,0,n13,270022,0.1948359763278547,0.3651427492892621,0.7404148381625325,0.7397403469790034,0.7401256466616022,1.0458062110163244,0.0,0.0775666501196687,0.0006744911835291,0.8334550757838753,0.5994373044929648,0.0088623151527386,0.1863021793860942,0.9562000966012532,8720526.0,270022,4.6,,,,,,0.7280305101875001,4.813205242156982,
1d,S4,131072,42,43,oracle,0,n13,270022,0.1425550510699128,0.286452172826326,0.6993893765494679,0.6990680637784646,0.6994736956589854,0.9673366067032472,0.0,-0.054899754085458,0.0003213127710032,0.859201372405775,0.5789127008080824,0.0060168524931434,0.147368609935843,1.033766315748219,10653765.0,270022,5.8,,,,,,,,
1d,S4,131072,42,43,A,0,n13,270022,0.1425550510699128,0.2866268854135368,0.6998159473317352,0.6994489404835105,0.699900028443236,0.9651343216515372,0.0,-0.0586291538824948,0.0003670068482247,0.858865794026529,0.5788865088404272,0.0060319781158876,0.1477048819753635,1.036125208239202,10357542.0,270022,5.8,,,,,,,,
1d,S4,131072,42,43,B_teacher,0,n13,270022,0.1425550510699128,0.2851849968039202,0.6962954937572915,0.6940029627415167,0.6956545572377187,0.9164850867630924,0.0,-0.1460777656719938,0.0022925310157747,0.8619970164070195,0.5851528598075448,0.0134427806649791,0.1555454127174059,1.0911252288150934,10357542.0,270022,0.0,,,,,,,,
1d,S4,131072,42,43,B,0,n13,270022,0.1425550510699128,0.2865708871980769,0.699679224483338,0.6972502591960466,0.6988515674064486,0.914114478414748,0.0,-0.1501564713471044,0.0024289652872914,0.8602778710480398,0.5810279038261211,0.0134165942171635,0.1559487946379877,1.0939548859724817,10653765.0,270022,12.9,10357542.0,,,,,,,
1d,S4,131072,42,43,B_nofresh,0,n13,270022,0.1425550510699128,0.2866385020863555,0.6998443101033631,0.6973416905426358,0.6989774260615295,0.9128972343801276,0.0,-0.1523692906564165,0.0025026195607272,0.8602294652354279,0.5809150094619533,0.0136402574903225,0.1561567345164651,1.095413549674095,10357542.0,270022,12.5,10357542.0,,,,,,,
1d,S4,131072,42,43,C,0,n13,270022,0.1425550510699128,0.2864435861745614,0.6993684117476823,0.6990445945143144,0.699433334340405,0.9672349581876288,0.0,-0.0551513532792195,0.0003238172333678,0.8591708753788538,0.5789364640990482,0.005733891383459,0.1473840971763753,1.0338749561675948,10653765.0,270022,5.9,,0.0278043504804372,,,,,,
1d,S4,131072,42,43,D,0,n13,270022,0.1425550510699128,0.2870086487094294,0.7007480442708834,0.6997909034696738,0.7007563915729401,0.9443254730490424,0.0,-0.093948195437708,0.0009571408012096,0.8589226087746332,0.5790769578821433,0.0087283853771041,0.1509596586541612,1.0589569259115668,,270022,11.1,,,10650588.0,10357542.0,0.0,,,
1d,S4,131072,42,43,E,0,n13,270022,0.1425550510699128,0.2868638911383462,0.7003946103751242,0.6999477684639711,0.7004996858677931,0.9615435273371424,0.0,-0.0645080268567577,0.000446841911153,0.8585648971974824,0.5786708457899336,0.0065766851173154,0.1482564720337712,1.0399945208610133,10357542.0,270022,5.7,,,,,,0.7075713214038453,4.287997722625732,
7d,S4,131072,42,43,oracle,0,n13,270022,0.1948359763278547,0.3523081844891214,0.7143896679027373,0.7143888488548897,0.7143801556713059,1.0015325470750698,0.0,0.0027094950472529,8.190478475444962e-07,0.8494231618851463,0.6182892822862385,0.0036717535737889,0.1945378379333396,0.9984697980314812,10653765.0,270022,5.8,,,,,,,,
7d,S4,131072,42,43,A,0,n13,270022,0.1948359763278547,0.3574471910629442,0.7248102410294927,0.7244518799188525,0.7245640088792774,1.0329279369707831,0.0,0.0567049853438703,0.0003583611106401,0.8434546078979865,0.6105993911499092,0.0065213784410507,0.1886249459950135,0.9681217480985658,8720526.0,270022,4.9,,,,,,,,
7d,S4,131072,42,43,B_teacher,0,n13,270022,0.1948359763278547,0.3562374706111862,0.7223572415539349,0.7220707030502155,0.7221920292293702,1.0292379627043569,0.0,0.0509008597337284,0.0002865385037194,0.8449643189121407,0.615018588792644,0.0068670391447872,0.1893011950471752,0.9715926114622384,8720526.0,270022,0.1,,,,,,,,
7d,S4,131072,42,43,B,0,n13,270022,0.1948359763278547,0.3571765588573947,0.724261469073693,0.7240194290561268,0.724160845293107,1.0268290279965089,0.0,0.0467588321729774,0.0002420400175662,0.8433812825196956,0.6119392622121853,0.0061225702272006,0.18974529450926,0.9738719618699756,10653765.0,270022,13.1,8720526.0,,,,,,,
7d,S4,131072,42,43,B_nofresh,0,n13,270022,0.1948359763278547,0.3589257983646182,0.7278084733320807,0.7274844530984931,0.7277371827103374,1.0311418796216725,0.0,0.054127976318717,0.0003240202335875,0.8414351567720488,0.608900074301259,0.0069356998188716,0.1889516662821807,0.9697986472694736,8720526.0,270022,10.7,8720526.0,,,,,,,
7d,S4,131072,42,43,C,0,n13,270022,0.1948359763278547,0.3530075012856035,0.7158077010793499,0.7157860754897405,0.7158142923726639,1.0078679160022068,0.0,0.0140119225370282,2.162558960938643e-05,0.8486449965823356,0.6169063823513066,0.0020752190567625,0.1933149902228142,0.9921935048459368,10653765.0,270022,6.1,,0.1814605444669723,,,,,,
7d,S4,131072,42,43,D,0,n13,270022,0.1948359763278547,0.3545630650991764,0.7189619812383287,0.7187405612603599,0.71897833072723,0.9751051988719216,0.0,-0.0440279808346401,0.0002214199779687,0.8472868524182418,0.6146974642612972,0.0064433560415857,0.1998102118143317,1.0255303747296995,,270022,4.8,,,10650588.0,10357542.0,1.851701017585583e-05,,,8720526.0
7d,S4,131072,42,43,E,0,n13,270022,0.1948359763278547,0.3574952134225931,0.7249076179258348,0.7246876466756677,0.7246824241491563,1.0257464638582738,0.0,0.0442395261837225,0.0002199712501671,0.8434132181336731,0.6102367672619687,0.0063125961803216,0.1899455500874873,0.9748997780977668,8720526.0,270022,4.8,,,,,,0.7280305101875001,4.813205242156982,
1d,S0,36,43,44,oracle,0,n13,256051,0.1390191797727796,0.3041113779504747,0.754283757635262,0.7542816319247231,0.7542481469908175,1.0028745263579082,0.0,0.0042984317907496,2.125710538924963e-06,0.8267025646977308,0.5241039969583856,0.0088759679186219,0.138620710885587,0.9971337128600252,10940164.0,256051,5.7,,,,,,,,
1d,S0,36,43,44,A,0,n13,256051,0.1390191797727796,0.3041700710617602,0.7544293334464208,0.754421064319514,0.7543596698726672,1.0056752477563513,0.0,0.0084913497735322,8.269126906879087e-06,0.8261831178694778,0.5241202139706826,0.0086258143111219,0.1382346638071581,0.9943567789214136,10653765.0,256051,5.5,,,,,,,,
1d,S0,36,43,44,B_teacher,0,n13,256051,0.1390191797727796,0.2798765303752881,0.6941743594998642,0.6922989439484661,0.6938795312010044,0.9231493849821693,0.0,-0.1319413947453648,0.001875415551398,0.8630675561106295,0.5818464017117304,0.0117178095418795,0.1505922898659189,1.0832482979115186,10653765.0,256051,20.6,,,,,,,,
1d,S0,36,43,44,B,0,n13,256051,0.1390191797727796,0.3035000535895998,0.7527674972468401,0.7519882593349421,0.7527036140947524,0.9475328963579176,0.0,-0.0822034902394309,0.000779237911898,0.8278972962193044,0.5254210121541206,0.0079935118064265,0.1467169955862588,1.0553723293869302,10940164.0,256051,13.1,10653765.0,,,,,,,
1d,S0,36,43,44,B_nofresh,0,n13,256051,0.1390191797727796,0.3037820133991874,0.7534668387384712,0.752655599114785,0.7534648188587705,0.9463581117822636,0.0,-0.0836151756654235,0.0008112396236862,0.8276949953353351,0.5248263442953114,0.0089780456243158,0.1468991262841998,1.0566824414034062,10653765.0,256051,12.7,10653765.0,,,,,,,
1d,S0,36,43,44,C,0,n13,256051,0.1390191797727796,0.3040891530161061,0.7542286334004448,0.7542282161606062,0.7542137037257831,1.001271399601623,0.0,0.0019040256377244,4.172398385682286e-07,0.8266834493089075,0.5241754258325808,0.0086926785662235,0.1388426552761732,0.9987302148027708,10940164.0,256051,6.2,,0.0261785835027694,,,,,,
1d,S0,36,43,44,D,0,n13,256051,0.1390191797727796,0.3054535326579791,0.7576126876573054,0.757604448586275,0.7575420515404884,1.0056916842812738,3.905471956758614e-06,0.0084361981846297,8.23907103042476e-06,0.8245820448769022,0.5231736352325029,0.0113673909122893,0.1382324045685342,0.9943405276485494,,256051,11.3,,,10936834.0,10653765.0,0.0,,,
1d,S0,36,43,44,E,0,n13,256051,0.1390191797727796,0.3033181842217032,0.752316408862248,0.7522463217939832,0.752077085932299,1.0166561574323307,0.0,0.0247608589163809,7.008706826483468e-05,0.8274797994694794,0.527357695971377,0.0099508004173035,0.1367415903169138,0.9836167249757308,10653765.0,256051,6.6,,,,,,0.7009111272860455,3.5913870334625244,
7d,S0,36,43,44,oracle,0,n13,256051,0.1871697435276566,0.3708708870044601,0.7692933383492986,0.7692931050367904,0.769286180506231,1.0008657881028091,0.0,0.0013901109337395,2.333125082021326e-07,0.8166004029870935,0.5608686841672375,0.0079533514113186,0.1870078343695273,0.999134960837806,10940164.0,256051,5.9,,,,,,,,
7d,S0,36,43,44,A,0,n13,256051,0.1871697435276566,0.3737278794284011,0.7752195658221652,0.7748882075188641,0.77483420441326,1.0334001100894084,0.0,0.052605467564097,0.0003313583033011,0.8117300112596313,0.5571553689148147,0.009165970142667,0.1811203053882614,0.9676794014599835,8982007.0,256051,4.9,,,,,,,,
7d,S0,36,43,44,B_teacher,0,n13,256051,0.1871697435276566,0.3456704693915841,0.7170203935792425,0.7151478065027466,0.7163012867224036,0.929629569491808,0.0,-0.1284564510412257,0.0018725870764959,0.8497823515088977,0.6109306588362335,0.0151130185259717,0.2013379841499393,1.075697280742329,8982007.0,256051,17.5,,,,,,,,
7d,S0,36,43,44,B,0,n13,256051,0.1871697435276566,0.3705164279382865,0.7685580878675816,0.768148420016142,0.7684066167212268,0.9648787262530316,0.0,-0.0582251694144957,0.0004096678514395,0.8169841038320899,0.5615524213056406,0.007685702157565,0.1939826616910744,1.0363996767587125,10940164.0,256051,13.2,8982007.0,,,,,,,
7d,S0,36,43,44,B_nofresh,0,n13,256051,0.1871697435276566,0.3729482664308018,0.7736024232893881,0.7730935743293396,0.7733806510627115,0.9609213684039564,0.0,-0.0647649629219721,0.0005088489600485,0.8130321454033119,0.5583027766203139,0.0091955242518083,0.1947815395535812,1.0406678765620034,8982007.0,256051,10.8,8982007.0,,,,,,,
7d,S0,36,43,44,C,0,n13,256051,0.1871697435276566,0.3709419616981754,0.7694407677925801,0.7694331100621377,0.7694048933882955,1.0049680583279,0.0,0.0079758785038931,7.657730442423016e-06,0.8163410860353639,0.5609060475590593,0.008094119683532,0.1862444701367683,0.9950565012621736,10940164.0,256051,6.2,,0.17898790538311,,,,,,
7d,S0,36,43,44,D,0,n13,256051,0.1871697435276566,0.374410165948399,0.7766348251295737,0.7766329222875421,0.7766480210282761,1.0024950401825368,3.905471956758614e-05,0.0039383688316999,1.9028420316091756e-06,0.8126621648794459,0.557059313412624,0.0148179488337851,0.1867039097705424,0.997511169549445,,256051,5.2,,,10936834.0,10653765.0,2.7338304789736867e-05,,,8982007.0
7d,S0,36,43,44,E,0,n13,256051,0.1871697435276566,0.3715709030105091,0.7707453737315877,0.7697440674325235,0.7696163574199003,1.059414794551427,0.0,0.0913319524370181,0.0010013062990641,0.8165488406362482,0.5614758609823512,0.0153100738545838,0.1766727673525715,0.9439173448804026,8982007.0,256051,7.6,,,,,,0.7306140596134999,5.402430534362793,
1d,S1,64,43,44,oracle,0,n13,256051,0.1390191797727796,0.2986256663722443,0.7406776138256584,0.7405666974757746,0.7407657094468372,0.9798592783201192,0.0,-0.0313847047781728,0.0001109163498838,0.8343131982098877,0.5381214717912461,0.0066885503314156,0.1418766784666422,1.0205547083397633,10940164.0,256051,5.8,,,,,,,,
1d,S1,64,43,44,A,0,n13,256051,0.1390191797727796,0.2988576210638182,0.7412529282303367,0.7412525418604832,0.7412645107717784,0.998791309343452,0.0,-0.0018505670299171,3.863698535555571e-07,0.8339268519189449,0.5377421344748818,0.0073463106901434,0.139187414299953,1.0012101533576043,10653765.0,256051,5.8,,,,,,,,
1d,S1,64,43,44,B_teacher,0,n13,256051,0.1390191797727796,0.2798765303752881,0.6941743594998642,0.6922989439484661,0.6938795312010044,0.9231493849821693,0.0,-0.1319413947453648,0.001875415551398,0.8630675561106295,0.5818464017117304,0.0117178095418795,0.1505922898659189,1.0832482979115186,10653765.0,256051,0.0,,,,,,,,
1d,S1,64,43,44,B,0,n13,256051,0.1390191797727796,0.2980343542703225,0.7392109896000912,0.7383338482477739,0.7391218074581621,0.94487883898263,0.0,-0.0878556605970115,0.0008771413523173,0.8366901316189862,0.5385314519779996,0.00854486813438,0.1471291069683223,1.0583367504311134,10940164.0,256051,13.4,10653765.0,,,,,,,
1d,S1,64,43,44,B_nofresh,0,n13,256051,0.1390191797727796,0.2982535183445604,0.7397545795919189,0.7386983108059639,0.7395644606387487,0.9397791999020896,0.0,-0.0963835966364711,0.0010562687859549,0.8362855167892572,0.5382550400795627,0.0089083119053329,0.1479274916781125,1.0640797328821328,10653765.0,256051,12.7,10653765.0,,,,,,,
1d,S1,64,43,44,C,0,n13,256051,0.1390191797727796,0.2986153550136829,0.7406520386882386,0.7405220353935061,0.7407311125427257,0.9782338109987336,0.0,-0.0339893190833999,0.0001300032947324,0.8342999193387923,0.5381821007054796,0.0066018709350649,0.1421124256897716,1.0222504975360074,10940164.0,256051,6.0,,0.0261785835027694,,,,,,
1d,S1,64,43,44,D,0,n13,256051,0.1390191797727796,0.298987677256652,0.7415755050260343,0.7414307752363267,0.7416485683473263,0.9769524859884456,0.0,-0.0356970759688785,0.0001447297897075,0.8345554553658879,0.5393813581686828,0.0092669412044781,0.1422988136747766,1.0235912332913877,,256051,11.7,,,10936834.0,10653765.0,2.3432832676917315e-05,,,
1d,S1,64,43,44,E,0,n13,256051,0.1390191797727796,0.2985772946678472,0.7405576380746631,0.7403550859553816,0.7406693010658116,0.9729056281151194,0.0,-0.0423411877749186,0.0002025521192815,0.8341928210671383,0.539058085731795,0.0069262571162128,0.1428907139144745,1.0278489209044586,10653765.0,256051,6.1,,,,,,0.7009111272860455,3.5913870334625244,
7d,S1,64,43,44,oracle,0,n13,256051,0.1871697435276566,0.366024399511021,0.75924032347609,0.7592377108376435,0.7592267056808245,1.0028765027784543,0.0,0.0046914697873819,2.612638446586324e-06,0.8230351080262057,0.5700033128220672,0.0060652768587122,0.1866328934909788,0.9971317477570918,10940164.0,256051,5.7,,,,,,,,
7d,S1,64,43,44,A,0,n13,256051,0.1871697435276566,0.3690425788650782,0.7655008991976664,0.7651964712685683,0.7651863158042403,1.0317457636713596,0.0,0.0507788430986181,0.0003044279290981,0.8182247824365012,0.5666017488022347,0.0079114942556483,0.1814107216312986,0.9692310210624024,8982007.0,256051,5.2,,,,,,,,
7d,S1,64,43,44,B_teacher,0,n13,256051,0.1871697435276566,0.3456704693915841,0.7170203935792425,0.7151478065027466,0.7163012867224036,0.929629569491808,0.0,-0.1284564510412257,0.0018725870764959,0.8497823515088977,0.6109306588362335,0.0151130185259717,0.2013379841499393,1.075697280742329,8982007.0,256051,0.0,,,,,,,,
7d,S1,64,43,44,B,0,n13,256051,0.1871697435276566,0.3649455119837523,0.7570023991292649,0.7565237146120974,0.7568089293463215,0.9623457285180356,0.0,-0.0633080017232004,0.0004786845171674,0.8252217070403427,0.572069420818747,0.0086327090878734,0.1944932449753673,1.039127592471315,10940164.0,256051,13.5,8982007.0,,,,,,,
7d,S1,64,43,44,B_nofresh,0,n13,256051,0.1871697435276566,0.3683033651511348,0.7639675564477237,0.7627284437806002,0.7631143381464367,0.940544874933604,0.0,-0.1017170584188628,0.0012391126671235,0.8204933097211772,0.5669718823749,0.0118316529138151,0.1990013964414717,1.0632134910847215,8982007.0,256051,10.7,8982007.0,,,,,,,
7d,S1,64,43,44,C,0,n13,256051,0.1871697435276566,0.3661536890458599,0.7595085073140644,0.7594979135553327,0.7594944200157288,1.0057936567659844,0.0,0.0094681812659072,1.0593758731691771e-05,0.8226750441507307,0.5702079950390584,0.0060475738075639,0.1860915927124453,0.994239716340414,10940164.0,256051,6.6,,0.17898790538311,,,,,,
7d,S1,64,43,44,D,0,n13,256051,0.1871697435276566,0.3677085878766087,0.7627338165907342,0.762678616374814,0.7618430132021586,0.9868809717706134,0.0,-0.0214250043498094,5.520021592020363e-05,0.8220640615907148,0.5715369679096194,0.0129395108887431,0.1896578704844677,1.0132934250478547,,256051,5.0,,,10936834.0,10653765.0,0.0006131591508165,,,8982007.0
7d,S1,64,43,44,E,0,n13,256051,0.1871697435276566,0.367475665983731,0.7622506693100355,0.7618475134928461,0.7617194866713142,1.0368676465342952,0.0,0.0581552745215357,0.0004031558171894,0.8214618022785853,0.5696947584081169,0.0114857512737229,0.1805145952362067,0.9644432472577148,8982007.0,256051,5.3,,,,,,0.7306140596134999,5.402430534362793,
1d,S2,160,43,44,oracle,0,n13,256051,0.1390191797727796,0.2929769379815785,0.7266671413958294,0.7265344796105575,0.7267509993306296,0.9782280171038364,0.0,-0.0346695791562017,0.0001326617852719,0.8425218101763806,0.550928969024139,0.0072331739069757,0.1421132673999288,1.0222565521693217,10940164.0,256051,5.9,,,,,,,,
1d,S2,160,43,44,A,0,n13,256051,0.1390191797727796,0.2933662753436546,0.7276328101269166,0.7273971335788205,0.7277162264512619,0.9711341015257484,0.0,-0.0461646229754361,0.000235676548096,0.8417105365059983,0.5503166190339932,0.0075962197648835,0.1431513727654776,1.0297239057189944,10653765.0,256051,6.1,,,,,,,,
1d,S2,160,43,44,B_teacher,0,n13,256051,0.1390191797727796,0.2798765303752881,0.6941743594998642,0.6922989439484661,0.6938795312010044,0.9231493849821693,0.0,-0.1319413947453648,0.001875415551398,0.8630675561106295,0.5818464017117304,0.0117178095418795,0.1505922898659189,1.0832482979115186,10653765.0,256051,0.1,,,,,,,,
1d,S2,160,43,44,B,0,n13,256051,0.1390191797727796,0.2925920465237914,0.72571249978716,0.7236736665650164,0.7251925621216051,0.9184070788105946,0.0,-0.1345534710427405,0.0020388332221435,0.8450875173606168,0.5529162442953964,0.0132202700527017,0.1513698913915382,1.088841781680379,10940164.0,256051,13.5,10653765.0,,,,,,,
1d,S2,160,43,44,B_nofresh,0,n13,256051,0.1390191797727796,0.2928161837970696,0.7262684247441734,0.7241275103262302,0.7256864664567009,0.916514620453181,0.0,-0.1378404717417047,0.0021409144179431,0.8447604547775468,0.5525771341988841,0.0132735133172158,0.1516824463793496,1.0910900684874385,10653765.0,256051,13.0,10653765.0,,,,,,,
1d,S2,160,43,44,C,0,n13,256051,0.1390191797727796,0.2929696639501618,0.7266490997040418,0.7265065228716518,0.7267212428224379,0.9774557705317668,0.0,-0.0359598067947978,0.0001425768323899,0.8424936760990812,0.5509420727588598,0.0071348561735882,0.1422255450977069,1.023064193949122,10940164.0,256051,6.3,,0.0261785835027694,,,,,,
1d,S2,160,43,44,D,0,n13,256051,0.1390191797727796,0.2942818059892755,0.729903589669146,0.7297422094967783,0.7299025101554948,0.975921499371843,0.0,-0.0380632412125047,0.0001613801723677,0.8407439327874769,0.5511389364018071,0.0082226877508694,0.1424491415162593,1.024672579345424,,256051,11.2,,,10936834.0,10653765.0,1.1716416338458656e-05,,,
1d,S2,160,43,44,E,0,n13,256051,0.1390191797727796,0.2930889694486173,0.726945011683028,0.7263747292186487,0.726931347178219,0.9556549195934542,0.0,-0.0717039890717742,0.0005702824643794,0.8421147131604425,0.5518078011296788,0.0086776767900092,0.1454700613396307,1.0464028170601694,10653765.0,256051,5.9,,,,,,0.7009111272860455,3.5913870334625244,
7d,S2,160,43,44,oracle,0,n13,256051,0.1871697435276566,0.3589997155634704,0.7446691000281979,0.7446531543953062,0.7447017824884992,0.9930037630930568,0.0,-0.0116675022706275,1.594563289164519e-05,0.8325300319284638,0.5822842505514114,0.0055229702897856,0.1884884534018794,1.007045529097645,10940164.0,256051,5.9,,,,,,,,
7d,S2,160,43,44,A,0,n13,256051,0.1871697435276566,0.3622676869774807,0.7514478166296007,0.751375804980806,0.7514705413013845,0.9852193207421404,0.0,-0.0247684347634796,7.201164879466759e-05,0.827382658395344,0.5774686688076442,0.0051825653550257,0.1899777436222692,1.0150024252942236,8982007.0,256051,4.9,,,,,,,,
7d,S2,160,43,44,B_teacher,0,n13,256051,0.1871697435276566,0.3456704693915841,0.7170203935792425,0.7151478065027466,0.7163012867224036,0.929629569491808,0.0,-0.1284564510412257,0.0018725870764959,0.8497823515088977,0.6109306588362335,0.0151130185259717,0.2013379841499393,1.075697280742329,8982007.0,256051,0.0,,,,,,,,
7d,S2,160,43,44,B,0,n13,256051,0.1871697435276566,0.3590709481750071,0.7448168570386525,0.7431791974765486,0.7439356356048157,0.932616070668294,0.0,-0.1177015773458997,0.0016376595621039,0.8334476711974931,0.5832201607278716,0.0136332737981427,0.2006932428191319,1.0722525929490148,10940164.0,256051,13.2,8982007.0,,,,,,,
7d,S2,160,43,44,B_nofresh,0,n13,256051,0.1871697435276566,0.3615458943356176,0.7499506102148837,0.7484527071674155,0.749113774834686,0.9352647123390282,0.0,-0.1123483064469957,0.0014979030474682,0.8299536960403651,0.578563004719607,0.0129551420350188,0.2001248855626754,1.0692160057007536,8982007.0,256051,10.8,8982007.0,,,,,,,
7d,S2,160,43,44,C,0,n13,256051,0.1871697435276566,0.3591105454735463,0.7448989932727174,0.7448849803366474,0.7449040556257014,0.9934607296643536,0.0,-0.0109743476876702,1.4012936069951463e-05,0.832169628184235,0.5822214956073294,0.0041658582944493,0.1884017535256707,1.0065823138654464,10940164.0,256051,6.2,,0.17898790538311,,,,,,
7d,S2,160,43,44,D,0,n13,256051,0.1871697435276566,0.3633442385554054,0.7536808955427937,0.753620502280503,0.7526928075800051,0.9863778260073612,0.0,-0.0225646072803667,6.039326229068109e-05,0.8281887429142566,0.5795817668945477,0.0145783128842244,0.189754613894027,1.0138103003063017,,256051,4.6,,,10936834.0,10653765.0,0.0003319651295896,,,8982007.0
7d,S2,160,43,44,E,0,n13,256051,0.1871697435276566,0.3614751808470773,0.7498039300154622,0.7496425488450118,0.7498787594141715,0.9778920203901056,0.0,-0.0368669131072798,0.0001613811704503,0.8286639269535627,0.5797323313356125,0.0080067902611315,0.1914012381990701,1.022607792219303,8982007.0,256051,4.9,,,,,,0.7306140596134999,5.402430534362793,
1d,S3,896,43,44,oracle,0,n13,256051,0.1390191797727796,0.2847547843130012,0.7062738335005918,0.7058415146136746,0.7063594198363875,0.96170376975671,0.0,-0.0632761802632637,0.0004323188869171,0.8551410783731158,0.5690131595194539,0.0074079109713356,0.1445550949726946,1.0398212333648005,10940164.0,256051,5.8,,,,,,,,
1d,S3,896,43,44,A,0,n13,256051,0.1390191797727796,0.2850298891835169,0.7069561727700886,0.7065124666570759,0.7069972670045541,0.9612689326396662,0.0,-0.0641885870026788,0.0004437061130126,0.8546025522830406,0.5684150655693935,0.0067770362737654,0.14462048553991,1.040291604196525,10653765.0,256051,5.6,,,,,,,,
1d,S3,896,43,44,B_teacher,0,n13,256051,0.1390191797727796,0.2798765303752881,0.6941743594998642,0.6922989439484661,0.6938795312010044,0.9231493849821693,0.0,-0.1319413947453648,0.001875415551398,0.8630675561106295,0.5818464017117304,0.0117178095418795,0.1505922898659189,1.0832482979115186,10653765.0,256051,0.0,,,,,,,,
1d,S3,896,43,44,B,0,n13,256051,0.1390191797727796,0.2842015861778071,0.7049017428838477,0.7023767681226659,0.704153549977473,0.9112111221306628,0.0,-0.1520355695087227,0.0025249747611817,0.8573605000327641,0.5721912641992258,0.0135460999921495,0.1525652797649292,1.0974405115487664,10940164.0,256051,12.9,10653765.0,,,,,,,
1d,S3,896,43,44,B_nofresh,0,n13,256051,0.1390191797727796,0.2840893298446155,0.7046233148638611,0.7024368567115133,0.7040142805280863,0.9170327948039212,0.0,-0.1416772445041611,0.0021864581523477,0.8573678434351043,0.5718952318238908,0.012577557618171,0.1515967373909507,1.0904735421308662,10653765.0,256051,12.8,10653765.0,,,,,,,
1d,S3,896,43,44,C,0,n13,256051,0.1390191797727796,0.2847489902035793,0.7062594624413556,0.7058194740774779,0.7063212655738891,0.9614046202740728,0.0,-0.0638825984541183,0.0004399883638777,0.8551010116174521,0.5690520219029955,0.0070750269483201,0.1446000745587728,1.040144782864601,10940164.0,256051,6.1,,0.0261785835027694,,,,,,
1d,S3,896,43,44,D,0,n13,256051,0.1390191797727796,0.2852467449474397,0.7074940374878735,0.7074663658596901,0.7075720667220664,0.9900646469954858,0.0,-0.0160133541541643,2.767162818340108e-05,0.8544228969119989,0.5685645226379884,0.0063754174735596,0.1404142448623493,1.0100350548165362,,256051,11.5,,,10936834.0,10653765.0,0.0,,,
1d,S3,896,43,44,E,0,n13,256051,0.1390191797727796,0.2848182468023459,0.7064312387422319,0.7062008441309555,0.7064553314410431,0.971946578999083,0.0,-0.0464639703890208,0.0002303946112763,0.8546139748506986,0.5687856224949035,0.0051219610165281,0.143031708508036,1.0288631305537457,10653765.0,256051,5.6,,,,,,0.7009111272860455,3.5913870334625244,
7d,S3,896,43,44,oracle,0,n13,256051,0.1871697435276566,0.3499539145604389,0.7259054960476519,0.7256866622108522,0.7259864780936182,0.9747916067470632,0.0,-0.0437134900598782,0.0002188338367996,0.84383544550485,0.5989385276677006,0.0066687332277696,0.1920100073001787,1.0258602896028808,10940164.0,256051,5.9,,,,,,,,
7d,S3,896,43,44,A,0,n13,256051,0.1871697435276566,0.3520586990494905,0.7302714270032107,0.7302701590738852,0.7302647613095695,1.0019525430009426,0.0,0.0033514273746391,1.267929325532435e-06,0.8405579872964378,0.5955396348802082,0.003884737838132,0.1868049987348358,0.998051261993812,8982007.0,256051,4.8,,,,,,,,
7d,S3,896,43,44,B_teacher,0,n13,256051,0.1871697435276566,0.3456704693915841,0.7170203935792425,0.7151478065027466,0.7163012867224036,0.929629569491808,0.0,-0.1284564510412257,0.0018725870764959,0.8497823515088977,0.6109306588362335,0.0151130185259717,0.2013379841499393,1.075697280742329,8982007.0,256051,0.0,,,,,,,,
7d,S3,896,43,44,B,0,n13,256051,0.1871697435276566,0.3502487517943779,0.7265170736287304,0.7249007710770834,0.7257003784636616,0.934105976956734,0.0,-0.1189266811181036,0.001616302551647,0.8440052862424021,0.6005584229886993,0.0135178977444258,0.2003731355380525,1.0705423417350837,10940164.0,256051,13.1,8982007.0,,,,,,,
7d,S3,896,43,44,B_nofresh,0,n13,256051,0.1871697435276566,0.3514458365318932,0.7290001731285277,0.72690121263488,0.7279206605036536,0.925332563367904,0.0,-0.1351531532932969,0.0020989604936477,0.8427821284737876,0.5988721595123505,0.0152531663391601,0.2022729458978734,1.0806925418903788,8982007.0,256051,10.8,8982007.0,,,,,,,
7d,S3,896,43,44,C,0,n13,256051,0.1871697435276566,0.3503311230993664,0.7266879355065947,0.7265135315828861,0.7266770480762206,0.9775350385410698,0.0,-0.0391917332698285,0.0001744039237085,0.8431803572542937,0.5982143368832686,0.0045090181701775,0.1914711352004319,1.0229812339949045,10940164.0,256051,6.4,,0.17898790538311,,,,,,
7d,S3,896,43,44,D,0,n13,256051,0.1871697435276566,0.3513699373901841,0.7288427363866608,0.7288424284748659,0.7288580332360498,1.0009691082484031,6.639302326489645e-05,0.0016387225189059,3.07911794839022e-07,0.8422678876496762,0.5970483282751273,0.0069704022007462,0.1869885313995205,0.999031830013117,,256051,4.8,,,10936834.0,10653765.0,6.248755380511284e-05,,,8982007.0
7d,S3,896,43,44,E,0,n13,256051,0.1871697435276566,0.3516809263721434,0.7294878173582455,0.7293924026426214,0.7293622771694664,1.0171749424702792,0.0,0.0290544038103021,9.54147156241314e-05,0.8411889065675782,0.5962959734885067,0.0047315465044227,0.1840093927924552,0.983115055480458,8982007.0,256051,4.8,,,,,,0.7306140596134999,5.402430534362793,
1d,S4,131072,43,44,oracle,0,n13,256051,0.1390191797727796,0.2809775462358005,0.6969051957680769,0.6966814909409075,0.6970568020472299,0.9723298461879346,0.0,-0.045753125705729,0.0002237048271693,0.860922361994085,0.5764017390272698,0.0068271868914075,0.1429753291208852,1.0284575794115007,10940164.0,256051,5.9,,,,,,,,
1d,S4,131072,43,44,A,0,n13,256051,0.1390191797727796,0.2815599713964339,0.6983497778210884,0.6981351401129579,0.6984765186994331,0.972913182678749,0.0,-0.044867715833296,0.0002146377081305,0.8598316218857898,0.5754259743910672,0.0062899728290001,0.1428896043838302,1.0278409397708768,10653765.0,256051,5.8,,,,,,,,
1d,S4,131072,43,44,B_teacher,0,n13,256051,0.1390191797727796,0.2798765303752881,0.6941743594998642,0.6922989439484661,0.6938795312010044,0.9231493849821693,0.0,-0.1319413947453648,0.001875415551398,0.8630675561106295,0.5818464017117304,0.0117178095418795,0.1505922898659189,1.0832482979115186,10653765.0,256051,0.0,,,,,,,,
1d,S4,131072,43,44,B,0,n13,256051,0.1390191797727796,0.2817522940669038,0.6988267934051096,0.69664211613856,0.6983181772209683,0.9172442636419584,0.0,-0.141931658271615,0.0021846772665495,0.8608836023732129,0.5767047266431058,0.0125426072923123,0.151561787065092,1.0902221356277075,10940164.0,256051,13.2,10653765.0,,,,,,,
1d,S4,131072,43,44,B_nofresh,0,n13,256051,0.1390191797727796,0.2817311772881621,0.6987744177152364,0.6967851834013461,0.6983195021288718,0.9208670753864648,0.0,-0.1356193609656633,0.0019892343138903,0.8607696311785413,0.5765694787122121,0.012099077672886,0.1509655231342013,1.0859330588840146,10653765.0,256051,12.8,10653765.0,,,,,,,
1d,S4,131072,43,44,C,0,n13,256051,0.1390191797727796,0.2811187221181181,0.6972553525945647,0.6970464880069407,0.6973852061432644,0.973268928708474,0.0,-0.0442562878054738,0.000208864587624,0.8606649688352432,0.5760795364712097,0.006305845607569,0.1428373758497128,1.027465246760726,10940164.0,256051,6.5,,0.0261785835027694,,,,,,
1d,S4,131072,43,44,D,0,n13,256051,0.1390191797727796,0.2813526295136149,0.6978355102670696,0.6978348677727564,0.6978161955898535,1.0015231864425218,0.0,0.0024509843600842,6.424943131966288e-07,0.8604474400061703,0.576824013164925,0.0065421130298118,0.1388077496903343,0.9984791301258512,,256051,11.5,,,10936834.0,10653765.0,0.0,,,
1d,S4,131072,43,44,E,0,n13,256051,0.1390191797727796,0.2817534077070624,0.698829555553271,0.6985385024789318,0.6989234040238524,0.9685840138977686,0.0,-0.0522538200361585,0.0002910530743391,0.8595374941296172,0.5750740214018599,0.0062130391407774,0.1435282616459254,1.0324349624311964,10653765.0,256051,6.0,,,,,,0.7009111272860455,3.5913870334625244,
7d,S4,131072,43,44,oracle,0,n13,256051,0.1871697435276566,0.3443900456141284,0.7143644248397798,0.7141234805198319,0.7144972739071279,0.9736727545099054,0.0,-0.0460369146138743,0.0002409443199479,0.8506193946124416,0.6084724938080102,0.0081021346187735,0.1922306469609163,1.0270391107979049,10940164.0,256051,6.4,,,,,,,,
7d,S4,131072,43,44,A,0,n13,256051,0.1871697435276566,0.3464307226750421,0.718597378473221,0.7185942446872323,0.7186120495203728,0.9969561049290622,0.0,-0.0052887403020568,3.1337859887070607e-06,0.8474996003158493,0.6060314327179425,0.0036558073928637,0.1877412080654991,1.003053188656841,8982007.0,256051,4.9,,,,,,,,
7d,S4,131072,43,44,B_teacher,0,n13,256051,0.1871697435276566,0.3456704693915841,0.7170203935792425,0.7151478065027466,0.7163012867224036,0.929629569491808,0.0,-0.1284564510412257,0.0018725870764959,0.8497823515088977,0.6109306588362335,0.0151130185259717,0.2013379841499393,1.075697280742329,8982007.0,256051,0.0,,,,,,,,
7d,S4,131072,43,44,B,0,n13,256051,0.1871697435276566,0.3473471275540589,0.7204982668776807,0.7183623464326951,0.7195393039815181,0.9250384903672152,0.0,-0.1369439658134811,0.0021359204449855,0.8476022037851945,0.6070635259224256,0.0156868269728455,0.2023372491812262,1.0810360978633733,10940164.0,256051,13.2,8982007.0,,,,,,,
7d,S4,131072,43,44,B_nofresh,0,n13,256051,0.1871697435276566,0.3473329510684552,0.7204688607519418,0.7185925766455437,0.7195928743713337,0.9295286437850272,0.0,-0.1285173390920334,0.0018762841063981,0.8474902390370633,0.6065168054589831,0.014536000871043,0.2013598448838586,1.075814077044484,8982007.0,256051,10.9,8982007.0,,,,,,,
7d,S4,131072,43,44,C,0,n13,256051,0.1871697435276566,0.3450128311429112,0.7156562619057265,0.7155033741750897,0.7156779550057598,0.9790390911341654,0.0,-0.0368720044357798,0.0001528877306368,0.8496578578851438,0.6075625823619233,0.0050519323001967,0.1911769869278971,1.0214096751147623,10940164.0,256051,6.7,,0.17898790538311,,,,,,
7d,S4,131072,43,44,D,0,n13,256051,0.1871697435276566,0.3463101475143957,0.7183472707642959,0.7183472100368483,0.7183515229220424,0.9995709313010336,0.0,-0.0007282836925229,6.072744762608552e-08,0.8484979303421545,0.6063415564721769,0.0084399863228472,0.1872500866787292,1.0004292528779402,,256051,5.3,,,10936834.0,10653765.0,7.810944225639105e-06,,,8982007.0
7d,S4,131072,43,44,E,0,n13,256051,0.1871697435276566,0.3467633207651857,0.7192872829765423,0.7192386649859741,0.719351779699901,0.9880377969452064,0.0,-0.0207137480631422,4.861799056821159e-05,0.8472932822369235,0.6053950043222929,0.0052215775074909,0.189435813190896,1.0121070298036956,8982007.0,256051,4.8,,,,,,0.7306140596134999,5.402430534362793,
1d,S0,36,44,45,oracle,0,n13,287847,0.1437187116766893,0.3132266415136667,0.7608922696579096,0.7606494252780329,0.7604372955210139,1.0310304106130268,0.0,0.0460397248593751,0.0002428443798766,0.8212382115287452,0.5246192305409829,0.00953414128406,0.1393932809326521,0.9699034962561612,11210186.0,287847,6.1,,,,,,,,
1d,S0,36,44,45,A,0,n13,287847,0.1437187116766893,0.3134618926569991,0.7614637433215955,0.7612737956332859,0.7611078467990942,1.0273364116497563,0.0,0.040750476375846,0.0001899476883095,0.8207163669985517,0.5238550901680241,0.0086486452714785,0.1398944980893819,0.9733909833821056,10940164.0,287847,5.7,,,,,,,,
1d,S0,36,44,45,B_teacher,0,n13,287847,0.1437187116766893,0.2885920955445,0.7010498644784208,0.6993759030156788,0.6996610941761222,1.081558050300386,0.0002466588152733,0.1259417309310503,0.001673961462742,0.8581952564406516,0.5818089073632229,0.0109809476643947,0.1328811815850047,0.9245920731876254,10940164.0,287847,21.2,,,,,,,,
1d,S0,36,44,45,B,0,n13,287847,0.1437187116766893,0.3131694947637576,0.7607534483876889,0.7581899999887595,0.7581397579021761,1.1064313823828276,0.0001563330519338,0.1506485029871253,0.0025634483989294,0.8229790893567106,0.5278747017251769,0.0158421724418601,0.1298939219955733,0.9038066127936328,11210186.0,287847,14.1,10940164.0,,,,,,,
1d,S0,36,44,45,B_nofresh,0,n13,287847,0.1437187116766893,0.313339462251569,0.7611663345551744,0.7586544672734844,0.7585270803719347,1.105344612594629,0.0001042220346225,0.1490120532542406,0.0025118672816899,0.8227122154207418,0.5274743146239729,0.0157856853197959,0.1300216331080055,0.9046952313384434,10940164.0,287847,12.9,10940164.0,,,,,,,
1d,S0,36,44,45,C,0,n13,287847,0.1437187116766893,0.3132150034899089,0.7608639984921217,0.7606371606167794,0.7604402585974257,1.029954783623478,0.0,0.0445089264832,0.0002268378753422,0.8212025870226485,0.524643022127517,0.0093634430421997,0.1395388554544825,0.9709164090504108,11210186.0,287847,6.4,,0.0240871105343103,,,,,,
1d,S0,36,44,45,D,0,n13,287847,0.1437187116766893,0.3141101380794721,0.7630384654729974,0.7630142219282774,0.7629517706150768,1.0096632388556166,3.4740678207519968e-06,0.0144942392541517,2.42435447199707e-05,0.8196621658515267,0.5240634958166551,0.0094997072950253,0.1423432151888431,0.9904292456298904,,287847,12.1,,,11206329.0,10940164.0,3.4740678529487923e-06,,,
1d,S0,36,44,45,E,0,n13,287847,0.1437187116766893,0.3122425261999285,0.7585016501018694,0.7583563621686816,0.758209142058731,1.023820277208178,0.0,0.0356637983342025,0.0001452879331877,0.8220271876311095,0.5276381425142311,0.00785464458265,0.1403749416534229,0.9767339270978956,10940164.0,287847,6.7,,,,,,0.6975205363776117,3.215850114822388,
7d,S0,36,44,45,oracle,0,n13,287847,0.1925571571008209,0.3797490624025617,0.7751409395958807,0.7749812946155339,0.7749432607035615,1.0227723340034505,0.0,0.0363883281356587,0.0001596449803468,0.8121698782094408,0.5611698103543269,0.0081263221069109,0.1882698140133415,0.9777346988705564,11210186.0,287847,5.6,,,,,,,,
7d,S0,36,44,45,A,0,n13,287847,0.1925571571008209,0.3822872339475923,0.7803218363275886,0.7792318967522851,0.7796199298757385,1.0610843015264306,0.0,0.0956593816219781,0.0010899395753034,0.8086225485199652,0.558574933667678,0.0124463570983577,0.1814720628924736,0.9424321880565404,9246828.0,287847,4.8,,,,,,,,
7d,S0,36,44,45,B_teacher,0,n13,287847,0.1925571571008209,0.3531485215741145,0.7208441150531955,0.7208332699227256,0.7208213819938488,0.9944459769378584,0.0,-0.0098865771935393,1.0845130469894215e-05,0.845934560963192,0.6121854295741229,0.0052382038998732,0.1936325970101979,1.0055850425170845,9246828.0,287847,18.0,,,,,,,,
7d,S0,36,44,45,B,0,n13,287847,0.1925571571008209,0.3792765636049495,0.7741764785920224,0.7737027046843835,0.7743324401091466,1.0392482332320927,3.4740678207519968e-06,0.063539940506156,0.0004737739076389,0.8130211829923173,0.5617262582317352,0.008846060783332,0.1852850463858499,0.9622340149571104,11210186.0,287847,13.5,9246828.0,,,,,,,
7d,S0,36,44,45,B_nofresh,0,n13,287847,0.1925571571008209,0.3811304570322982,0.7779606319592329,0.7776599997394108,0.7780460668607642,1.031167028687302,0.0,0.0504254691544298,0.0003006322198221,0.8098900687660139,0.5590406316112224,0.0079723601118786,0.1867371160479697,0.9697749949133088,9246828.0,287847,11.1,9246828.0,,,,,,,
7d,S0,36,44,45,C,0,n13,287847,0.1925571571008209,0.3798689604145413,0.7753856745191839,0.7751943828724926,0.7752283943686805,1.024915779360747,0.0,0.0399234710494085,0.0001912916466912,0.8118137383846502,0.561263609336643,0.0080823276579352,0.1878760781894891,0.9756899251016632,11210186.0,287847,6.4,,0.1751404404640197,,,,,,
7d,S0,36,44,45,D,0,n13,287847,0.1925571571008209,0.3827977674264455,0.7813639334376901,0.7813434328228295,0.7814192269373101,1.0081112702869204,0.0001042220346225,0.0129530603036125,2.0500614860585745e-05,0.8083079147306751,0.5583532104298977,0.0126143573254864,0.1910078408765501,0.9919539930501802,,287847,5.1,,,11206329.0,10940164.0,6.600729102501646e-05,,,9246828.0
7d,S0,36,44,45,E,0,n13,287847,0.1925571571008209,0.3807410126142387,0.7771657009323459,0.775542953867225,0.7760785046169926,1.0755460337358194,0.0,0.1165280684410667,0.0016227470651208,0.8114870067575763,0.5616088114581218,0.0156799951488776,0.1790319996178961,0.9297602972199932,9246828.0,287847,7.2,,,,,,0.7312534549730002,5.915994644165039,
1d,S1,64,44,45,oracle,0,n13,287847,0.1437187116766893,0.308660133504369,0.7497992776096776,0.7497709307871628,0.7497591827492862,1.0102966214243134,0.0,0.0159134874019493,2.834682251473541e-05,0.8269772219573429,0.5358511397358844,0.0055240346383825,0.1422539763362517,0.9898083184621588,11210186.0,287847,6.1,,,,,,,,
1d,S1,64,44,45,A,0,n13,287847,0.1437187116766893,0.3089400614144801,0.7504792803764784,0.7504760815796352,0.7504692637719909,1.0034422901389235,0.0,0.005340826793392,3.198796843184581e-06,0.8265294189039036,0.5350615222580302,0.0048789524595644,0.1432256873056366,0.9965695185734628,10940164.0,287847,5.8,,,,,,,,
1d,S1,64,44,45,B_teacher,0,n13,287847,0.1437187116766893,0.2885920955445,0.7010498644784208,0.6993759030156788,0.6996610941761222,1.081558050300386,0.0002466588152733,0.1259417309310503,0.001673961462742,0.8581952564406516,0.5818089073632229,0.0109809476643947,0.1328811815850047,0.9245920731876254,10940164.0,287847,0.0,,,,,,,,
1d,S1,64,44,45,B,0,n13,287847,0.1437187116766893,0.3083443786433577,0.7490322437721681,0.746667383842846,0.7478399858348267,1.1010984046692032,0.0005627989869618,0.1457107088188133,0.0023648599293221,0.8302697652025911,0.5385147973810216,0.0144426292663008,0.1305230405086872,0.9081840421886944,11210186.0,287847,13.3,10940164.0,,,,,,,
1d,S1,64,44,45,B_nofresh,0,n13,287847,0.1437187116766893,0.3083182104336162,0.7489686757806114,0.7470676309890744,0.7477809816982351,1.089903802591215,0.0003439327142544,0.1305521619724511,0.001901044791537,0.8298710098740548,0.5380939212312499,0.0131859309611346,0.1318636666236067,0.9175121672413,10940164.0,287847,13.2,10940164.0,,,,,,,
1d,S1,64,44,45,C,0,n13,287847,0.1437187116766893,0.3086577387702836,0.7497934603054897,0.7497687020079642,0.7497612299744207,1.009613986955164,0.0,0.0148771746855296,2.4758297525462325e-05,0.8269511390624223,0.5358626594353112,0.0052795736159756,0.142350159103998,0.9904775616429818,11210186.0,287847,6.5,,0.0240871105343103,,,,,,
1d,S1,64,44,45,D,0,n13,287847,0.1437187116766893,0.3090052142072352,0.7506375499799656,0.7506303358703286,0.7505514248871898,0.9948556889884058,0.0,-0.0079993426188001,7.214109636999311e-06,0.8269798498564119,0.5360584553503127,0.0064586099323746,0.1444618684573499,1.0051709117900558,,287847,11.8,,,11206329.0,10940164.0,5.211101961322129e-05,,,
1d,S1,64,44,45,E,0,n13,287847,0.1437187116766893,0.3086439835627515,0.749760046062601,0.7497598285153882,0.7497566009063964,1.0008977250396651,0.0,0.0013908744500244,2.175472127996514e-07,0.8267747686934871,0.5368233361338786,0.0053390496751503,0.1435898075110459,0.9991030801477444,10940164.0,287847,6.0,,,,,,0.6975205363776117,3.215850114822388,
7d,S1,64,44,45,oracle,0,n13,287847,0.1925571571008209,0.3754608635983241,0.7663879003407976,0.7660820699363676,0.7662800197074023,1.0314574145389346,3.4740678207519968e-06,0.0508413295255959,0.0003058304044299,0.8179388905729941,0.5691576927024204,0.0070774077069656,0.1866845440118288,0.969501974492087,11210186.0,287847,6.0,,,,,,,,
7d,S1,64,44,45,A,0,n13,287847,0.1925571571008209,0.3779412267971021,0.7714507991094631,0.770648341309259,0.7711969373423385,1.0517561322409676,4.863694949052796e-05,0.0824828941468844,0.0008024578002041,0.8141560835390682,0.5663182721788131,0.0103761431376054,0.1830815634899518,0.95079074829762,9246828.0,287847,4.9,,,,,,,,
7d,S1,64,44,45,B_teacher,0,n13,287847,0.1925571571008209,0.3531485215741145,0.7208441150531955,0.7208332699227256,0.7208213819938488,0.9944459769378584,0.0,-0.0098865771935393,1.0845130469894215e-05,0.845934560963192,0.6121854295741229,0.0052382038998732,0.1936325970101979,1.0055850425170845,9246828.0,287847,0.0,,,,,,,,
7d,S1,64,44,45,B,0,n13,287847,0.1925571571008209,0.3740923627799035,0.763594526728452,0.7633242761636734,0.7637850056422011,1.029308835993471,1.3896271283007989e-05,0.0481292331175404,0.0002702505647785,0.8201140453379656,0.5711957773076614,0.0073725644072705,0.1870742291986331,0.9715257122366168,11210186.0,287847,13.5,9246828.0,,,,,,,
7d,S1,64,44,45,B_nofresh,0,n13,287847,0.1925571571008209,0.3764623340846979,0.7684320943906104,0.7684179249277862,0.7685095018474855,1.006592909391364,0.0,0.0110002191129718,1.4169462824287216e-05,0.81634818646279,0.5670942489466104,0.0054677888596561,0.191295960168496,0.9934502723694424,9246828.0,287847,11.2,9246828.0,,,,,,,
7d,S1,64,44,45,C,0,n13,287847,0.1925571571008209,0.3756642413307363,0.7668030334436879,0.7664974342972478,0.7668420482028315,1.0313716938471464,6.9481356415039935e-06,0.0509363851117855,0.0003055991464401,0.8174593647338699,0.569173235896064,0.0067474369734484,0.1867000599779488,0.969582552988122,11210186.0,287847,6.5,,0.1751404404640197,,,,,,
7d,S1,64,44,45,D,0,n13,287847,0.1925571571008209,0.3774933447747705,0.7705365856827813,0.77053472673885,0.7709442219949993,1.0024036620897558,0.0005940655973485,0.0039445179171804,1.858943931232204e-06,0.8156394697907501,0.569620439410083,0.0115295821587991,0.1920954246110677,0.9976021016476088,,287847,5.1,,,11206329.0,10940164.0,0.000535006460268,,,9246828.0
7d,S1,64,44,45,E,0,n13,287847,0.1925571571008209,0.3773431480353286,0.7702300052240999,0.7694558619524807,0.7696992797172011,1.051150930249395,0.0,0.0804695509068972,0.0007741432716191,0.8156772034923888,0.5672237351439579,0.0115119935091836,0.1831869730212149,0.9513381677384244,9246828.0,287847,4.9,,,,,,0.7312534549730002,5.915994644165039,
1d,S2,160,44,45,oracle,0,n13,287847,0.1437187116766893,0.3023800630138015,0.734543688027362,0.7345313406751547,0.7345125941357126,1.0067101266806222,0.0,0.0106041825099364,1.234735220734251e-05,0.8368802510233604,0.5507697356097242,0.0049771012708431,0.1427607688327982,0.9933345990044352,11210186.0,287847,5.8,,,,,,,,
1d,S2,160,44,45,A,0,n13,287847,0.1437187116766893,0.3027492920514408,0.7354406216953135,0.7354340854639454,0.7354207215217191,1.0048749901216023,0.0,0.0077146622377875,6.536231368148293e-06,0.8362408419551399,0.5499826372604764,0.005146310013512,0.1430214833581414,0.995148660112426,10940164.0,287847,5.6,,,,,,,,
1d,S2,160,44,45,B_teacher,0,n13,287847,0.1437187116766893,0.2885920955445,0.7010498644784208,0.6993759030156788,0.6996610941761222,1.081558050300386,0.0002466588152733,0.1259417309310503,0.001673961462742,0.8581952564406516,0.5818089073632229,0.0109809476643947,0.1328811815850047,0.9245920731876254,10940164.0,287847,0.0,,,,,,,,
1d,S2,160,44,45,B,0,n13,287847,0.1437187116766893,0.3021241899080912,0.7339221193536137,0.7324441046351515,0.7323371950555013,1.0780775605443191,0.0001493849162923,0.1157929263242889,0.0014780147184622,0.8388716483805138,0.553113837090475,0.0120559135477272,0.1333101781694872,0.9275770469567164,11210186.0,287847,13.0,10940164.0,,,,,,,
1d,S2,160,44,45,B_nofresh,0,n13,287847,0.1437187116766893,0.302338495240109,0.7344427113112159,0.7330036564416005,0.7328550636333433,1.0770044867737234,0.0001285405093678,0.1142123449697815,0.0014390548696153,0.8384658933794094,0.5527150218857908,0.0120314497601164,0.1334430018088535,0.9285012386490624,10940164.0,287847,13.4,10940164.0,,,,,,,
1d,S2,160,44,45,C,0,n13,287847,0.1437187116766893,0.3023857913519423,0.734557603345,0.7345476333271044,0.7345332743915615,1.0060238772420869,0.0,0.0095323817249002,9.970017895599703e-06,0.8368329948360754,0.5507599799667579,0.0048554766828363,0.1428581517077703,0.9940121925747918,11210186.0,287847,6.4,,0.0240871105343103,,,,,,
1d,S2,160,44,45,D,0,n13,287847,0.1437187116766893,0.3036437999542487,0.7376135663244975,0.7376118140123477,0.7376178058318347,0.9974818149162578,0.0,-0.0039760992188696,1.7523121498275174e-06,0.8349777378617257,0.5501249415580721,0.0071570557166224,0.1440815356506073,1.002524542348628,,287847,11.4,,,11206329.0,10940164.0,1.3896271411795167e-05,,,
1d,S2,160,44,45,E,0,n13,287847,0.1437187116766893,0.3023059585294241,0.7343636729142246,0.7343580798014395,0.7343460622271478,1.0045063104238652,0.0,0.0071394156772496,5.593112785029497e-06,0.8367038814390045,0.5514638081167382,0.0049235419190331,0.143073975927583,0.9955139053113924,10940164.0,287847,5.8,,,,,,0.6975205363776117,3.215850114822388,
7d,S2,160,44,45,oracle,0,n13,287847,0.1925571571008209,0.3678595931947329,0.750872244171735,0.7508007764023998,0.7508119284101022,1.014890473781879,0.0,0.0247447508124171,7.146776933519838e-05,0.8280419406986554,0.5833369732483351,0.005000150248643,0.1897319583494341,0.9853279992604608,11210186.0,287847,5.8,,,,,,,,
7d,S2,160,44,45,A,0,n13,287847,0.1925571571008209,0.3708519537586339,0.7569802281241825,0.7569301162755574,0.7569430482073422,1.012446409812327,0.0,0.0207133125006168,5.011184862513396e-05,0.823385045992727,0.5790595244240887,0.0052202681163195,0.1901899747330966,0.9877065988958031,9246828.0,287847,4.9,,,,,,,,
7d,S2,160,44,45,B_teacher,0,n13,287847,0.1925571571008209,0.3531485215741145,0.7208441150531955,0.7208332699227256,0.7208213819938488,0.9944459769378584,0.0,-0.0098865771935393,1.0845130469894215e-05,0.845934560963192,0.6121854295741229,0.0052382038998732,0.1936325970101979,1.0055850425170845,9246828.0,287847,0.0,,,,,,,,
7d,S2,160,44,45,B,0,n13,287847,0.1925571571008209,0.3670037639315928,0.7491253318950674,0.7491251285598616,0.7491315548278821,1.0007799983449566,0.0,0.0013279800826832,2.0333520578397213e-07,0.8290718344959125,0.5847276125951434,0.0045712693130114,0.1924070798969433,0.9992206095782824,11210186.0,287847,13.3,9246828.0,,,,,,,
7d,S2,160,44,45,B_nofresh,0,n13,287847,0.1925571571008209,0.3693378007593114,0.7538895503719816,0.7538873413521959,0.7538675689892498,0.9974308109682092,0.0,-0.0043645759836755,2.2090197856483584e-06,0.8259362931247569,0.5803642633966334,0.0043443298523033,0.1930531471289774,1.0025758067662829,9246828.0,287847,10.8,9246828.0,,,,,,,
7d,S2,160,44,45,C,0,n13,287847,0.1925571571008209,0.3681369046716941,0.751438290279795,0.7513558164057813,0.7514454442732107,1.015961893278427,0.0,0.0266631305170374,8.247387401372208e-05,0.8274699367700598,0.5831206644507207,0.0049959163409646,0.1895318696250058,0.9842888858489376,11210186.0,287847,6.6,,0.1751404404640197,,,,,,
7d,S2,160,44,45,D,0,n13,287847,0.1925571571008209,0.3718366997251239,0.7589902842093748,0.7589813662542537,0.7593660260592152,1.0052445864827886,0.0005419545800373,0.0086930695186769,8.917955121034993e-06,0.8234633670693643,0.5806557189771879,0.013839343585377,0.1915525432218955,0.9947827757012464,,287847,4.9,,,11206329.0,10940164.0,0.0004481547512114,,,9246828.0
7d,S2,160,44,45,E,0,n13,287847,0.1925571571008209,0.3701046503022671,0.7554548379107965,0.7554506058902678,0.7554395124860858,1.003609279385725,0.0,0.0059860769095858,4.232020528682767e-06,0.8242931731238892,0.580658424271275,0.0053883785706502,0.1918646639244693,0.9964037006633358,9246828.0,287847,5.1,,,,,,0.7312534549730002,5.915994644165039,
1d,S3,896,44,45,oracle,0,n13,287847,0.1437187116766893,0.2937986574328953,0.7136976797256518,0.7136647437887241,0.7137399541880067,0.9893087738417996,0.0,-0.0174815762915162,3.293593692765828e-05,0.8497463943578627,0.5689775160995899,0.0054134112748619,0.1452718458349298,1.0108067637130953,11210186.0,287847,5.9,,,,,,,,
1d,S3,896,44,45,A,0,n13,287847,0.1437187116766893,0.2943944459187139,0.7151449731328147,0.7150967883404981,0.715178326423093,0.9871000021176368,0.0,-0.021154966866407,4.818479231660788e-05,0.8489800507671441,0.5674909448800146,0.0053299483240167,0.1455969115270671,1.0130685825698396,10940164.0,287847,5.8,,,,,,,,
1d,S3,896,44,45,B_teacher,0,n13,287847,0.1437187116766893,0.2885920955445,0.7010498644784208,0.6993759030156788,0.6996610941761222,1.081558050300386,0.0002466588152733,0.1259417309310503,0.001673961462742,0.8581952564406516,0.5818089073632229,0.0109809476643947,0.1328811815850047,0.9245920731876254,10940164.0,287847,0.0,,,,,,,,
1d,S3,896,44,45,B,0,n13,287847,0.1437187116766893,0.2927084339013391,0.7110493013713983,0.7098140928713447,0.7097689924428807,1.0698714668204443,0.0001875996623206,0.1074382161945147,0.0012352085000536,0.8524950378644709,0.5724306553140357,0.0099512072262713,0.1343326896115919,0.9346917185967248,11210186.0,287847,13.4,10940164.0,,,,,,,
1d,S3,896,44,45,B_nofresh,0,n13,287847,0.1437187116766893,0.2930864309992526,0.711967534470491,0.7106151014296196,0.7108078521424238,1.0732565702090178,0.0002431847474526,0.1125074804388221,0.0013524330408714,0.8520441917224455,0.5716191794812063,0.0103733160689604,0.1339089977792542,0.9317436554851456,10940164.0,287847,13.5,10940164.0,,,,,,,
1d,S3,896,44,45,C,0,n13,287847,0.1437187116766893,0.293822648247704,0.7137559583747555,0.7137182652404475,0.7137929456420159,0.9885764056314738,0.0,-0.0187119159299546,3.7693134308014464e-05,0.8496973382477694,0.5689144931693331,0.0052898983096631,0.1453794677457288,1.0115556008654982,11210186.0,287847,6.8,,0.0240871105343103,,,,,,
1d,S3,896,44,45,D,0,n13,287847,0.1437187116766893,0.2945636594124797,0.7155560276928804,0.7155366897483448,0.7155949639073661,0.9917545653116804,0.0,-0.0133373281797754,1.933794453556903e-05,0.8487176243165695,0.5680949799291344,0.0065348462686526,0.1449135871953587,1.008313987126168,,287847,11.7,,,11206329.0,10940164.0,6.9481357058975846e-06,,,
1d,S3,896,44,45,E,0,n13,287847,0.1437187116766893,0.2942027704413323,0.7146793537706883,0.7146772975216911,0.7146885030836545,0.9973155320076924,0.0,-0.004376645578999,2.0562489971842624e-06,0.8489627050445157,0.5680520177174866,0.0042794150886679,0.1441055584358239,1.002691693758046,10940164.0,287847,5.9,,,,,,0.6975205363776117,3.215850114822388,
7d,S3,896,44,45,oracle,0,n13,287847,0.1925571571008209,0.3579200398118239,0.7305837023129428,0.730581869664104,0.7305703722980288,1.002331310064514,0.0,0.0040087564793843,1.8326488387954145e-06,0.8403172561305139,0.6011596574187648,0.0057926899054955,0.1921092907777441,0.997674112300888,11210186.0,287847,6.0,,,,,,,,
7d,S3,896,44,45,A,0,n13,287847,0.1925571571008209,0.3608025939610269,0.7364675502348123,0.7362754107652454,0.7364196578738544,1.024151930648669,0.0,0.0413495654708266,0.0001921394695668,0.8365263285243257,0.5966474325899647,0.0050419837182579,0.1880162028097341,0.9764176291369464,9246828.0,287847,5.0,,,,,,,,
7d,S3,896,44,45,B_teacher,0,n13,287847,0.1925571571008209,0.3531485215741145,0.7208441150531955,0.7208332699227256,0.7208213819938488,0.9944459769378584,0.0,-0.0098865771935393,1.0845130469894215e-05,0.845934560963192,0.6121854295741229,0.0052382038998732,0.1936325970101979,1.0055850425170845,9246828.0,287847,0.0,,,,,,,,
7d,S3,896,44,45,B,0,n13,287847,0.1925571571008209,0.3578217997795283,0.7303831754954233,0.7303829353761786,0.73037720406201,0.9991668251314862,0.0,-0.0014649818559073,2.401192447099021e-07,0.8401766404092752,0.6020400444191685,0.0036200197018472,0.1927177246657295,1.0008338696277312,11210186.0,287847,13.7,9246828.0,,,,,,,
7d,S3,896,44,45,B_nofresh,0,n13,287847,0.1925571571008209,0.3588569278855232,0.732496071226111,0.7324705893666877,0.7324221476267849,0.9914628604948544,0.0,-0.0150725342459175,2.5481859423304165e-05,0.8389403507002011,0.6000377179514351,0.0039116977350803,0.1942151993517061,1.0086106498239225,9246828.0,287847,11.5,9246828.0,,,,,,,
7d,S3,896,44,45,C,0,n13,287847,0.1925571571008209,0.358490847546002,0.7317488307812005,0.7317377875517569,0.7317407024635739,1.0057171104476106,0.0,0.0098792756776461,1.1043229443563618e-05,0.839478745642561,0.6002408329632573,0.0040666396875448,0.1914625445868374,0.994315389100752,11210186.0,287847,6.6,,0.1751404404640197,,,,,,
7d,S3,896,44,45,D,0,n13,287847,0.1925571571008209,0.35970690321099,0.7342310344890807,0.734224244628916,0.7344859925310631,1.004513205749956,0.000166755255396,0.0076863865149765,6.78986016466876e-06,0.8383658670985243,0.5985736516614704,0.0060453875824521,0.1916920116117939,0.9955070717596128,,287847,5.1,,,11206329.0,10940164.0,0.0001250664354301,,,9246828.0
7d,S3,896,44,45,E,0,n13,287847,0.1925571571008209,0.360527722025891,0.7359064837012392,0.7353618927233588,0.7356398522047339,1.041370375309611,0.0,0.0694371451346259,0.0005445909778803,0.8369844330666629,0.5977616746421893,0.0081886205874488,0.1849074658414125,0.9602731398064678,9246828.0,287847,5.0,,,,,,0.7312534549730002,5.915994644165039,
1d,S4,131072,44,45,oracle,0,n13,287847,0.1437187116766893,0.2898329707742906,0.7040642069538723,0.70405919227041,0.7040860159194756,0.9958265583549591,0.0,-0.0068572075002967,5.014683462256642e-06,0.855727633176644,0.5758818119331972,0.0055979383412772,0.1443210270612819,1.0041909322562508,11210186.0,287847,6.4,,,,,,,,
1d,S4,131072,44,45,A,0,n13,287847,0.1437187116766893,0.2901768999122391,0.7048996819348973,0.704899123284092,0.7049070058254836,0.998604145904614,0.0,-0.0022889636715491,5.586508052823902e-07,0.8552420591064283,0.5752081837532257,0.0054885302983542,0.1439196024431659,1.0013978052275376,10940164.0,287847,6.2,,,,,,,,
1d,S4,131072,44,45,B_teacher,0,n13,287847,0.1437187116766893,0.2885920955445,0.7010498644784208,0.6993759030156788,0.6996610941761222,1.081558050300386,0.0002466588152733,0.1259417309310503,0.001673961462742,0.8581952564406516,0.5818089073632229,0.0109809476643947,0.1328811815850047,0.9245920731876254,10940164.0,287847,0.0,,,,,,,,
1d,S4,131072,44,45,B,0,n13,287847,0.1437187116766893,0.2903417001424092,0.7053000157652771,0.7039350096130608,0.7037598442064507,1.0734734725396495,3.8214746028271965e-05,0.1132478500523942,0.0013650061522163,0.8561481881859814,0.5770122829385274,0.010281625112428,0.1338819405911132,0.931555390590301,11210186.0,287847,13.6,10940164.0,,,,,,,
1d,S4,131072,44,45,B_nofresh,0,n13,287847,0.1437187116766893,0.2904150227209163,0.7054781314674021,0.7040248282718871,0.7039273964873273,1.075918459500505,6.948135641503993e-05,0.1169231094498121,0.001453303195515,0.8561114605124618,0.5768692905297909,0.0105822469412533,0.1335776985770936,0.92943846363994,10940164.0,287847,13.2,10940164.0,,,,,,,
1d,S4,131072,44,45,C,0,n13,287847,0.1437187116766893,0.2898080297112352,0.7040036199553201,0.7039973313793075,0.7040245580313557,0.9953317481298888,0.0,-0.0076844673245035,6.288576012591918e-06,0.8557272570689793,0.575934276297084,0.0053406076662099,0.1443927735116657,1.0046901466560092,11210186.0,287847,6.4,,0.0240871105343103,,,,,,
1d,S4,131072,44,45,D,0,n13,287847,0.1437187116766893,0.2902629899108034,0.7051088123399161,0.7051009919752179,0.7050626623809537,1.005279259115966,0.0,0.0085262563376886,7.820364698152282e-06,0.8552711881301795,0.5763495816126977,0.0064970043982289,0.1429639678461827,0.9947484650975406,,287847,11.9,,,11206329.0,10940164.0,0.0,,,
1d,S4,131072,44,45,E,0,n13,287847,0.1437187116766893,0.2902526353767881,0.7050836590360651,0.7050659713018746,0.7050378266584469,1.0079023014772015,0.0,0.0129120530479288,1.7687734190419135e-05,0.8550054635537353,0.5754517157636584,0.005054953670322,0.1425919074359214,0.992159655290379,10940164.0,287847,6.1,,,,,,0.6975205363776117,3.215850114822388,
7d,S4,131072,44,45,oracle,0,n13,287847,0.1925571571008209,0.3521971017138715,0.7189020839662636,0.7188992744822301,0.718919524861076,0.997137746497884,0.0,-0.0049815175931931,2.809484033527987e-06,0.847115428030503,0.6103003774642817,0.0056126571761021,0.1931098865498915,1.0028704695135338,11210186.0,287847,6.1,,,,,,,,
7d,S4,131072,44,45,A,0,n13,287847,0.1925571571008209,0.3548653485766065,0.7243484894614317,0.7240332961587904,0.7242319808445518,1.030946088283478,0.0,0.0532517372214433,0.0003151933026412,0.8436674369835574,0.6074968885143976,0.0057800217208051,0.1867771353800158,0.9699828258381548,9246828.0,287847,5.1,,,,,,,,
7d,S4,131072,44,45,B_teacher,0,n13,287847,0.1925571571008209,0.3531485215741145,0.7208441150531955,0.7208332699227256,0.7208213819938488,0.9944459769378584,0.0,-0.0098865771935393,1.0845130469894215e-05,0.845934560963192,0.6121854295741229,0.0052382038998732,0.1936325970101979,1.0055850425170845,9246828.0,287847,0.0,,,,,,,,
7d,S4,131072,44,45,B,0,n13,287847,0.1925571571008209,0.3544602645306252,0.7235216349432646,0.723499162688612,0.7234777925286248,0.9920098775157992,0.0,-0.0142092364253447,2.247225465257241e-05,0.8439627099707466,0.6090194759159172,0.0046863058795095,0.1941081046320067,1.0080544787560075,11210186.0,287847,13.8,9246828.0,,,,,,,
7d,S4,131072,44,45,B_nofresh,0,n13,287847,0.1925571571008209,0.3547374242744121,0.7240873713347067,0.7240840755237115,0.7240701562886424,0.9969297930336808,0.0,-0.0054470719705208,3.2958109952296866e-06,0.8436338608329623,0.6081932418190228,0.0036365346376688,0.1931501680924441,1.003079662166557,9246828.0,287847,11.2,9246828.0,,,,,,,
7d,S4,131072,44,45,C,0,n13,287847,0.1925571571008209,0.3528080895938131,0.7201492278468656,0.7201480947854558,0.7201469432931782,1.0018165711947742,0.0,0.0031793625047043,1.1330614098081782e-06,0.846220532381805,0.6095148748916637,0.0038833715314653,0.1922079975889955,0.9981867227524418,11210186.0,287847,6.7,,0.1751404404640197,,,,,,
7d,S4,131072,44,45,D,0,n13,287847,0.1925571571008209,0.3543519772649475,0.7233005997882793,0.7232940365730453,0.7233351626957177,1.0044262888750684,6.9481356415039935e-06,0.0075751494797142,6.563215234067776e-06,0.844870397275097,0.6076437565941155,0.006633841551098,0.1917085994597771,0.9955932168202948,,287847,5.2,,,11206329.0,10940164.0,3.4740678529487923e-06,,,9246828.0
7d,S4,131072,44,45,E,0,n13,287847,0.1925571571008209,0.3550257755121694,0.7246759517197502,0.7246179702127555,0.7245983696609931,1.0131735419100338,0.0,0.0226584540878344,5.798150699465321e-05,0.8434230707283725,0.6069678117326512,0.0045278126934737,0.1900534796218743,0.9869977438562014,9246828.0,287847,5.2,,,,,,0.7312534549730002,5.915994644165039,
1d,S0,36,45,46,oracle,0,n13,300302,0.1478345132566549,0.3160258808214359,0.7543565389240603,0.7540197491175155,0.7539120787454227,1.0361633168378022,0.0,0.0544409607967047,0.0003367898065448,0.8263535225946677,0.5330228076537665,0.00992311146214,0.1426749150971888,0.9650988253973644,11466237.0,300302,6.6,,,,,,,,
1d,S0,36,45,46,A,0,n13,300302,0.1478345132566549,0.3163555905970998,0.7551435590395418,0.7547056768605334,0.7545898902276528,1.0414319250921709,0.0,0.0620541759813563,0.0004378821790084,0.8259212428854904,0.5324158347305685,0.0105598825224882,0.1419531221338072,0.9602163865981888,11210186.0,300302,5.8,,,,,,,,
1d,S0,36,45,46,B_teacher,0,n13,300302,0.1478345132566549,0.2914855119728528,0.6957784640511453,0.6947759679490552,0.6950106959471019,1.061239478223512,3.329981152306678e-06,0.0977572220692512,0.0010024961020901,0.8611317832925031,0.587471780579167,0.0085725925063396,0.1393036315461296,0.942294383614502,11210186.0,300302,21.7,,,,,,,,
1d,S0,36,45,46,B,0,n13,300302,0.1478345132566549,0.315752474242141,0.7537039150302833,0.7523210387025555,0.752396307724998,1.0753084592692832,9.989943456920034e-06,0.1108660266534231,0.0013828763277278,0.827201913925598,0.5352311728804813,0.0126563400898955,0.1374810287990431,0.929965714841992,11466237.0,300302,13.6,11210186.0,,,,,,,
1d,S0,36,45,46,B_nofresh,0,n13,300302,0.1478345132566549,0.3161365754834569,0.7546207680495436,0.7528561872570306,0.7531217604048844,1.085759822342875,2.6639849218453425e-05,0.1252773913982271,0.0017645807925129,0.8269619618882789,0.5347130400517672,0.0137763435171287,0.1361576567989544,0.9210140027489496,11210186.0,300302,13.1,11210186.0,,,,,,,
1d,S0,36,45,46,C,0,n13,300302,0.1478345132566549,0.3160225928634735,0.754348690539674,0.7540151330589826,0.7539229886496215,1.035963835661754,0.0,0.0542083550333249,0.0003335574806914,0.8263126638360284,0.5330377904048582,0.0098274931139771,0.1427023880251776,0.9652846610820336,11466237.0,300302,6.3,,0.0223307777196168,,,,,,
1d,S0,36,45,46,D,0,n13,300302,0.1478345132566549,0.3173448912449695,0.7575050283304193,0.756993932534309,0.7571096371466671,1.045040409251048,4.994971728460017e-05,0.0668233982963534,0.0005110957961103,0.824706101074535,0.5326296592458287,0.013529794792543,0.14146296348732,0.9569007965124264,,300302,11.6,,,11462071.0,11210186.0,0.0,,,
1d,S0,36,45,46,E,0,n13,300302,0.1478345132566549,0.3152358676013022,0.7524707704645426,0.7517049271522958,0.7517071213271241,1.055212970601937,0.0,0.0823769110359402,0.0007658433122468,0.8277146216518987,0.5356849432699797,0.0115591838241206,0.1400992191863639,0.9476759932448128,11210186.0,300302,6.7,,,,,,0.6914842252938638,2.683713674545288,
7d,S0,36,45,46,oracle,0,n13,300302,0.1956863424153019,0.380511554891269,0.7696992237502032,0.7695820108648596,0.7695597565882998,1.0192640947476803,0.0,0.03126579065073,0.0001172128853436,0.8158239363711924,0.5688617863247303,0.0077747579076868,0.1919878698991591,0.9810999967064972,11466237.0,300302,5.8,,,,,,,,
7d,S0,36,45,46,A,0,n13,300302,0.1956863424153019,0.3830901062433849,0.7749151204782033,0.7739453127645932,0.774366929131151,1.0568419594352811,0.0,0.0905131038391128,0.0009698077136101,0.8123495085014666,0.5658322644771464,0.012109547905162,0.1851614053248473,0.9462152700053142,9486000.0,300302,4.8,,,,,,,,
7d,S0,36,45,46,B_teacher,0,n13,300302,0.1956863424153019,0.3540099103611018,0.716091665817298,0.7155509118505065,0.7155965008187025,0.9623035474846664,0.0,-0.070033388019576,0.0005407539667915,0.8489730513560484,0.618226445703601,0.0092356273074385,0.2033519910913765,1.0391731409635423,9486000.0,300302,18.4,,,,,,,,
7d,S0,36,45,46,B,0,n13,300302,0.1956863424153019,0.3802097003737648,0.7690886320748074,0.7690460723861059,0.7689541027637246,0.988814587903631,0.0,-0.019034206138439,4.25596887014823e-05,0.8161929985354036,0.568947081793691,0.0080174837153817,0.1978999347392044,1.0113119408160058,11466237.0,300302,13.7,9486000.0,,,,,,,
7d,S0,36,45,46,B_nofresh,0,n13,300302,0.1956863424153019,0.3819949821631134,0.7726999021920308,0.7726546370382021,0.7725711757956102,0.9884368885041236,0.0,-0.0195764399018937,4.526515382863305e-05,0.8136292649528233,0.5663247132034972,0.0097167553420225,0.1979755558409489,1.0116983811818028,9486000.0,300302,11.2,9486000.0,,,,,,,
7d,S0,36,45,46,C,0,n13,300302,0.1956863424153019,0.3806906501151037,0.7700614977810203,0.7698838287628564,0.769941632521815,1.0237447584780632,0.0,0.0385974605363471,0.0001776690181638,0.8154145098871072,0.5689073255213344,0.0078830190019466,0.1911475890789579,0.9768059779731004,11466237.0,300302,6.6,,0.1727015525102615,,,,,,
7d,S0,36,45,46,D,0,n13,300302,0.1956863424153019,0.3836446174399787,0.7760367863832007,0.7757741392283757,0.7763069986015285,1.029303487658966,0.0001798189822245,0.046451483394086,0.000262647154825,0.812285291929576,0.5667549214009898,0.0157146615203719,0.1901153010375669,0.9715307603536704,,300302,5.0,,,11462071.0,11210186.0,1.3319924619281664e-05,,,9486000.0
7d,S0,36,45,46,E,0,n13,300302,0.1956863424153019,0.3811247786999057,0.7709396535963551,0.7698711215778793,0.7704339578063472,1.0598461347279695,0.0,0.0949486708232392,0.0010685320184757,0.8155479524638679,0.569267407556546,0.0137165121530524,0.1846365580844701,0.9435331858399144,9486000.0,300302,7.8,,,,,,0.731743193714,5.980311393737793,
1d,S1,64,45,46,oracle,0,n13,300302,0.1478345132566549,0.3107327184577442,0.7417217141107921,0.7416552247810736,0.7417133050738607,1.0156042467274082,0.0,0.0244784376028558,6.648932971853316e-05,0.8333553828324328,0.545312769767083,0.0059990749162151,0.1455631105649898,0.9846355046488924,11466237.0,300302,6.1,,,,,,,,
1d,S1,64,45,46,A,0,n13,300302,0.1478345132566549,0.3109246851259015,0.7421799402250695,0.7420641288587422,0.7421509938550346,1.0206836703261173,0.0,0.032305636101484,0.0001158113663273,0.8330841699665721,0.5449864011126425,0.0064299618481445,0.1448387169840981,0.9797354744398834,11210186.0,300302,5.8,,,,,,,,
1d,S1,64,45,46,B_teacher,0,n13,300302,0.1478345132566549,0.2914855119728528,0.6957784640511453,0.6947759679490552,0.6950106959471019,1.061239478223512,3.329981152306678e-06,0.0977572220692512,0.0010024961020901,0.8611317832925031,0.587471780579167,0.0085725925063396,0.1393036315461296,0.942294383614502,11210186.0,300302,0.0,,,,,,,,
1d,S1,64,45,46,B,0,n13,300302,0.1478345132566549,0.3107210259617973,0.741693804020799,0.7401320239910351,0.7422667710972074,1.0796650055667818,0.0002330986806614,0.1187897952659874,0.0015617800297639,0.8349999178526788,0.5453681915800227,0.011775576349605,0.1369262803688331,0.9262132187706124,11466237.0,300302,13.6,11210186.0,,,,,,,
1d,S1,64,45,46,B_nofresh,0,n13,300302,0.1478345132566549,0.3110315783403062,0.7424350952618761,0.7406249766437204,0.7434903928091479,1.0861903412341551,0.0003896077948198,0.1279246691402995,0.0018101186181557,0.8347396280653685,0.5449348237375891,0.0125895649720515,0.1361036897903933,0.9206489526170674,11210186.0,300302,13.3,11210186.0,,,,,,,
1d,S1,64,45,46,C,0,n13,300302,0.1478345132566549,0.3107342153287524,0.7417252871549682,0.7416691694947457,0.7417267959029861,1.0143152459412808,0.0,0.0224955637383269,5.611766022250997e-05,0.8333158348308967,0.5453219270265646,0.0057991377150833,0.1457480934533968,0.9858867881572692,11466237.0,300302,6.5,,0.0223307777196168,,,,,,
1d,S1,64,45,46,D,0,n13,300302,0.1478345132566549,0.3111396232423062,0.7426929993870359,0.7425661766523859,0.7431340680784685,1.021719351120844,9.989943456920034e-05,0.03371822344903,0.00012682273465,0.8334032705111846,0.5464943791144861,0.0089936791516841,0.1446918990958504,0.978742351217076,,300302,11.8,,,11462071.0,11210186.0,3.9959773857844993e-05,,,
1d,S1,64,45,46,E,0,n13,300302,0.1478345132566549,0.3103837188648052,0.7408886490329225,0.7408184273518866,0.740854767857218,1.0160630921620082,0.0,0.0251236914683608,7.022168103587578e-05,0.8336170484239871,0.5474811286448342,0.0063328801104588,0.1454973755045943,0.9841908516450208,11210186.0,300302,5.8,,,,,,0.6914842252938638,2.683713674545288,
7d,S1,64,45,46,oracle,0,n13,300302,0.1956863424153019,0.3755580125271006,0.7596791923910934,0.7594278554057359,0.7596331397584154,1.0281600160161677,0.0,0.0462176233103299,0.0002513369853575,0.8226823088025319,0.5770355616899413,0.0069118086458469,0.190326738413279,0.972611251578057,11466237.0,300302,5.9,,,,,,,,
7d,S1,64,45,46,A,0,n13,300302,0.1956863424153019,0.3781602118406641,0.7649429242435083,0.7639951646144147,0.7648275360724143,1.0558402769066573,7.991954765536028e-05,0.0899728574676015,0.0009477596290935,0.8190896375379884,0.5742859532794914,0.0109691373549387,0.1853370691527443,0.9471129505778516,9486000.0,300302,5.0,,,,,,,,
7d,S1,64,45,46,B_teacher,0,n13,300302,0.1956863424153019,0.3540099103611018,0.716091665817298,0.7155509118505065,0.7155965008187025,0.9623035474846664,0.0,-0.070033388019576,0.0005407539667915,0.8489730513560484,0.618226445703601,0.0092356273074385,0.2033519910913765,1.0391731409635423,9486000.0,300302,0.0,,,,,,,,
7d,S1,64,45,46,B,0,n13,300302,0.1956863424153019,0.3745464266846169,0.7576329553512251,0.7576290229555968,0.757589161085455,0.9965969620173036,0.0,-0.0058204254040853,3.932395628347685e-06,0.8241802112703692,0.5777502975585275,0.0049461812199969,0.196354544387929,1.0034146581942291,11466237.0,300302,13.6,9486000.0,,,,,,,
7d,S1,64,45,46,B_nofresh,0,n13,300302,0.1956863424153019,0.3768358032609584,0.762263909000413,0.7621184486579662,0.7619024389258171,0.979574184649812,0.0,-0.0353310109703191,0.0001454603424467,0.8210871766529364,0.5744897481098489,0.0072900818081392,0.1997667409796613,1.0208517289147323,9486000.0,300302,11.2,9486000.0,,,,,,,
7d,S1,64,45,46,C,0,n13,300302,0.1956863424153019,0.3757852748354785,0.760138898857553,0.7598296296567622,0.7602418012338806,1.031230517429781,1.3319924609226713e-05,0.0514129196631653,0.0003092692007908,0.8222314682886896,0.5771396448979297,0.0070472771350667,0.1897600382337664,0.969715289741794,11466237.0,300302,6.7,,0.1727015525102615,,,,,,
7d,S1,64,45,46,D,0,n13,300302,0.1956863424153019,0.3769327796413673,0.7624600729375218,0.7623650669886698,0.7636109604272454,1.0172239723211172,0.0008091854200105,0.028291172095482,9.500594885203384e-05,0.8212094420862563,0.579578431863059,0.0131320853551997,0.1923729166240369,0.9830676696678556,,300302,5.0,,,11462071.0,11210186.0,0.0004328975628595,,,9486000.0
7d,S1,64,45,46,E,0,n13,300302,0.1956863424153019,0.3773770182140729,0.763358679248358,0.7628528019886083,0.7630004592060999,1.0405938915884785,0.0,0.0652148613313879,0.0005058772597497,0.8202788748208127,0.5759978674268538,0.0109568904117624,0.1880525572916678,0.9609896887569548,9486000.0,300302,4.8,,,,,,0.731743193714,5.980311393737793,
1d,S2,160,45,46,oracle,0,n13,300302,0.1478345132566549,0.3050023132113331,0.7280431867158872,0.7279856894206236,0.7280415681019355,1.0143473913982104,0.0,0.0229983815115756,5.7497295263608805e-05,0.8413782942029222,0.5590431646358125,0.0047973964420263,0.1457434745830764,0.985855544638969,11466237.0,300302,5.9,,,,,,,,
1d,S2,160,45,46,A,0,n13,300302,0.1478345132566549,0.3053618988817072,0.7289015208530948,0.728826862578214,0.7288954725949719,1.0163825230070216,0.0,0.0261985554291693,7.465827488073451e-05,0.8408148707435874,0.5583211869040184,0.0050936854062731,0.1454516482822616,0.9838815380664429,11210186.0,300302,5.8,,,,,,,,
1d,S2,160,45,46,B_teacher,0,n13,300302,0.1478345132566549,0.2914855119728528,0.6957784640511453,0.6947759679490552,0.6950106959471019,1.061239478223512,3.329981152306678e-06,0.0977572220692512,0.0010024961020901,0.8611317832925031,0.587471780579167,0.0085725925063396,0.1393036315461296,0.942294383614502,11210186.0,300302,0.0,,,,,,,,
1d,S2,160,45,46,B,0,n13,300302,0.1478345132566549,0.304501142057128,0.7268468867916151,0.7258875372739687,0.726196626241707,1.0611380959798782,3.329981152306678e-05,0.0936701254658759,0.0009593495176464,0.8433120109436154,0.5602051083478361,0.0100207944353959,0.1393169407607982,0.9423844114055466,11466237.0,300302,13.9,11210186.0,,,,,,,
1d,S2,160,45,46,B_nofresh,0,n13,300302,0.1478345132566549,0.3047346048661997,0.7274041645568445,0.7264422685805082,0.7267360960230411,1.0612434735428615,3.329981152306678e-05,0.0937649915805482,0.0009618959763363,0.8429435893946178,0.5597916324767322,0.0101483222622454,0.1393031071023912,0.9422908361090732,11210186.0,300302,13.2,11210186.0,,,,,,,
1d,S2,160,45,46,C,0,n13,300302,0.1478345132566549,0.3050094887187765,0.7280603147148534,0.728005922646485,0.7280678356097913,1.013943204244649,0.0,0.0223791986203838,5.439206836843624e-05,0.8413454138414039,0.5590450831252972,0.0047611354278646,0.1458015721568806,0.9862485352372018,11466237.0,300302,6.6,,0.0223307777196168,,,,,,
1d,S2,160,45,46,D,0,n13,300302,0.1478345132566549,0.3059719770888217,0.7303577828642809,0.7303042684777996,0.7304745948147846,1.0138815138885413,5.660967958921352e-05,0.0221136803923416,5.351438648126816e-05,0.8401726479102263,0.5602955857764049,0.0090422794045338,0.1458104435592923,0.9863085442446804,,300302,12.1,,,11462071.0,11210186.0,2.330986899323761e-05,,,
1d,S2,160,45,46,E,0,n13,300302,0.1478345132566549,0.3048638096916161,0.7277125776040925,0.72766510382886,0.7277172127563992,1.013015516874746,0.0,0.0209081601289906,4.74737752325094e-05,0.8413376794370768,0.5598851339794076,0.0047458703866517,0.1459350925963495,0.9871517102572128,11210186.0,300302,5.9,,,,,,0.6914842252938638,2.683713674545288,
7d,S2,160,45,46,oracle,0,n13,300302,0.1956863424153019,0.3683269340661786,0.7450521583189247,0.7449595282482886,0.7450197823125336,1.016787458676896,0.0,0.0282948203137645,9.263007063609052e-05,0.8316657189024158,0.5912193836316174,0.0052896056305214,0.1924555036014513,0.9834897071815376,11466237.0,300302,6.2,,,,,,,,
7d,S2,160,45,46,A,0,n13,300302,0.1956863424153019,0.3713047778189642,0.7510757441877518,0.750979152977676,0.7510524365820839,1.0171522409597993,0.0,0.0288861451482578,9.659121007576932e-05,0.8271422797936148,0.5868995948347366,0.0051103127637953,0.1923864830997664,0.9831369973253816,9486000.0,300302,4.9,,,,,,,,
7d,S2,160,45,46,B_teacher,0,n13,300302,0.1956863424153019,0.3540099103611018,0.716091665817298,0.7155509118505065,0.7155965008187025,0.9623035474846664,0.0,-0.070033388019576,0.0005407539667915,0.8489730513560484,0.618226445703601,0.0092356273074385,0.2033519910913765,1.0391731409635423,9486000.0,300302,0.0,,,,,,,,
7d,S2,160,45,46,B,0,n13,300302,0.1956863424153019,0.3679397042885379,0.7442688694662427,0.7439608143131063,0.7437820597839448,0.9707705859090504,0.0,-0.0518667660381802,0.0003080551531363,0.8323949054614367,0.5913052061545716,0.0063052405448754,0.2015783597646369,1.030109497048243,11466237.0,300302,13.6,9486000.0,,,,,,,
7d,S2,160,45,46,B_nofresh,0,n13,300302,0.1956863424153019,0.3701721747700937,0.7487847133995229,0.7484425852888673,0.7482568563622488,0.9691700328615072,0.0,-0.0545340214560503,0.0003421281106555,0.8294563029333245,0.5874939886656881,0.0071177758641446,0.2019112599236394,1.031810689655216,9486000.0,300302,11.7,9486000.0,,,,,,,
7d,S2,160,45,46,C,0,n13,300302,0.1956863424153019,0.3687071727717668,0.7458213056227815,0.7457095689217457,0.7458788875331884,1.018404552873975,0.0,0.031175501499479,0.0001117367010358,0.8309539111202677,0.5909577156249471,0.0053005438799986,0.1921499092507667,0.9819280532259634,11466237.0,300302,6.5,,0.1727015525102615,,,,,,
7d,S2,160,45,46,D,0,n13,300302,0.1956863424153019,0.3718054258184338,0.7520884555538334,0.7520152869448457,0.7527880319908183,1.0149679617939416,0.0007226059100505,0.0250238208657432,7.316860898776145e-05,0.8278800010974133,0.5905033786416911,0.0149069302678176,0.1928005117219947,0.9852527741196028,,300302,5.3,,,11462071.0,11210186.0,0.0004861772467847,,,9486000.0
7d,S2,160,45,46,E,0,n13,300302,0.1956863424153019,0.3705442102929976,0.7495372672957337,0.7495004710129886,0.7495010534187058,1.010584336434389,0.0,0.0177304358273667,3.679628274511071e-05,0.8280261619702505,0.5888979748707753,0.0051003534090478,0.1936368251122271,0.9895265184183112,9486000.0,300302,4.9,,,,,,0.731743193714,5.980311393737793,
1d,S3,896,45,46,oracle,0,n13,300302,0.1478345132566549,0.2968409994206882,0.7085620593848548,0.7085605460848586,0.708564679318309,0.9977263269896788,0.0,-0.003763792475459,1.513299996203088e-06,0.8531534634095153,0.5764481813322309,0.0041456352665561,0.1481714065847079,1.0022788543800196,11466237.0,300302,5.8,,,,,,,,
1d,S3,896,45,46,A,0,n13,300302,0.1478345132566549,0.2971879535286207,0.7093902418721408,0.7093901011878819,0.7093908803435415,0.9993059071351612,0.0,-0.0011471629848851,1.406842589091184e-07,0.8527093818692413,0.5756993142851674,0.0040977154509081,0.1479371954084322,1.000694574964366,11210186.0,300302,6.2,,,,,,,,
1d,S3,896,45,46,B_teacher,0,n13,300302,0.1478345132566549,0.2914855119728528,0.6957784640511453,0.6947759679490552,0.6950106959471019,1.061239478223512,3.329981152306678e-06,0.0977572220692512,0.0010024961020901,0.8611317832925031,0.587471780579167,0.0085725925063396,0.1393036315461296,0.942294383614502,11210186.0,300302,0.0,,,,,,,,
1d,S3,896,45,46,B,0,n13,300302,0.1478345132566549,0.2953733561338031,0.7050587820349364,0.7043062016039479,0.704430116295087,1.0529672537207615,1.997988691384007e-05,0.0842597656891686,0.0007525804309885,0.8558552097434431,0.5795931529697645,0.0079147617854323,0.1403980159252507,0.9496971500931328,11466237.0,300302,13.5,11210186.0,,,,,,,
1d,S3,896,45,46,B_nofresh,0,n13,300302,0.1478345132566549,0.2955698510782546,0.7055278171842957,0.7047335544287929,0.705006875389487,1.0544900388317546,3.329981152306678e-05,0.0865512691032364,0.0007942627555027,0.85563627752688,0.5792179826123193,0.0080839194551976,0.1401952676769118,0.9483256959998192,11210186.0,300302,13.2,11210186.0,,,,,,,
1d,S3,896,45,46,C,0,n13,300302,0.1478345132566549,0.2968623759778653,0.7086130854136229,0.7086071519601489,0.7086143504916314,0.9955084229741816,0.0,-0.0074565940048941,5.933453473994099e-06,0.8530966723263298,0.5764277203094398,0.0039516459529348,0.1485015192689023,1.004511842313096,11466237.0,300302,6.4,,0.0223307777196168,,,,,,
1d,S3,896,45,46,D,0,n13,300302,0.1478345132566549,0.2974862568901572,0.7101022946026739,0.7100928146436729,0.7101494598542208,1.0057487004464154,2.6639849218453425e-05,0.0093941898501643,9.479959001024165e-06,0.8525329382426913,0.5755453245020306,0.0047798445699917,0.1469895145686358,0.9942841582158012,,300302,11.7,,,11462071.0,11210186.0,1.664990486460738e-05,,,
1d,S3,896,45,46,E,0,n13,300302,0.1478345132566549,0.2968392385423118,0.7085578561527841,0.7085512711997412,0.708561829117662,0.9952659409570788,0.0,-0.0078498316951689,6.584953042954034e-06,0.8529999170807391,0.5766901473007064,0.0035874749948232,0.1485376994961695,1.0047565769590878,11210186.0,300302,5.7,,,,,,0.6914842252938638,2.683713674545288,
7d,S3,896,45,46,oracle,0,n13,300302,0.1956863424153019,0.3586596425565921,0.7254971496075021,0.7254968680322937,0.7255007599989319,0.9990974031067734,0.0,-0.0015745949433533,2.8157520837179817e-07,0.8434213656005132,0.6078335365170446,0.0053346021019972,0.1958631278660114,1.0009034123103713,11466237.0,300302,5.8,,,,,,,,
7d,S3,896,45,46,A,0,n13,300302,0.1956863424153019,0.361853287425797,0.7319572582301253,0.7318042158733413,0.7319614946046993,1.0213030414324842,0.0,0.0369867972539536,0.0001530423567839,0.8393912344087344,0.6026934241256292,0.0048621994017871,0.1916045820649191,0.9791413120609096,9486000.0,300302,4.9,,,,,,,,
7d,S3,896,45,46,B_teacher,0,n13,300302,0.1956863424153019,0.3540099103611018,0.716091665817298,0.7155509118505065,0.7155965008187025,0.9623035474846664,0.0,-0.070033388019576,0.0005407539667915,0.8489730513560484,0.618226445703601,0.0092356273074385,0.2033519910913765,1.0391731409635423,9486000.0,300302,0.0,,,,,,,,
7d,S3,896,45,46,B,0,n13,300302,0.1956863424153019,0.3588588027175102,0.7259000110168079,0.7255604164412339,0.7254171492336043,0.969832373458165,0.0,-0.0553439881198579,0.0003395945755739,0.8432461074488778,0.6081216924142371,0.0073888987235227,0.2017733659658486,1.031106021377968,11466237.0,300302,13.6,9486000.0,,,,,,,
7d,S3,896,45,46,B_nofresh,0,n13,300302,0.1956863424153019,0.3600814464629188,0.7283731762326001,0.7276808032285526,0.7275719091136074,0.9573077474615678,0.0,-0.0788139000938504,0.0006923730040475,0.8420746829667348,0.6061353890323131,0.0098696152920765,0.2044132024776682,1.0445961632000125,9486000.0,300302,11.2,9486000.0,,,,,,,
7d,S3,896,45,46,C,0,n13,300302,0.1956863424153019,0.3593334482198288,0.7268601245008665,0.726854966746137,0.7268613543553658,1.0038624357127612,0.0,0.0067706419770348,5.1577547294234805e-06,0.8424627694713442,0.6068735759379584,0.0036789662349209,0.1949334245945371,0.9961524252971784,11466237.0,300302,6.4,,0.1727015525102615,,,,,,
7d,S3,896,45,46,D,0,n13,300302,0.1956863424153019,0.3605357454174209,0.7292921326956455,0.7292447507082227,0.7294597945953996,1.0118647360185271,0.0002897083602506,0.0203902162748921,4.738198742282318e-05,0.8413969844326615,0.6053659462550018,0.0058787095325456,0.1933917997629664,0.98827438530449,,300302,5.1,,,11462071.0,11210186.0,0.0001531791349407,,,9486000.0
7d,S3,896,45,46,E,0,n13,300302,0.1956863424153019,0.3613575674030844,0.7309545151812623,0.7305130208798498,0.7307299123902578,1.036825522487499,0.0,0.0625538779063805,0.0004414943014124,0.8400111190058793,0.6044648915046615,0.0076123767373045,0.1887360391609778,0.9644824305644512,9486000.0,300302,5.1,,,,,,0.731743193714,5.980311393737793,
1d,S4,131072,45,46,oracle,0,n13,300302,0.1478345132566549,0.2930194913293447,0.6994400861788533,0.699438312910792,0.6994350390519943,1.0024581993951285,0.0,0.0040980512071347,1.7732680613891103e-06,0.8588822391370794,0.5827991917246214,0.0035205737350704,0.1474719976811568,0.9975478285312928,11466237.0,300302,6.1,,,,,,,,
1d,S4,131072,45,46,A,0,n13,300302,0.1478345132566549,0.293319831019965,0.7001569996447028,0.7001540794563311,0.7001499961056338,1.003158083772682,0.0,0.005256001283057,2.920188371668964e-06,0.8584890434734438,0.582166503881925,0.003604156784255,0.1473691092640934,0.9968518583224636,11210186.0,300302,6.2,,,,,,,,
1d,S4,131072,45,46,B_teacher,0,n13,300302,0.1478345132566549,0.2914855119728528,0.6957784640511453,0.6947759679490552,0.6950106959471019,1.061239478223512,3.329981152306678e-06,0.0977572220692512,0.0010024961020901,0.8611317832925031,0.587471780579167,0.0085725925063396,0.1393036315461296,0.942294383614502,11210186.0,300302,0.0,,,,,,,,
1d,S4,131072,45,46,B,0,n13,300302,0.1478345132566549,0.293286568411774,0.7000776015083054,0.6991804922164354,0.6993350470946802,1.0579111316028638,3.329981152306678e-06,0.0922523612671002,0.00089710929187,0.8591024633623816,0.5831480912934347,0.0085172079815128,0.1397419016025171,0.9452589826565856,11466237.0,300302,13.9,11210186.0,,,,,,,
1d,S4,131072,45,46,B_nofresh,0,n13,300302,0.1478345132566549,0.2932737732816166,0.700047059420817,0.6992656763853822,0.699337604562569,1.053919148019419,0.0,0.0860144415062414,0.0007813830354348,0.8590954148137002,0.5830339523848106,0.0080381993587531,0.1402712091667311,0.9488393885614976,11210186.0,300302,13.3,11210186.0,,,,,,,
1d,S4,131072,45,46,C,0,n13,300302,0.1478345132566549,0.293071423564344,0.6995640488775755,0.6995639817053232,0.699564542065239,0.9995229529578994,0.0,-0.000796914740503,6.717225231600565e-08,0.8587876639829456,0.5827005555575647,0.0032490487797712,0.1479050709332553,1.0004772747245962,11466237.0,300302,6.5,,0.0223307777196168,,,,,,
1d,S4,131072,45,46,D,0,n13,300302,0.1478345132566549,0.2935061124043607,0.7006016549369638,0.7004947163013945,0.7004943915012426,1.019443403181783,0.0,0.0317032020111122,0.0001069386355693,0.8583876202372911,0.5830185698414065,0.0051951177177931,0.1450149295147224,0.980927432439017,,300302,11.8,,,11462071.0,11210186.0,0.0,,,
1d,S4,131072,45,46,E,0,n13,300302,0.1478345132566549,0.293222308475376,0.6999242124786264,0.6999233633235045,0.6999287663732676,0.998301635427814,0.0,-0.0028286514642849,8.491551218847704e-07,0.8585232955902637,0.5827663756409374,0.0038756231769542,0.1480860173020769,1.0017012539215746,11210186.0,300302,6.0,,,,,,0.6914842252938638,2.683713674545288,
7d,S4,131072,45,46,oracle,0,n13,300302,0.1956863424153019,0.3528312312467938,0.7137074323093493,0.7136938354858845,0.7137348567344642,0.9937835956381208,0.0,-0.0109895906783636,1.3596823464800956e-05,0.8501768100659195,0.616846603887952,0.0059813181649091,0.1969104171916314,1.0062552897725057,11466237.0,300302,6.3,,,,,,,,
7d,S4,131072,45,46,A,0,n13,300302,0.1956863424153019,0.3557867907368314,0.7196859415451058,0.719340714410616,0.7196145516776054,1.0320896639082953,0.0,0.0559098453582685,0.0003452271344898,0.8465604563755732,0.6135531639521155,0.0061734159843168,0.1896020755350664,0.9689080658101168,9486000.0,300302,5.2,,,,,,,,
7d,S4,131072,45,46,B_teacher,0,n13,300302,0.1956863424153019,0.3540099103611018,0.716091665817298,0.7155509118505065,0.7155965008187025,0.9623035474846664,0.0,-0.070033388019576,0.0005407539667915,0.8489730513560484,0.618226445703601,0.0092356273074385,0.2033519910913765,1.0391731409635423,9486000.0,300302,0.0,,,,,,,,
7d,S4,131072,45,46,B,0,n13,300302,0.1956863424153019,0.3555857526561118,0.7192792814774022,0.7185831625952074,0.7186090923455334,0.9573421800387268,0.0,-0.0793033851042662,0.0006961188821947,0.8470337683038969,0.6146225138722089,0.0101148778381087,0.2044058503798358,1.0445585923724237,11466237.0,300302,13.7,9486000.0,,,,,,,
7d,S4,131072,45,46,B_nofresh,0,n13,300302,0.1956863424153019,0.3557879242586406,0.7196882344343634,0.719168510147953,0.7191050046349593,0.9630059257114806,0.0,-0.0686339621230606,0.0005197242864103,0.8467698704854181,0.6138090326261032,0.00907648479273,0.2032036742356766,1.0384152093988288,9486000.0,300302,11.6,9486000.0,,,,,,,
7d,S4,131072,45,46,C,0,n13,300302,0.1956863424153019,0.3534720848998754,0.7150037518375575,0.7150012652670853,0.715002461492434,0.9973450711212796,0.0,-0.0047206716926689,2.4865704721932502e-06,0.8492816895929067,0.6160046591683094,0.0040426784805624,0.196207258732726,1.0026619962895444,11466237.0,300302,6.8,,0.1727015525102615,,,,,,
7d,S4,131072,45,46,D,0,n13,300302,0.1956863424153019,0.3551713905237553,0.718441109265477,0.7183802118795054,0.7183864016881775,1.0134317479937758,2.99698303707601e-05,0.0231813528803377,6.089738597159222e-05,0.8477180824866466,0.6142566335195825,0.0067769526348264,0.1930927690026381,0.9867462727308812,,300302,5.1,,,11462071.0,11210186.0,3.329981154820416e-06,,,9486000.0
7d,S4,131072,45,46,E,0,n13,300302,0.1956863424153019,0.3557618870735184,0.719635566385471,0.7195625785678359,0.7195490408129193,1.0146701007376575,0.0,0.0254664723131439,7.29878176350951e-05,0.8465822715232296,0.6133437645688503,0.0046687661483574,0.1928571091954315,0.9855419995848972,9486000.0,300302,5.2,,,,,,0.731743193714,5.980311393737793,
1d,S0,36,46,47,oracle,0,n13,295984,0.1340646791718471,0.3062857511400484,0.7772939370478371,0.7769348492180321,0.7771102251836312,0.9633391808791212,0.0,-0.055743779124059,0.0003590878298049,0.8138348284809468,0.491528753321355,0.0061629188922308,0.1391666422718349,1.0380559826160327,11754084.0,295984,6.1,,,,,,,,
1d,S0,36,46,47,A,0,n13,295984,0.1340646791718471,0.3063873239749842,0.7775517092375995,0.7771754489894149,0.7773645251861999,0.9624829357796844,0.0,-0.0570327007598759,0.0003762602481846,0.813556808019266,0.4914795455247624,0.0064538785529211,0.1392904478490775,1.0389794590902788,11466237.0,295984,6.0,,,,,,,,
1d,S0,36,46,47,B_teacher,0,n13,295984,0.1340646791718471,0.2840369871659227,0.7208308816183057,0.7208003289647139,0.7208172699092441,0.9894865105030904,0.0,-0.0169242776758557,3.05526535917533e-05,0.8503099715893687,0.5425639221415482,0.0027758176449336,0.1354891428521687,1.0106251973981577,11466237.0,295984,22.1,,,,,,,,
1d,S0,36,46,47,B,0,n13,295984,0.1340646791718471,0.3052196300592564,0.7745883281542664,0.774587995693237,0.7745913511507583,0.998854473517428,0.0,-0.0017058576727973,3.324610293731212e-07,0.8151987960195715,0.4938100389854352,0.0040031505570699,0.1342184299377901,1.0011468402184136,11754084.0,295984,13.9,11466237.0,,,,,,,
1d,S0,36,46,47,B_nofresh,0,n13,295984,0.1340646791718471,0.3053214812961155,0.7748468068742093,0.7748459416943255,0.7748522842304801,0.998151614773318,0.0,-0.0027485768543062,8.651798837355784e-07,0.8150116416687954,0.4935809935683314,0.0041900482518826,0.1343129412281654,1.0018518080813823,11466237.0,295984,14.0,11466237.0,,,,,,,
1d,S0,36,46,47,C,0,n13,295984,0.1340646791718471,0.3062932980494535,0.7773130896427658,0.7769288883251367,0.7770957372392413,0.9621364538351151,0.0,-0.0576854800855564,0.000384201317629,0.8138239242447974,0.4915743480837623,0.0063965058577733,0.1393406087436557,1.039353613527436,11754084.0,295984,6.7,,0.0244889352470636,,,,,,
1d,S0,36,46,47,D,0,n13,295984,0.1340646791718471,0.3074554480677662,0.7802624013878019,0.7799553905685124,0.7801134484070521,0.9659092019688388,0.0,-0.0513732493704284,0.0003070108192895,0.8119619805453319,0.4896344111636251,0.0074758228818179,0.1387963577721171,1.0352939986094685,,295984,12.2,,,11750774.0,11466237.0,0.0,,,
1d,S0,36,46,47,E,0,n13,295984,0.1340646791718471,0.3058466706978129,0.7761796358948924,0.7759565886789733,0.7760744115074504,0.9709351512690608,0.0,-0.0439742734633935,0.000223047215919,0.8145430248933929,0.492753726498312,0.0057732327344259,0.1380778922223774,1.0299349021332167,11466237.0,295984,6.9,,,,,,0.6947718602440818,3.3152098655700684,
7d,S0,36,46,47,oracle,0,n13,295984,0.1820301097356614,0.3725028946962363,0.7851126105359143,0.7846499166089042,0.7847470161629014,0.9622521113543392,0.0,-0.0617689315639627,0.0004626939270101,0.8074711701535681,0.538393549096944,0.0098045538386806,0.1891709122669108,1.0392286888230693,11754084.0,295984,6.0,,,,,,,,
7d,S0,36,46,47,A,0,n13,295984,0.1820301097356614,0.3742834471501869,0.7888654248233234,0.7888518014065699,0.7888967905279975,1.0066768607162166,0.0,0.0106997625429613,1.3623416753594242e-05,0.8044951998383899,0.5352333406975858,0.0086350534147068,0.1808227812111953,0.9933674240694612,9767244.0,295984,5.1,,,,,,,,
7d,S0,36,46,47,B_teacher,0,n13,295984,0.1820301097356614,0.3476533732482133,0.7327380573917434,0.7319405160893153,0.7320726067673,0.9526675322289264,0.0,-0.0841302783326244,0.000797541302428,0.8416801556329842,0.5862851970098045,0.0098251593642539,0.1910741193307714,1.0496841407624455,9767244.0,295984,19.0,,,,,,,,
7d,S0,36,46,47,B,0,n13,295984,0.1820301097356614,0.372024896960961,0.7841051497748959,0.783756712175628,0.7837073857120119,0.9672271302148684,0.0,-0.0538211541952952,0.0003484375992678,0.8083470496499628,0.538527236664054,0.0089336562860087,0.1881978948369899,1.0338833235352394,11754084.0,295984,14.1,9767244.0,,,,,,,
7d,S0,36,46,47,B_nofresh,0,n13,295984,0.1820301097356614,0.3733139710063061,0.7868220905109948,0.786558167964604,0.7865326347521461,0.9713268102022744,0.0,-0.0467694745812532,0.0002639225463908,0.806097574589,0.5366802624065595,0.0097062761819879,0.1874035678040786,1.029519611212785,9767244.0,295984,11.6,9767244.0,,,,,,,
7d,S0,36,46,47,C,0,n13,295984,0.1820301097356614,0.3727594495658574,0.7856533431484707,0.7853196514962357,0.7852998505270248,0.9678611298622524,0.0,-0.052591648433335,0.0003336916522349,0.8069828186781721,0.5378725844741512,0.0092454712922362,0.1880746153754187,1.0332060758988446,11754084.0,295984,6.5,,0.1690340191125869,,,,,,
7d,S0,36,46,47,D,0,n13,295984,0.1820301097356614,0.375635669279464,0.7917154607856128,0.7914519862794893,0.7914272918483686,0.9711092871658924,0.0,-0.0463337039991145,0.0002634745061235,0.8031990973743677,0.5339542674206608,0.0120218472653929,0.1874455451527008,1.0297502178343108,,295984,5.0,,,11750774.0,11466237.0,1.351424361928366e-05,,,9767244.0
7d,S0,36,46,47,E,0,n13,295984,0.1820301097356614,0.3735858938877277,0.7873952137976513,0.7872447574141384,0.7874405384089271,1.0225506080483835,0.0,0.0354684737081975,0.0001504563835129,0.8064160057781838,0.5350511650105264,0.0104765185140739,0.1780157464118864,0.977946707115628,9767244.0,295984,7.6,,,,,,0.7356800492425,6.293135643005371,
1d,S1,64,46,47,oracle,0,n13,295984,0.1340646791718471,0.3033455216979992,0.7698322039756076,0.7690466259887588,0.7690672714829929,0.9471088310175064,0.0,-0.0832891688479831,0.0007855779868487,0.8192702908511185,0.4995179440091471,0.0083398075444436,0.141551503672305,1.05584486940711,11754084.0,295984,6.2,,,,,,,,
1d,S1,64,46,47,A,0,n13,295984,0.1340646791718471,0.3036618621786071,0.7706350148693695,0.7696380955898792,0.7696458802361493,0.9407560319617128,0.0,-0.0938134919474506,0.0009969192794903,0.8188369836442266,0.4991189495488114,0.0091385078237994,0.1425073819535215,1.0629748479154033,11466237.0,295984,6.0,,,,,,,,
1d,S1,64,46,47,B_teacher,0,n13,295984,0.1340646791718471,0.2840369871659227,0.7208308816183057,0.7208003289647139,0.7208172699092441,0.9894865105030904,0.0,-0.0169242776758557,3.05526535917533e-05,0.8503099715893687,0.5425639221415482,0.0027758176449336,0.1354891428521687,1.0106251973981577,11466237.0,295984,0.0,,,,,,,,
1d,S1,64,46,47,B,0,n13,295984,0.1340646791718471,0.3014166161677846,0.7649370151913004,0.7649344408892588,0.7649380032362751,0.9968387990520852,0.0,-0.0047754622221189,2.574302041646881e-06,0.8223290776600045,0.5022149424177184,0.0026251535459934,0.1344898285453295,1.0031712258300147,11754084.0,295984,14.0,11466237.0,,,,,,,
1d,S1,64,46,47,B_nofresh,0,n13,295984,0.1340646791718471,0.3015953611184375,0.7653906352696203,0.7653889271163095,0.7653921827625055,0.9974228798763782,0.0,-0.0038891504799562,1.7081533107976554e-06,0.8219630593243238,0.5018709729714408,0.0025232885831494,0.1344110726520162,1.0025837788320449,11466237.0,295984,13.7,11466237.0,,,,,,,
1d,S1,64,46,47,C,0,n13,295984,0.1340646791718471,0.3033831782882089,0.7699277691109458,0.7691064884111594,0.7690988091147446,0.9460033277913842,0.0,-0.0852059756874252,0.0008212806997864,0.8192428166006445,0.4995080582470295,0.0084840162260065,0.1417169213187075,1.0570787338927028,11754084.0,295984,6.9,,0.0244889352470636,,,,,,
1d,S1,64,46,47,D,0,n13,295984,0.1340646791718471,0.3034101176177959,0.7699961359137701,0.7692315551072963,0.7690337931958664,0.9476627335743294,0.0,-0.0819732662502569,0.0007645808064737,0.8195382152093542,0.4998349760429731,0.0086364874665061,0.1414687677610695,1.0552277351123311,,295984,12.0,,,11750774.0,11466237.0,3.378561086719856e-05,,,
1d,S1,64,46,47,E,0,n13,295984,0.1340646791718471,0.3036991670889694,0.7707296875093432,0.7692656243227466,0.7694388602994008,0.9287051446176258,0.0,-0.1132186297396353,0.0014640631865966,0.8192054359155402,0.499758928463147,0.0103465492502629,0.1443565591822422,1.076768020286706,11466237.0,295984,6.0,,,,,,0.6947718602440818,3.3152098655700684,
7d,S1,64,46,47,oracle,0,n13,295984,0.1820301097356614,0.3682342968091973,0.7761158213078623,0.7758792430986756,0.7758287744169423,0.9729893655022064,0.0,-0.0445693535059023,0.0002365782091866,0.813953273718874,0.5456053223932036,0.006453342995721,0.1870833497154483,1.0277604621956502,11754084.0,295984,5.9,,,,,,,,
7d,S1,64,46,47,A,0,n13,295984,0.1820301097356614,0.3701749177878934,0.780206006979808,0.7801937758235703,0.7802311113118825,1.0063065284327346,0.0,0.0101671682059409,1.2231156237718643e-05,0.8108209343644167,0.5423034913864299,0.0070754011603511,0.1808893260577003,0.9937329946149146,9767244.0,295984,5.2,,,,,,,,
7d,S1,64,46,47,B_teacher,0,n13,295984,0.1820301097356614,0.3476533732482133,0.7327380573917434,0.7319405160893153,0.7320726067673,0.9526675322289264,0.0,-0.0841302783326244,0.000797541302428,0.8416801556329842,0.5862851970098045,0.0098251593642539,0.1910741193307714,1.0496841407624455,9767244.0,295984,0.0,,,,,,,,
7d,S1,64,46,47,B,0,n13,295984,0.1820301097356614,0.3664551283866728,0.7723659240998678,0.7721724596022667,0.7720973978340964,0.9755368052752664,0.0,-0.0403352964048904,0.0001934644976011,0.817063332037458,0.5472058056628539,0.0069403395853891,0.1865948150303751,1.0250766496891224,11754084.0,295984,14.0,9767244.0,,,,,,,
7d,S1,64,46,47,B_nofresh,0,n13,295984,0.1820301097356614,0.3683844401396484,0.7764322736732088,0.7762664554755235,0.7761643111130428,0.9773157816865894,0.0,-0.0373428000972633,0.0001658181976852,0.8141683497895692,0.544139327702498,0.0074154954935893,0.1862551625038996,1.0232107357094589,9767244.0,295984,11.6,9767244.0,,,,,,,
7d,S1,64,46,47,C,0,n13,295984,0.1820301097356614,0.368596309652853,0.7768788243684476,0.7766955325504161,0.7765568893629318,0.976217537413114,0.0,-0.039333224819647,0.0001832918180314,0.8134205949889708,0.5451179530513812,0.0069547740468337,0.1864646994746932,1.0243618473090612,11754084.0,295984,6.5,,0.1690340191125869,,,,,,
7d,S1,64,46,47,D,0,n13,295984,0.1820301097356614,0.3709833015533832,0.7819098119635415,0.7814223310279641,0.7796889423972805,0.9614767783833764,0.0,-0.0637358867643496,0.0004874809355773,0.8115749157316516,0.5436590915592018,0.0110956103884255,0.1893234593161221,1.0400667207807102,,295984,5.0,,,11750774.0,11466237.0,0.0005439483211375,,,9767244.0
7d,S1,64,46,47,E,0,n13,295984,0.1820301097356614,0.3700560611550163,0.7799554966008384,0.7799554410663169,0.7799546000746372,0.9995745227687506,0.0,-0.0006792196378088,5.5534521536948496e-08,0.8114328377707685,0.5418801848294033,0.0077014197773636,0.1821075923698524,1.000425658339181,9767244.0,295984,5.2,,,,,,0.7356800492425,6.293135643005371,
1d,S2,160,46,47,oracle,0,n13,295984,0.1340646791718471,0.2984773170366535,0.7574776430680653,0.756650372101845,0.7566182011428348,0.9463204572649796,0.0,-0.0863485520298588,0.0008272709662202,0.8274993727524973,0.5120001203067355,0.0093804445209263,0.1416694293593905,1.056724487273754,11754084.0,295984,5.9,,,,,,,,
1d,S2,160,46,47,A,0,n13,295984,0.1340646791718471,0.2987444522255955,0.7581555804581132,0.7572852715152002,0.7572470627456473,0.9450002240835154,0.0,-0.0885531104317427,0.0008703089429129,0.8270006449957941,0.5116289995888321,0.0096523670754888,0.1418673517266796,1.0582008072747546,11466237.0,295984,6.0,,,,,,,,
1d,S2,160,46,47,B_teacher,0,n13,295984,0.1340646791718471,0.2840369871659227,0.7208308816183057,0.7208003289647139,0.7208172699092441,0.9894865105030904,0.0,-0.0169242776758557,3.05526535917533e-05,0.8503099715893687,0.5425639221415482,0.0027758176449336,0.1354891428521687,1.0106251973981577,11466237.0,295984,0.0,,,,,,,,
1d,S2,160,46,47,B,0,n13,295984,0.1340646791718471,0.2967902874895177,0.7531962886997075,0.7531568348409449,0.7531879407936186,0.9877932113939812,0.0,-0.0187991738617633,3.945385876258367e-05,0.8301336930942302,0.5138152898278586,0.0039238217672404,0.1357214016308677,1.012357635652094,11754084.0,295984,14.0,11466237.0,,,,,,,
1d,S2,160,46,47,B_nofresh,0,n13,295984,0.1340646791718471,0.2970254896412379,0.7537931862237752,0.753738454532226,0.7537784049352686,0.9856431991573652,0.0,-0.0221310283396912,5.473169154923685e-05,0.8297384073560949,0.5133709704723186,0.0041715202274619,0.1360174546798072,1.014565920867621,11466237.0,295984,13.6,11466237.0,,,,,,,
1d,S2,160,46,47,C,0,n13,295984,0.1340646791718471,0.2984869319851851,0.7575020439459084,0.7566830270840157,0.7566183553133586,0.9466052566209668,0.0,-0.0859663005462462,0.0008190168618926,0.8274790645713374,0.511998067749675,0.0094641622503369,0.1416268061413569,1.056406557015786,11754084.0,295984,6.5,,0.0244889352470636,,,,,,
1d,S2,160,46,47,D,0,n13,295984,0.1340646791718471,0.2997563995290692,0.7607237067933222,0.7599376867294907,0.7598419054210908,0.9474885233822125,0.0,-0.08397411885747,0.0007860200638315,0.825481169874137,0.5112308395309053,0.0109137982321284,0.1414947789481203,1.0554217547990337,,295984,12.4,,,11750774.0,11466237.0,3.040704905288294e-05,,,
1d,S2,160,46,47,E,0,n13,295984,0.1340646791718471,0.2983024022496442,0.7570337432035231,0.7560947327997355,0.7560569938404913,0.9430150811830814,0.0,-0.0920492121340068,0.0009390104037876,0.8275977003008437,0.5135157730325896,0.0095340934379997,0.1421659969675704,1.0604284278735254,11466237.0,295984,5.9,,,,,,0.6947718602440818,3.3152098655700684,
7d,S2,160,46,47,oracle,0,n13,295984,0.1820301097356614,0.3622185140813519,0.7634365456589386,0.7629420740489037,0.7629214566144052,0.961642330572888,0.0,-0.0649158400804613,0.0004944716100349,0.8227994160578685,0.5572899439763694,0.0078812043212922,0.1892908662072092,1.0398876673869597,11754084.0,295984,6.3,,,,,,,,
7d,S2,160,46,47,A,0,n13,295984,0.1820301097356614,0.365073112159073,0.7694530920555995,0.7691415903692048,0.7690522524550514,0.9693388411666228,0.0,-0.0515227458689829,0.0003115016863947,0.8185940945446122,0.5522373554164342,0.0076039279109282,0.1877879045026027,1.0316310020100663,9767244.0,295984,5.2,,,,,,,,
7d,S2,160,46,47,B_teacher,0,n13,295984,0.1820301097356614,0.3476533732482133,0.7327380573917434,0.7319405160893153,0.7320726067673,0.9526675322289264,0.0,-0.0841302783326244,0.000797541302428,0.8416801556329842,0.5862851970098045,0.0098251593642539,0.1910741193307714,1.0496841407624455,9767244.0,295984,0.0,,,,,,,,
7d,S2,160,46,47,B,0,n13,295984,0.1820301097356614,0.3614089001067611,0.7617301478022571,0.761218203539447,0.7611721417975937,0.960990106150606,0.0,-0.0660472983447688,0.00051194426281,0.8242608919551874,0.5575844933440633,0.00798299761269,0.1894193380042288,1.04059343961995,11754084.0,295984,14.1,9767244.0,,,,,,,
7d,S2,160,46,47,B_nofresh,0,n13,295984,0.1820301097356614,0.3635939657926583,0.766335541879117,0.7657775028650096,0.7657368062653597,0.9592424902596368,0.0,-0.0687968297545887,0.0005580390141074,0.8212027008013774,0.5536566030963623,0.0082607431610054,0.1897644355666433,1.0424892664307766,9767244.0,295984,11.7,9767244.0,,,,,,,
7d,S2,160,46,47,C,0,n13,295984,0.1820301097356614,0.3626895154543103,0.7644292604076143,0.7640696794079596,0.7638969958763027,0.9672244175493764,0.0,-0.055532243579823,0.0003595809996547,0.822128853035857,0.5564014912326042,0.0079190711831969,0.1881984226544495,1.0338862231514645,11754084.0,295984,7.0,,0.1690340191125869,,,,,,
7d,S2,160,46,47,D,0,n13,295984,0.1820301097356614,0.366640475656881,0.772756574699476,0.7723463315988672,0.771342236455395,0.9648444513674248,0.0,-0.0589547637851005,0.0004102431006087,0.8176953269986635,0.5532028230337663,0.0131477785790214,0.1886626486556246,1.0364364935537027,,295984,5.3,,,11750774.0,11466237.0,0.0003986701776739,,,9767244.0
7d,S2,160,46,47,E,0,n13,295984,0.1820301097356614,0.3640764154305836,0.767352385775035,0.7670361487072405,0.7670378466780028,0.9690013668437106,0.0,-0.0517224911015697,0.0003162370677944,0.8195986076991457,0.5549643312586543,0.0067404502637085,0.1878533054381345,1.031990288370036,9767244.0,295984,5.0,,,,,,0.7356800492425,6.293135643005371,
1d,S3,896,46,47,oracle,0,n13,295984,0.1340646791718471,0.290559083349786,0.7373826990035085,0.7358744422332353,0.7361313744640413,0.9293387916983205,0.0,-0.117693552304038,0.0015082567702732,0.8410087239333447,0.5315194689242692,0.0104997182818323,0.1442581331689067,1.076033852167679,11754084.0,295984,6.2,,,,,,,,
1d,S3,896,46,47,A,0,n13,295984,0.1340646791718471,0.2907833660450991,0.7379518850613082,0.7364017719929675,0.7366528608516112,0.9284335770197272,0.0,-0.1193277034112549,0.0015501130683406,0.8406632058565996,0.5312447088245023,0.0106331382573754,0.144398783596555,1.0770829758333398,11466237.0,295984,5.9,,,,,,,,
1d,S3,896,46,47,B_teacher,0,n13,295984,0.1340646791718471,0.2840369871659227,0.7208308816183057,0.7208003289647139,0.7208172699092441,0.9894865105030904,0.0,-0.0169242776758557,3.05526535917533e-05,0.8503099715893687,0.5425639221415482,0.0027758176449336,0.1354891428521687,1.0106251973981577,11466237.0,295984,0.0,,,,,,,,
1d,S3,896,46,47,B,0,n13,295984,0.1340646791718471,0.2879950499297954,0.7308756786007362,0.7307224088324087,0.7307818434677273,0.976550970671648,0.0,-0.0376328250764836,0.0001532697683275,0.8445766759865803,0.5341196567652993,0.0041733708017821,0.1372838522495561,1.024012089519735,11754084.0,295984,14.2,11466237.0,,,,,,,
1d,S3,896,46,47,B_nofresh,0,n13,295984,0.1340646791718471,0.2881534174889374,0.7312775848046258,0.731101343769311,0.7311696915344511,0.9748822009680946,0.0,-0.0403378423272917,0.0001762410353147,0.8443149160614668,0.5338727847953795,0.0042870481657137,0.1375188500094841,1.025764958070793,11466237.0,295984,13.7,11466237.0,,,,,,,
1d,S3,896,46,47,C,0,n13,295984,0.1340646791718471,0.2905739035722889,0.7374203098589085,0.7359418650910895,0.7361523305517983,0.9300492702163128,0.0,-0.1166176857994898,0.0014784447678189,0.8409769255977015,0.5315179831959771,0.0103905089885927,0.1441479322280056,1.0752118538487945,11754084.0,295984,6.6,,0.0244889352470636,,,,,,
1d,S3,896,46,47,D,0,n13,295984,0.1340646791718471,0.290773003195264,0.7379255861547566,0.7366711584140841,0.736838437655599,0.9350691265383267,0.0,-0.1071130836360793,0.0012544277406724,0.8406749251081993,0.5305374052097326,0.0093094044835093,0.1433740836553564,1.069439650629949,,295984,12.1,,,11750774.0,11466237.0,2.702848723856732e-05,,,
1d,S3,896,46,47,E,0,n13,295984,0.1340646791718471,0.2907388920091455,0.7378390185685832,0.7361930485735896,0.736471575901274,0.9263523908716422,0.0,-0.1228911190137286,0.0016459699949936,0.8406815219744199,0.5315821625185377,0.0106585174139578,0.144723196585805,1.0795028002886242,11466237.0,295984,6.0,,,,,,0.6947718602440818,3.3152098655700684,
7d,S3,896,46,47,oracle,0,n13,295984,0.1820301097356614,0.3527345719847856,0.7434475398186523,0.7424837056888831,0.7427264221916738,0.947722189106009,0.0,-0.091631508054433,0.0009638341297691,0.8355413731942962,0.5761917377494237,0.0104115704086446,0.1920711700412662,1.0551615351997876,11754084.0,295984,6.4,,,,,,,,
7d,S3,896,46,47,A,0,n13,295984,0.1820301097356614,0.3554807863426795,0.7492356492650918,0.7491857468976131,0.7490878163178206,0.9877790801574086,0.0,-0.0210548632410653,4.990236747870469e-05,0.8317180768294085,0.5706560241158277,0.0075480095442163,0.1842822078259177,1.0123721185111998,9767244.0,295984,5.2,,,,,,,,
7d,S3,896,46,47,B_teacher,0,n13,295984,0.1820301097356614,0.3476533732482133,0.7327380573917434,0.7319405160893153,0.7320726067673,0.9526675322289264,0.0,-0.0841302783326244,0.000797541302428,0.8416801556329842,0.5862851970098045,0.0098251593642539,0.1910741193307714,1.0496841407624455,9767244.0,295984,0.1,,,,,,,,
7d,S3,896,46,47,B,0,n13,295984,0.1820301097356614,0.3520577695222985,0.7420210646000538,0.7413346889311945,0.7413435963283722,0.9557627429971456,0.0,-0.0776985404102721,0.0006863756688593,0.8363009672531938,0.577107204176104,0.0086232805436756,0.1904553311681087,1.046284768188528,11754084.0,295984,14.0,9767244.0,,,,,,,
7d,S3,896,46,47,B_nofresh,0,n13,295984,0.1820301097356614,0.353277765063047,0.7445924107492435,0.7438476064801967,0.7438440150981979,0.9539340785754188,0.0,-0.0808276350611041,0.0007448042690468,0.8349262252775904,0.5743689116925317,0.0090102574102933,0.1908204286060317,1.0482904662483334,9767244.0,295984,11.7,9767244.0,,,,,,,
7d,S3,896,46,47,C,0,n13,295984,0.1820301097356614,0.3532823707600119,0.7446021180315733,0.7439723207607887,0.7439439189288778,0.9575359429216044,0.0,-0.0743934531092418,0.0006297972707846,0.8347344343682024,0.5749339428252911,0.0087221509121864,0.1901026390510801,1.0443472199579589,11754084.0,295984,7.0,,0.1690340191125869,,,,,,
7d,S3,896,46,47,D,0,n13,295984,0.1820301097356614,0.3544105119334271,0.7469798656258178,0.7463769863792954,0.7457433847522494,0.9582567352921172,0.0,-0.0725049075757836,0.0006028792465223,0.8338347123741203,0.5727172659365461,0.0080369353268747,0.1899596455016524,1.0435616710746705,,295984,5.3,,,11750774.0,11466237.0,0.0002060922124655,,,9767244.0
7d,S3,896,46,47,E,0,n13,295984,0.1820301097356614,0.3547193629905458,0.747630821264482,0.7476228633755241,0.74766367114914,1.0049656589602511,0.0,0.0083914522432411,7.957888957910164e-06,0.8326295054556634,0.5720294661616152,0.0070330313815316,0.1811306765685822,0.9950588769715886,9767244.0,295984,5.4,,,,,,0.7356800492425,6.293135643005371,
1d,S4,131072,46,47,oracle,0,n13,295984,0.1340646791718471,0.2869741697868201,0.7282848824483407,0.7270325830377654,0.7272879776111294,0.9355031337821852,0.0,-0.1076749767120831,0.0012522994105752,0.846822542305524,0.5381274285659453,0.0095407537628215,0.1433075682278383,1.0689435063216275,11754084.0,295984,6.5,,,,,,,,
1d,S4,131072,46,47,A,0,n13,295984,0.1340646791718471,0.2870196112071935,0.7284002039754298,0.7272602171496019,0.7274718704424404,0.9383489713611908,0.0,-0.1028155357517234,0.0011399868258279,0.8466405496209417,0.5381730853629004,0.0092021196590785,0.1428729430772112,1.0657015998529595,11466237.0,295984,6.0,,,,,,,,
1d,S4,131072,46,47,B_teacher,0,n13,295984,0.1340646791718471,0.2840369871659227,0.7208308816183057,0.7208003289647139,0.7208172699092441,0.9894865105030904,0.0,-0.0169242776758557,3.05526535917533e-05,0.8503099715893687,0.5425639221415482,0.0027758176449336,0.1354891428521687,1.0106251973981577,11466237.0,295984,0.0,,,,,,,,
1d,S4,131072,46,47,B,0,n13,295984,0.1340646791718471,0.2856678148498999,0.7249696065390925,0.7248994266391167,0.724954324555097,0.9840672890396278,0.0,-0.0255302561528344,7.017989997581964e-05,0.8481076741341251,0.5393377709917593,0.0029435746141725,0.1362352764541982,1.016190672261773,11754084.0,295984,14.1,11466237.0,,,,,,,
1d,S4,131072,46,47,B_nofresh,0,n13,295984,0.1340646791718471,0.2857243065308054,0.725112971487994,0.7250409942965332,0.725096066015357,0.9838674919281166,0.0,-0.0258552144200404,7.197719146079251e-05,0.8480305452467827,0.5392424023959588,0.0030665644982487,0.1362629421865705,1.0163970333446712,11466237.0,295984,14.0,11466237.0,,,,,,,
1d,S4,131072,46,47,C,0,n13,295984,0.1340646791718471,0.2869851486120861,0.7283127445812784,0.7271016502468389,0.7273033331648452,0.9365740088846284,0.0,-0.1059970327143623,0.0012110943344394,0.8467813181475705,0.5381738393766908,0.0094152326099215,0.1431437109081273,1.0677212804473464,11754084.0,295984,6.9,,0.0244889352470636,,,,,,
1d,S4,131072,46,47,D,0,n13,295984,0.1340646791718471,0.2868511076916316,0.7279725746765477,0.7271856867328931,0.7274056554075842,0.9481502040346624,0.0,-0.0851635939238148,0.0007868879436546,0.8467992916029654,0.5384314554163245,0.0074328135460426,0.1413960347225174,1.0546852131072704,,295984,12.4,,,11750774.0,11466237.0,0.0,,,
1d,S4,131072,46,47,E,0,n13,295984,0.1340646791718471,0.2872586522133365,0.7290068437687899,0.7276568443776796,0.7279405684021957,0.9331555055943456,0.0,-0.1117544152386113,0.0013499993911102,0.8463508489426634,0.5381339556608101,0.0097166558214888,0.1436681007271758,1.0716327493166105,11466237.0,295984,6.4,,,,,,0.6947718602440818,3.3152098655700684,
7d,S4,131072,46,47,oracle,0,n13,295984,0.1820301097356614,0.3477123309669667,0.7328623207173195,0.7318916842381709,0.7321792522019434,0.9477891746164862,0.0,-0.0923988319934195,0.0009706364791486,0.8418574685224685,0.5847737064581362,0.010354526043737,0.1920575953078575,1.0550869610898863,11754084.0,295984,6.4,,,,,,,,
7d,S4,131072,46,47,A,0,n13,295984,0.1820301097356614,0.3497585220804925,0.7371750132350667,0.7370789537481642,0.7369929451488886,0.9831664774407628,0.0,-0.0293020078663513,9.60594869025e-05,0.8388935466008912,0.5810609176687096,0.0054559837167602,0.1851467822718039,1.0171217417858427,9767244.0,295984,5.5,,,,,,,,
7d,S4,131072,46,47,B_teacher,0,n13,295984,0.1820301097356614,0.3476533732482133,0.7327380573917434,0.7319405160893153,0.7320726067673,0.9526675322289264,0.0,-0.0841302783326244,0.000797541302428,0.8416801556329842,0.5862851970098045,0.0098251593642539,0.1910741193307714,1.0496841407624455,9767244.0,295984,0.0,,,,,,,,
7d,S4,131072,46,47,B,0,n13,295984,0.1820301097356614,0.3494559707270038,0.7365373352831884,0.7356278616490234,0.7357775759125018,0.9494627819383304,0.0,-0.089586772506679,0.000909473634165,0.8395528028623331,0.5827468179544611,0.0102084381863701,0.1917190575538374,1.053227171220443,11754084.0,295984,14.0,9767244.0,,,,,,,
7d,S4,131072,46,47,B_nofresh,0,n13,295984,0.1820301097356614,0.3495944898251706,0.7368292876205239,0.7362145477675655,0.736242583686862,0.9581966245715058,0.0,-0.0738044300678144,0.0006147398529584,0.8392761244858897,0.58209684835249,0.0086317268360207,0.189971562274145,1.0436271370160464,9767244.0,295984,11.7,9767244.0,,,,,,,
7d,S4,131072,46,47,C,0,n13,295984,0.1820301097356614,0.3482065443097901,0.7339039586032807,0.7332526248984287,0.7332520550765901,0.9570378922312778,0.0,-0.0760090789451144,0.000651333704852,0.8411455155696637,0.5836974354540295,0.0086586561031059,0.1902015700875425,1.044890707167883,11754084.0,295984,6.7,,0.1690340191125869,,,,,,
7d,S4,131072,46,47,D,0,n13,295984,0.1820301097356614,0.3492227212479061,0.7360457227076945,0.7354219272021401,0.7355211638741634,0.9576112454530322,0.0,-0.0738286250957568,0.0006237955055544,0.8401241482410178,0.5822497880135881,0.0080575804413117,0.1900876901769731,1.0442650968733291,,295984,5.3,,,11750774.0,11466237.0,6.757121809641831e-06,,,9767244.0
7d,S4,131072,46,47,E,0,n13,295984,0.1820301097356614,0.3498432489215888,0.7373535893276092,0.7371950844604414,0.7371617070549844,0.9783470686824622,0.0,-0.0374267605409006,0.0001585048671678,0.8387351291395939,0.5811868190912776,0.0058766880683086,0.1860588287761733,1.0221321574016649,9767244.0,295984,5.3,,,,,,0.7356800492425,6.293135643005371,
1d,S0,36,47,48,oracle,0,n13,286148,0.1243831863231614,0.3007467632703016,0.8007781245983074,0.7999154480859485,0.8000358283473075,0.942286446510374,0.0,-0.0857427967951674,0.0008626765123589,0.8011669594585185,0.4494785744024807,0.0089911949385736,0.1320014596238725,1.061248417297479,12054386.0,286148,6.2,,,,,,,,
1d,S0,36,47,48,A,0,n13,286148,0.1243831863231614,0.3009117932502806,0.8012175387965953,0.80018410165629,0.8003344000266182,0.9370905899964947,0.0,-0.0937830768211102,0.0010334371403053,0.8007226413733447,0.4496658056588566,0.0091679925535273,0.1327333639361662,1.0671326877839429,11754084.0,286148,6.0,,,,,,,,
1d,S0,36,47,48,B_teacher,0,n13,286148,0.1243831863231614,0.279264955587205,0.7435799639850514,0.7435026108914811,0.7434364632289863,0.9828312276878832,0.0,-0.026798928406475,7.73530935703759e-05,0.8403687923389916,0.5024271523089736,0.0052301184626669,0.1265559974277309,1.0174686882431547,11754084.0,286148,22.6,,,,,,,,
1d,S0,36,47,48,B,0,n13,286148,0.1243831863231614,0.299430126814992,0.7972724055009652,0.7972694044004465,0.7972740212546099,1.0035623219453949,0.0,0.0051018163722415,3.001100518762456e-06,0.8024624075009752,0.4521791646091196,0.0048209571731583,0.1239416662056881,0.99645032314636,12054386.0,286148,14.3,11754084.0,,,,,,,
1d,S0,36,47,48,B_nofresh,0,n13,286148,0.1243831863231614,0.2996447376459953,0.7978438352876088,0.7977036146456319,0.7977078021862178,0.976147937578054,0.0,-0.034768732778478,0.0001402206419769,0.8020118935415709,0.4521381491506202,0.0048586186275822,0.1274224751545055,1.0244348848199445,11754084.0,286148,13.7,11754084.0,,,,,,,
1d,S0,36,47,48,C,0,n13,286148,0.1243831863231614,0.300791214123983,0.8008964808886986,0.8000412592672442,0.8001379828537383,0.942546401889346,0.0,-0.0854073906348493,0.0008552216214543,0.8011003673368752,0.449319160687578,0.0090189538974749,0.1319650534698703,1.0609557237664773,12054386.0,286148,6.5,,0.0249122604727745,,,,,,
1d,S0,36,47,48,D,0,n13,286148,0.1243831863231614,0.3020248062787313,0.8041810835273335,0.8032111729027088,0.8033256229497818,0.9387681002608912,0.0,-0.0905749048058063,0.0009699106246247,0.799425636947376,0.4463115597360377,0.0110696826520076,0.1324961790761684,1.0652257993450056,,286148,12.1,,,12051203.0,11754084.0,3.494694965411327e-06,,,
1d,S0,36,47,48,E,0,n13,286148,0.1243831863231614,0.3008414707927154,0.8010302959312896,0.8005302723827749,0.8004919089229926,0.955688992163532,0.0,-0.0655274253648619,0.0005000235485147,0.800994831370061,0.447848819392467,0.0076416667640546,0.1301502762332515,1.046365510327952,11754084.0,286148,7.0,,,,,,0.7020514449807722,3.679925203323364,
7d,S0,36,47,48,oracle,0,n13,286148,0.1720019011141088,0.3668220670335417,0.7990959675432145,0.7984332710875792,0.7984827952967496,0.953887551899768,0.0,-0.0735931241797231,0.0006626964556353,0.7996837306245863,0.5101318235267658,0.0102212763388076,0.1803167477880896,1.0483415975063246,12054386.0,286148,6.6,,,,,,,,
7d,S0,36,47,48,A,0,n13,286148,0.1720019011141088,0.3686079395754395,0.8029863647549128,0.802776329048651,0.8026491222246739,0.973711045514951,0.0,-0.0416590766161501,0.0002100357062617,0.7962619883911056,0.5068221458330304,0.0086638502724118,0.1766457327421451,1.02699872267665,10052380.0,286148,5.5,,,,,,,,
7d,S0,36,47,48,B_teacher,0,n13,286148,0.1720019011141088,0.3430712395271473,0.7473564671373166,0.7463407742826457,0.7462751736687167,0.9455959521687016,0.0,-0.0948280932547479,0.0010156928546709,0.8347715693785932,0.5602100765169674,0.0112340150087031,0.1818978821975988,1.0575341378170289,10052380.0,286148,19.5,,,,,,,,
7d,S0,36,47,48,B,0,n13,286148,0.1720019011141088,0.3662342322824647,0.7978154110517088,0.7973312472879714,0.7971774118503355,0.9605801040342772,0.0,-0.0632819901920351,0.0004841637637373,0.8008973268522486,0.5104558620210877,0.0089953270853445,0.1790604452369243,1.0410375936376004,12054386.0,286148,14.5,10052380.0,,,,,,,
7d,S0,36,47,48,B_nofresh,0,n13,286148,0.1720019011141088,0.3671674059809955,0.7998482640519213,0.7995722936769752,0.7994684543636376,0.9699731474671716,0.0,-0.0477603969870534,0.000275970374946,0.798897919627238,0.5092627367660482,0.0091298912980111,0.1773264564727861,1.0309563750411397,10052380.0,286148,11.9,10052380.0,,,,,,,
7d,S0,36,47,48,C,0,n13,286148,0.1720019011141088,0.3672809634835213,0.8000956410515837,0.7994362138180772,0.7993850200454024,0.9540441985401166,0.0,-0.0734932168472638,0.0006594272335065,0.798998592234864,0.5091682580744001,0.0101271017405561,0.1802871411799443,1.0481694679661648,12054386.0,286148,6.5,,0.166081041097641,,,,,,
7d,S0,36,47,48,D,0,n13,286148,0.1720019011141088,0.370160805138273,0.8063691727179995,0.805564767456064,0.8053601609163886,0.9490237486942764,0.0,-0.0804635072434191,0.0008044052619354,0.7952220118508793,0.5040997163533463,0.0136579821142827,0.1812408818543891,1.0537144105991656,,286148,5.5,,,12051203.0,11754084.0,2.795755972329061e-05,,,10052380.0
7d,S0,36,47,48,E,0,n13,286148,0.1720019011141088,0.3678801777071686,0.8014009869204495,0.8014003634918374,0.8013898912229049,0.9985350114693372,0.0,-0.0022673174755856,6.234286120676558e-07,0.7983117252954085,0.5056741397262631,0.0089937066676451,0.1722542516170857,1.0014671378708164,10052380.0,286148,7.7,,,,,,0.7368551779975001,6.009226322174072,
1d,S1,64,47,48,oracle,0,n13,286148,0.1243831863231614,0.2982214522512404,0.7940541492514682,0.7929414028822024,0.7927844625571905,0.9355399320418116,0.0,-0.0984048626736585,0.0011127463692658,0.8068184371556221,0.4562277713713587,0.0093637928728517,0.1329533695602877,1.0689014608040348,12054386.0,286148,6.5,,,,,,,,
1d,S1,64,47,48,A,0,n13,286148,0.1243831863231614,0.298561578397239,0.7949597802027638,0.7933427202543679,0.7932176594423175,0.923047077350013,0.0,-0.118404193213643,0.0016170599483958,0.8062931245562599,0.4562682296402676,0.0110308118138371,0.1347528087952508,1.0833683617426233,11754084.0,286148,6.2,,,,,,,,
1d,S1,64,47,48,B_teacher,0,n13,286148,0.1243831863231614,0.279264955587205,0.7435799639850514,0.7435026108914811,0.7434364632289863,0.9828312276878832,0.0,-0.026798928406475,7.73530935703759e-05,0.8403687923389916,0.5024271523089736,0.0052301184626669,0.1265559974277309,1.0174686882431547,11754084.0,286148,0.0,,,,,,,,
1d,S1,64,47,48,B,0,n13,286148,0.1243831863231614,0.2956153456281236,0.7871150448984578,0.7871006590211519,0.7870859199211437,0.9923067175299596,0.0,-0.0112182727013721,1.4385877305955752e-05,0.8107502803403352,0.4606901812591805,0.0051429965825196,0.1253475202030022,1.0077529279346111,12054386.0,286148,15.1,11754084.0,,,,,,,
1d,S1,64,47,48,B_nofresh,0,n13,286148,0.1243831863231614,0.295898340086994,0.7878685551593224,0.7877686011509769,0.7877338464203569,0.9799246272803848,0.0,-0.0295451356036789,9.995400834550416e-05,0.8102061802369018,0.4602101828192517,0.0054227370782949,0.1269313811087348,1.0204866498511531,11754084.0,286148,13.9,11754084.0,,,,,,,
1d,S1,64,47,48,C,0,n13,286148,0.1243831863231614,0.298261658569751,0.7941612039043058,0.7930479255302564,0.7928640953207191,0.935546525534293,0.0,-0.0984635690510905,0.0011132783740493,0.8067606564667971,0.4561412739472104,0.0094236949112933,0.1329524325389652,1.0688939274600988,12054386.0,286148,6.8,,0.0249122604727745,,,,,,
1d,S1,64,47,48,D,0,n13,286148,0.1243831863231614,0.298376565709311,0.7944671593956274,0.7931836506623728,0.7927768788839696,0.9307554386348754,0.0,-0.1052119018656319,0.0012835087332545,0.8074634493780415,0.4557376085654289,0.0104450925860018,0.1336368085107215,1.074396085685714,,286148,12.9,,,12051203.0,11754084.0,4.193633867544122e-05,,,
1d,S1,64,47,48,E,0,n13,286148,0.1243831863231614,0.2988547954605221,0.7957405095029992,0.7941637402559708,0.7939400464970993,0.9239861089709284,0.0,-0.1169895037550325,0.0015767692470284,0.8061906986091524,0.4549419578669517,0.0108351410748018,0.1346158617705744,1.0822673526052575,11754084.0,286148,6.5,,,,,,0.7020514449807722,3.679925203323364,
7d,S1,64,47,48,oracle,0,n13,286148,0.1720019011141088,0.3631921083730523,0.7911883589541151,0.7907303385322635,0.7906306840077492,0.9616906697150864,0.0,-0.0616615252175214,0.0004580204218516,0.8054795094720075,0.5164929129202313,0.0088302323605612,0.1788536652487921,1.0398353976921322,12054386.0,286148,6.7,,,,,,,,
7d,S1,64,47,48,A,0,n13,286148,0.1720019011141088,0.3650820348518501,0.795305430318915,0.7950621716467668,0.794962374359343,0.9718102701024576,0.0,-0.044916894565113,0.0002432586721481,0.8020605010860982,0.5130617594211644,0.0074253261642374,0.176991236258467,1.0290074418482635,10052380.0,286148,5.5,,,,,,,,
7d,S1,64,47,48,B_teacher,0,n13,286148,0.1720019011141088,0.3430712395271473,0.7473564671373166,0.7463407742826457,0.7462751736687167,0.9455959521687016,0.0,-0.0948280932547479,0.0010156928546709,0.8347715693785932,0.5602100765169674,0.0112340150087031,0.1818978821975988,1.0575341378170289,10052380.0,286148,0.0,,,,,,,,
7d,S1,64,47,48,B,0,n13,286148,0.1720019011141088,0.3611769784363182,0.7867985406982451,0.7864449829810455,0.7862805016851211,0.9663155969010108,0.0,-0.0543613374474419,0.0003535577171995,0.8089033147399284,0.5191513987081046,0.0066116051111061,0.1779976455577469,1.0348585940318211,12054386.0,286148,14.3,10052380.0,,,,,,,
7d,S1,64,47,48,B_nofresh,0,n13,286148,0.1720019011141088,0.3628130313124105,0.7903625663484612,0.7902151856670329,0.7900471659698478,0.9780440423018478,0.0,-0.0351361431259544,0.0001473806814283,0.8062836220266936,0.5157882210803942,0.0072506029460742,0.1758631448838424,1.022448843557677,10052380.0,286148,11.9,10052380.0,,,,,,,
7d,S1,64,47,48,C,0,n13,286148,0.1720019011141088,0.3637080212913978,0.7923122388122361,0.7918525445247642,0.7916360416136843,0.961684320484152,0.0,-0.0618783332295331,0.0004596942874719,0.804771420612007,0.5155235605861372,0.0085669825865187,0.1788548460762216,1.0398422628920043,12054386.0,286148,6.8,,0.166081041097641,,,,,,
7d,S1,64,47,48,D,0,n13,286148,0.1720019011141088,0.3653819207384032,0.7959587105444085,0.7951065372060925,0.7939986194718592,0.948074839141662,0.0,-0.0836143453704777,0.0008521733383159,0.8033973046976212,0.5147811505458965,0.0110319955249987,0.181422282306142,1.0547690527314786,,286148,5.4,,,12051203.0,11754084.0,0.0004298474814277,,,10052380.0
7d,S1,64,47,48,E,0,n13,286148,0.1720019011141088,0.3646057267951749,0.7942678268549918,0.7941262853188095,0.7941107040270884,0.9782806804784184,0.0,-0.0341195896543504,0.0001415415361822,0.8030296233805794,0.5130853876416933,0.0075749475712932,0.1758206050128609,1.0222015214600375,10052380.0,286148,5.3,,,,,,0.7368551779975001,6.009226322174072,
1d,S2,160,47,48,oracle,0,n13,286148,0.1243831863231614,0.2943569507216977,0.7837644016455957,0.7822916266027004,0.7818964348496643,0.9271353887446802,0.0,-0.11431034295317,0.0014727750428953,0.8156356285199597,0.4662319662437553,0.0117006658777099,0.1341586006026297,1.0785911228714684,12054386.0,286148,6.3,,,,,,,,
1d,S2,160,47,48,A,0,n13,286148,0.1243831863231614,0.2946003220921989,0.7844124101811878,0.7828256936965027,0.7824431487050894,0.924506832993712,0.0,-0.11857479735431,0.0015867164846851,0.8150802320628806,0.4661110949580285,0.0118343097528016,0.1345400400345201,1.0816577707293176,11754084.0,286148,6.1,,,,,,,,
1d,S2,160,47,48,B_teacher,0,n13,286148,0.1243831863231614,0.279264955587205,0.7435799639850514,0.7435026108914811,0.7434364632289863,0.9828312276878832,0.0,-0.026798928406475,7.73530935703759e-05,0.8403687923389916,0.5024271523089736,0.0052301184626669,0.1265559974277309,1.0174686882431547,11754084.0,286148,0.0,,,,,,,,
1d,S2,160,47,48,B,0,n13,286148,0.1243831863231614,0.2922372311660192,0.7781203673357565,0.7779441063520942,0.7778472949957772,0.973679854550494,0.0,-0.0395177209797634,0.0001762609836623,0.818506341435869,0.4680675652641995,0.0061075029876574,0.1277454655571402,1.0270316216634234,12054386.0,286148,14.5,11754084.0,,,,,,,
1d,S2,160,47,48,B_nofresh,0,n13,286148,0.1243831863231614,0.2924775252823763,0.7787601822742654,0.7785621622903546,0.7784612732512887,0.9721306668752482,0.0,-0.0418703066562735,0.0001980199839107,0.81809960906777,0.4675097158212688,0.0064454005326788,0.127949040763183,1.0286682995140284,11754084.0,286148,14.0,11754084.0,,,,,,,
1d,S2,160,47,48,C,0,n13,286148,0.1243831863231614,0.2944307470398086,0.7839608941251041,0.7824481569633175,0.7820139022339446,0.9262379637699384,0.0,-0.115887447013756,0.0015127371617865,0.815554417752621,0.4661196398488895,0.0118103903826127,0.134288585858543,1.0796361616725774,12054386.0,286148,6.7,,0.0249122604727745,,,,,,
1d,S2,160,47,48,D,0,n13,286148,0.1243831863231614,0.2957140237938518,0.7873777885956182,0.7860116956548923,0.7855066280726224,0.9294582913129816,0.0,-0.1097843879713851,0.0013660929407259,0.814070278716094,0.4641735960841884,0.013250568388526,0.1338233113693072,1.075895507465288,,286148,12.6,,,12051203.0,11754084.0,2.446286453050561e-05,,,
1d,S2,160,47,48,E,0,n13,286148,0.1243831863231614,0.2944708307988484,0.7840676224471039,0.7825985432756984,0.7821963171894125,0.9272386744677358,0.0,-0.1142001424277397,0.0014690791714054,0.8148089545120477,0.467034428931583,0.0114370064354535,0.1341436565882687,1.0784709779000876,11754084.0,286148,6.2,,,,,,0.7020514449807722,3.679925203323364,
7d,S2,160,47,48,oracle,0,n13,286148,0.1720019011141088,0.3583601048407521,0.7806621805018723,0.7796761893753559,0.7795322004463136,0.945051977014235,0.0,-0.0911239340631289,0.0009859911265164,0.8139200784051019,0.5258736291916123,0.0106847439203312,0.1820025832415331,1.0581428580884682,12054386.0,286148,6.2,,,,,,,,
7d,S2,160,47,48,A,0,n13,286148,0.1720019011141088,0.3612731313185423,0.7870080029617188,0.7860431683285672,0.7858459543685504,0.9455234112104578,0.0,-0.0899818502701721,0.0009648346331515,0.8093192058467114,0.520564656416514,0.0108858186044477,0.1819118374804831,1.0576152722858565,10052380.0,286148,5.4,,,,,,,,
7d,S2,160,47,48,B_teacher,0,n13,286148,0.1720019011141088,0.3430712395271473,0.7473564671373166,0.7463407742826457,0.7462751736687167,0.9455959521687016,0.0,-0.0948280932547479,0.0010156928546709,0.8347715693785932,0.5602100765169674,0.0112340150087031,0.1818978821975988,1.0575341378170289,10052380.0,286148,0.0,,,,,,,,
7d,S2,160,47,48,B,0,n13,286148,0.1720019011141088,0.3573608056182492,0.7784852777175637,0.7775510321986872,0.7772945570065521,0.9465764516019208,0.0,-0.0889306219550435,0.0009342455188765,0.8156527158750962,0.5268537681767734,0.0099852434268424,0.1817094655408177,1.0564387042458838,12054386.0,286148,14.3,10052380.0,,,,,,,
7d,S2,160,47,48,B_nofresh,0,n13,286148,0.1720019011141088,0.3593233280963177,0.7827604943399433,0.7818717122023198,0.7816154547026485,0.9477327276987604,0.0,-0.086567982850839,0.0008887821376235,0.8127340121854172,0.5226715605830214,0.0102195507312131,0.1814877719077568,1.0551498020208214,10052380.0,286148,12.0,10052380.0,,,,,,,
7d,S2,160,47,48,C,0,n13,286148,0.1720019011141088,0.3590153707980961,0.7820896311141442,0.7812459287047934,0.7808990362702694,0.9491033509629304,0.0,-0.0845029974990691,0.0008437024093508,0.813067363691805,0.5243018280491031,0.0102138864280824,0.1812256809962804,1.0536260344939583,12054386.0,286148,6.7,,0.166081041097641,,,,,,
7d,S2,160,47,48,D,0,n13,286148,0.1720019011141088,0.3624728136079398,0.7896214261059237,0.7888076478415922,0.7877712057621554,0.9496571524457794,0.0,-0.0824771261676541,0.0008137782643314,0.8092707467262985,0.5209828169921144,0.0146980991162943,0.1811199975392479,1.0530116025815903,,286148,5.3,,,12051203.0,11754084.0,0.0003774270589929,,,10052380.0
7d,S2,160,47,48,E,0,n13,286148,0.1720019011141088,0.359944178239147,0.7841129725307883,0.7831051909774247,0.7831150127007594,0.9442310881709352,0.0,-0.091702453187578,0.0010077815533635,0.8102385093003563,0.5250675564236691,0.010211653855519,0.1821608113404661,1.0590627787283455,10052380.0,286148,5.3,,,,,,0.7368551779975001,6.009226322174072,
1d,S3,896,47,48,oracle,0,n13,286148,0.1243831863231614,0.2868852135960306,0.7638699110850913,0.7619040322792672,0.7617159461277933,0.9174161666558144,0.0,-0.1333651122335042,0.0019658788058241,0.8291409434525281,0.4863727915242515,0.0114608601263691,0.1355798936665415,1.0900178526886244,12054386.0,286148,6.1,,,,,,,,
1d,S3,896,47,48,A,0,n13,286148,0.1243831863231614,0.2871976758983078,0.7647018833853227,0.7624076393385988,0.7622783263358949,0.911205746436018,0.0,-0.1439013822848904,0.0022942440467239,0.8286044136110564,0.4863982130473913,0.0122477985245979,0.1365039529323196,1.0974469859428355,11754084.0,286148,6.1,,,,,,,,
1d,S3,896,47,48,B_teacher,0,n13,286148,0.1243831863231614,0.279264955587205,0.7435799639850514,0.7435026108914811,0.7434364632289863,0.9828312276878832,0.0,-0.026798928406475,7.73530935703759e-05,0.8403687923389916,0.5024271523089736,0.0052301184626669,0.1265559974277309,1.0174686882431547,11754084.0,286148,0.0,,,,,,,,
1d,S3,896,47,48,B,0,n13,286148,0.1243831863231614,0.2841235695773138,0.7565166677980518,0.7561386909420751,0.756020216192207,0.9623998623515612,0.0,-0.0587168490349366,0.0003779768559767,0.8328140921939573,0.4904040156629494,0.0061894328481323,0.1292427307909617,1.0390691427953505,12054386.0,286148,14.2,11754084.0,,,,,,,
1d,S3,896,47,48,B_nofresh,0,n13,286148,0.1243831863231614,0.2841459505540351,0.7565762601154242,0.7563150264107026,0.7561948893069107,0.9685978319147952,0.0,-0.0488635256088199,0.0002612337047216,0.8326845198324329,0.4903299065357235,0.0059461278151081,0.1284157182938058,1.0324202337136423,11754084.0,286148,13.9,11754084.0,,,,,,,
1d,S3,896,47,48,C,0,n13,286148,0.1243831863231614,0.2869311008323302,0.7639920919346121,0.7620260754416283,0.7618037010614768,0.9174378454593668,0.0,-0.1334141545137783,0.0019660164929838,0.8290758491797092,0.4862569800490786,0.0114767674665484,0.1355766899510037,1.0899920958670437,12054386.0,286148,6.5,,0.0249122604727745,,,,,,
1d,S3,896,47,48,D,0,n13,286148,0.1243831863231614,0.2873034738758413,0.7649835845252265,0.762703226967746,0.7625772858175445,0.9111533848282564,0.0,-0.1429624255765776,0.0022803575574805,0.8284456261609537,0.485956623653622,0.0121286111351846,0.1365117974583461,1.0975100533578004,,286148,12.5,,,12051203.0,11754084.0,2.795755972329061e-05,,,
1d,S3,896,47,48,E,0,n13,286148,0.1243831863231614,0.2873076433029344,0.7649946861775667,0.7628789070783162,0.7625955779307941,0.914598227063624,0.0,-0.1384343508053163,0.0021157790992505,0.8285962271649816,0.4857440137329072,0.0116144382540276,0.135997624577189,1.0933762721261375,11754084.0,286148,6.4,,,,,,0.7020514449807722,3.679925203323364,
7d,S3,896,47,48,oracle,0,n13,286148,0.1720019011141088,0.3490004388634807,0.760272809163138,0.7591891860811082,0.7592168114111333,0.9432664015087938,0.0,-0.0968110346311656,0.0010836230820298,0.8270413111998083,0.5470248478417222,0.0110278711663489,0.182347108769044,1.0601458913414687,12054386.0,286148,7.3,,,,,,,,
7d,S3,896,47,48,A,0,n13,286148,0.1720019011141088,0.3517271441442459,0.7662127440535299,0.7659050248157188,0.7656436561165911,0.9692409105971548,0.0,-0.051942642842274,0.0003077192378111,0.8231550172164909,0.5412627356214041,0.0101770456730198,0.1774604221030429,1.031735236375747,10052380.0,286148,5.9,,,,,,,,
7d,S3,896,47,48,B_teacher,0,n13,286148,0.1720019011141088,0.3430712395271473,0.7473564671373166,0.7463407742826457,0.7462751736687167,0.9455959521687016,0.0,-0.0948280932547479,0.0010156928546709,0.8347715693785932,0.5602100765169674,0.0112340150087031,0.1818978821975988,1.0575341378170289,10052380.0,286148,0.0,,,,,,,,
7d,S3,896,47,48,B,0,n13,286148,0.1720019011141088,0.3480579872029946,0.7582197447780282,0.7573619315576242,0.7571823212035669,0.9495403084265428,0.0,-0.0866739525447241,0.000857813220404,0.8282164351259849,0.5493912219034135,0.0104110512004434,0.1811422849432568,1.0531411790796672,12054386.0,286148,14.1,10052380.0,,,,,,,
7d,S3,896,47,48,B_nofresh,0,n13,286148,0.1720019011141088,0.349614181037704,0.7616098031463493,0.7600747529875551,0.7599435352438818,0.9332542007427516,0.0,-0.1154715263324549,0.0015350501587941,0.826687667221022,0.5459455908931687,0.0129015272788252,0.1843033773405114,1.071519420115256,10052380.0,286148,12.2,10052380.0,,,,,,,
7d,S3,896,47,48,C,0,n13,286148,0.1720019011141088,0.3496378968644234,0.7616614664000126,0.7607578895629886,0.7605886069319036,0.948070877317448,0.0,-0.0885972107176285,0.000903576837024,0.8262396559350269,0.5452603964949687,0.010023763909049,0.1814230404384802,1.054773460428913,12054386.0,286148,7.4,,0.166081041097641,,,,,,
7d,S3,896,47,48,D,0,n13,286148,0.1720019011141088,0.3506020206227865,0.7637617419198334,0.7626950819569466,0.762110433856753,0.943548756019268,0.0,-0.0958256628209989,0.0010666599628867,0.825043805490985,0.5447158456642589,0.0105468036611021,0.1822925418711445,1.059828645441592,,286148,5.5,,,12051203.0,11754084.0,0.0001991976168937,,,10052380.0
7d,S3,896,47,48,E,0,n13,286148,0.1720019011141088,0.3507822656704042,0.7641543930269102,0.7641042096982028,0.7640052842467369,0.987358363031192,0.0,-0.0209514925010181,5.018332870743159e-05,0.8238793548041523,0.5433958422963133,0.0082356455722231,0.1742041264390192,1.0128034940930648,10052380.0,286148,5.5,,,,,,0.7368551779975001,6.009226322174072,
1d,S4,131072,47,48,oracle,0,n13,286148,0.1243831863231614,0.2822101745839228,0.7514219999859619,0.7497914337458299,0.7497705701765894,0.9245380898063296,0.0,-0.1218683374703269,0.001630566240132,0.8370312877184294,0.4963702507749267,0.010204238596545,0.1345354915006443,1.0816212020096196,12054386.0,286148,6.7,,,,,,,,
1d,S4,131072,47,48,A,0,n13,286148,0.1243831863231614,0.2824940662856125,0.7521778992747725,0.7503660981944688,0.7504051643609129,0.9206436815627188,0.0,-0.1282972095091255,0.0018118010803037,0.8364576458759494,0.4963545350695977,0.0108099853757437,0.1351045891196808,1.0861965601095314,11754084.0,286148,6.5,,,,,,,,
1d,S4,131072,47,48,B_teacher,0,n13,286148,0.1243831863231614,0.279264955587205,0.7435799639850514,0.7435026108914811,0.7434364632289863,0.9828312276878832,0.0,-0.026798928406475,7.73530935703759e-05,0.8403687923389916,0.5024271523089736,0.0052301184626669,0.1265559974277309,1.0174686882431547,11754084.0,286148,0.0,,,,,,,,
1d,S4,131072,47,48,B,0,n13,286148,0.1243831863231614,0.2808816887290224,0.7478847302914369,0.7477536322656143,0.7477100082676759,0.9776314104660786,0.0,-0.0347039736704962,0.0001310980258225,0.8379829929399075,0.4982202631360379,0.0052687371712274,0.1272291223374898,1.0228803916225004,12054386.0,286148,14.4,11754084.0,,,,,,,
1d,S4,131072,47,48,B_nofresh,0,n13,286148,0.1243831863231614,0.2808885872202475,0.7479030984387969,0.7477856256872716,0.7477478526319918,0.9787968621248084,0.0,-0.0328405803442879,0.0001174727515252,0.8379489235091528,0.498172223064206,0.0050574399070336,0.1270776308509467,1.021662449784691,11754084.0,286148,14.2,11754084.0,,,,,,,
1d,S4,131072,47,48,C,0,n13,286148,0.1243831863231614,0.2822634606818058,0.7515638812852514,0.749936469154711,0.7498789779264105,0.9246320403782248,0.0,-0.1217968006088756,0.0016274121305404,0.8369641769144174,0.4962621428873286,0.0104300346727529,0.1345218215370104,1.081511299987988,12054386.0,286148,7.6,,0.0249122604727745,,,,,,
1d,S4,131072,47,48,D,0,n13,286148,0.1243831863231614,0.2824808458260608,0.7521426980486945,0.7506387540936507,0.7507193826037247,0.9270799873881866,0.0,-0.116615849544823,0.0015039439550438,0.8365963648991193,0.4961863261887811,0.0099078035412094,0.1341666177840594,1.078655578379215,,286148,13.3,,,12051203.0,11754084.0,0.0,,,
1d,S4,131072,47,48,E,0,n13,286148,0.1243831863231614,0.2825703486485592,0.7523810111782097,0.7507836243773909,0.7507434796684257,0.9252697697572846,0.0,-0.1206452750417916,0.0015973868008187,0.836222707825241,0.4964298588421517,0.0100459179107199,0.1344291042338813,1.0807658832972773,11754084.0,286148,6.6,,,,,,0.7020514449807722,3.679925203323364,
7d,S4,131072,47,48,oracle,0,n13,286148,0.1720019011141088,0.343198672069437,0.7476340699312297,0.746574102729409,0.7466878688548995,0.9441231229125618,0.0,-0.0962235459610641,0.0010599672018206,0.8347278504137123,0.5577417865248984,0.0102612034445959,0.1821816423513635,1.0591838879182,12054386.0,286148,6.4,,,,,,,,
7d,S4,131072,47,48,A,0,n13,286148,0.1720019011141088,0.3455681377766719,0.7527957836394463,0.7522872205865938,0.7521507548122794,0.9608124114450391,0.0,-0.0668625320968459,0.0005085630528525,0.8312634945884747,0.5536326534354037,0.007437034327143,0.1790171515950985,1.0407858891997697,10052380.0,286148,6.0,,,,,,,,
7d,S4,131072,47,48,B_teacher,0,n13,286148,0.1720019011141088,0.3430712395271473,0.7473564671373166,0.7463407742826457,0.7462751736687167,0.9455959521687016,0.0,-0.0948280932547479,0.0010156928546709,0.8347715693785932,0.5602100765169674,0.0112340150087031,0.1818978821975988,1.0575341378170289,10052380.0,286148,0.0,,,,,,,,
7d,S4,131072,47,48,B,0,n13,286148,0.1720019011141088,0.3450703843075315,0.7517114628589726,0.7505265915186854,0.7504648399141192,0.9412863942420728,0.0,-0.1020917781688796,0.0011848713402872,0.832284022521642,0.5562024774828354,0.0117684892479681,0.1827306781084468,1.062375920991829,12054386.0,286148,14.5,10052380.0,,,,,,,
7d,S4,131072,47,48,B_nofresh,0,n13,286148,0.1720019011141088,0.3452428661293671,0.7520872023269332,0.7510520597007667,0.750972175349843,0.944931455860816,0.0,-0.0954214202981081,0.0010351426261664,0.8320121764113008,0.555538642424518,0.0109655852776225,0.1820257967361432,1.0582778187747146,10052380.0,286148,12.2,10052380.0,,,,,,,
7d,S4,131072,47,48,C,0,n13,286148,0.1720019011141088,0.3438106582326589,0.7489672385684867,0.7481006101548255,0.7480029306276533,0.9493329748168288,0.0,-0.0871916876792465,0.0008666284136611,0.8339826708399999,0.5559669650893244,0.0092530427129375,0.1811818462824343,1.053371184323337,12054386.0,286148,7.4,,0.166081041097641,,,,,,
7d,S4,131072,47,48,D,0,n13,286148,0.1720019011141088,0.3449139568002673,0.7513706965815278,0.7502315667112897,0.7501456269001545,0.9418090571762272,0.0,-0.0991067777167682,0.0011391298702381,0.8328499024279683,0.5556268950261019,0.0106273694408085,0.1826292705549173,1.0617863487087746,,286148,5.8,,,12051203.0,11754084.0,3.145225491607562e-05,,,10052380.0
7d,S4,131072,47,48,E,0,n13,286148,0.1720019011141088,0.3451603062799285,0.7519073515254235,0.7517799896847035,0.7516879766273199,0.980045057348767,0.0,-0.0334657645333439,0.00012736184072,0.831405428013534,0.5545579472646575,0.0057533569115163,0.1755040748630588,1.0203612502319184,10052380.0,286148,5.9,,,,,,0.7368551779975001,6.009226322174072,
1d,S0,36,48,49,oracle,0,n13,272426,0.1231563800811963,0.2983436105334914,0.7994907901448709,0.7984468553895094,0.7985601196584835,0.9366859862326562,0.0,-0.0944265331005758,0.0010439347553614,0.8025403595837859,0.4488285883238445,0.0098024443270942,0.1314809678924848,1.0675936383141509,12350370.0,272426,6.9,,,,,,,,
1d,S0,36,48,49,A,0,n13,272426,0.1231563800811963,0.2985402034484848,0.80001761297397,0.7989813930015204,0.7990726742806478,0.9369188390337267,0.0,-0.0940947591511362,0.0010362199724496,0.8022301752289107,0.4482067604153919,0.0099637587576392,0.131448290876733,1.0673283088547252,12054386.0,272426,6.7,,,,,,,,
1d,S0,36,48,49,B_teacher,0,n13,272426,0.1231563800811963,0.2774746707047875,0.7435669338796023,0.7434338316797742,0.7432347830559868,0.9776198903260604,0.0,-0.0353396231199036,0.000133102199828,0.8414340498460282,0.4987457735666865,0.0059391714019733,0.1259757307516735,1.0228924451061192,12054386.0,272426,23.3,,,,,,,,
1d,S0,36,48,49,B,0,n13,272426,0.1231563800811963,0.2973688765085653,0.796878731939985,0.7968781883666454,0.7968694019216896,0.9984945679753524,0.0,-0.0021865415324582,5.435733396730313e-07,0.8036191539264302,0.4506012611446126,0.0064829752386596,0.1233420631730832,1.0015077017671714,12350370.0,272426,14.8,12054386.0,,,,,,,
1d,S0,36,48,49,B_nofresh,0,n13,272426,0.1231563800811963,0.2975178301952979,0.7972778928286257,0.7972752124806045,0.7972574236227681,0.9966597085834838,0.0,-0.0048499416019361,2.6803480212000963e-06,0.803248148772191,0.4502474885472157,0.0061808131237924,0.1235691370088934,1.0033514863576292,12054386.0,272426,14.6,12054386.0,,,,,,,
1d,S0,36,48,49,C,0,n13,272426,0.1231563800811963,0.2983866999685834,0.7996062597084622,0.7985363730904125,0.7986252430266677,0.9359747320148684,0.0,-0.0956364455343231,0.0010698866180497,0.8024993223762178,0.4487658797841596,0.009894413793889,0.1315808812659698,1.0684049107258533,12350370.0,272426,7.1,,0.0239654369652271,,,,,,
1d,S0,36,48,49,D,0,n13,272426,0.1231563800811963,0.2998973934572905,0.8036545633701141,0.802314281419596,0.8023810752534585,0.9285570601293142,0.0,-0.1066419902752093,0.001340281950518,0.8000300881086382,0.4458547970341251,0.0122464984773268,0.1326320000884438,1.0769397411729726,,272426,12.8,,,12347349.0,12054386.0,3.67072152585024e-06,,,
1d,S0,36,48,49,E,0,n13,272426,0.1231563800811963,0.2972501218633124,0.7965604973882316,0.7962038517325538,0.7961722886494494,0.9623662353596816,0.0,-0.0555583325112992,0.0003566456556778,0.8037527041979452,0.4520476977369986,0.0074951285219582,0.127972465737191,1.039105449939495,12054386.0,272426,7.4,,,,,,0.7025905281126631,3.541243314743042,
7d,S0,36,48,49,oracle,0,n13,272426,0.1701159213878264,0.3628771312131977,0.7956610877135135,0.7948654323137231,0.7949929314785219,0.9494785341832414,0.0,-0.0806845525491653,0.0007956553997904,0.8025094079373986,0.5108589846585856,0.0117978558257949,0.1791677381460374,1.0532096977423695,12350370.0,272426,6.6,,,,,,,,
7d,S0,36,48,49,A,0,n13,272426,0.1701159213878264,0.3642955414279445,0.7987711591873381,0.7984173160325736,0.7983260159174072,0.965959745136828,0.0,-0.0540671208502741,0.0003538431547644,0.7997583636633031,0.508042994764325,0.010187548170543,0.1761107771253237,1.0352398275751646,10357542.0,272426,5.6,,,,,,,,
7d,S0,36,48,49,B_teacher,0,n13,272426,0.1701159213878264,0.3381841246984293,0.7415180659232692,0.7412349848675124,0.7411548044436211,0.9705959709343164,0.0,-0.0502720037291213,0.0002830810557568,0.8378050281379449,0.5616828236874469,0.0072075365582095,0.1752695524009533,1.0302948187981642,10357542.0,272426,20.0,,,,,,,,
7d,S0,36,48,49,B,0,n13,272426,0.1701159213878264,0.3622041064983696,0.7941853827693418,0.7941246872349669,0.7940585647608968,0.9857324054078608,0.0,-0.0225225593389328,6.069553437493269e-05,0.8031697952726977,0.5115931211058411,0.0080047305266578,0.1725781971400631,1.014474105258045,12350370.0,272426,14.7,10357542.0,,,,,,,
7d,S0,36,48,49,B_nofresh,0,n13,272426,0.1701159213878264,0.3630523981446031,0.7960453860483687,0.7959780502858176,0.7959408976765254,0.9849375586072224,0.0,-0.0236513502049734,6.733576255113505e-05,0.8016121334126276,0.5103725325969742,0.0090061298160956,0.1727174681290288,1.0152927881175302,10357542.0,272426,12.6,10357542.0,,,,,,,
7d,S0,36,48,49,C,0,n13,272426,0.1701159213878264,0.3632793199497587,0.7965429452351721,0.7956811850497647,0.7956904496475257,0.9475830474434876,0.0,-0.0840876713683861,0.0008617601854074,0.801984021893616,0.5100828566916342,0.0120352123602901,0.179526134249433,1.0553164735248584,12350370.0,272426,6.9,,0.1613575965166092,,,,,,
7d,S0,36,48,49,D,0,n13,272426,0.1701159213878264,0.366826907942319,0.8043215498319484,0.8031640563894515,0.8028292465371678,0.939227649944991,0.0,-0.0966816956109671,0.0011574934424968,0.7971492912072664,0.5047320790398817,0.0150960190073093,0.1811232041537425,1.0647046006988492,,272426,5.3,,,12347349.0,12054386.0,6.607298564631492e-05,,,10357542.0
7d,S0,36,48,49,E,0,n13,272426,0.1701159213878264,0.3643469466237671,0.7988838725839789,0.7985179986194629,0.7983645520993357,0.9653580142228696,0.0,-0.0549068990339116,0.0003658739645159,0.8001643598028139,0.5069988693625891,0.0091393170617791,0.1762205512167138,1.0358851175074335,10357542.0,272426,8.0,,,,,,0.7335696376450002,5.663077354431152,
1d,S1,64,48,49,oracle,0,n13,272426,0.1231563800811963,0.2961530829296181,0.7936206907593898,0.792187648375759,0.7920056528858352,0.927176076323896,0.0,-0.1117017888870721,0.0014330423836308,0.8070584740046243,0.4556609696493675,0.0107272375759026,0.1328295490210355,1.0785437906949011,12350370.0,272426,6.5,,,,,,,,
1d,S1,64,48,49,A,0,n13,272426,0.1231563800811963,0.2964422855269768,0.7943956857816087,0.7931150609535097,0.7928693671980829,0.9309892886604668,0.0,-0.1057105737270448,0.0012806248280989,0.8066260614888078,0.4545008465029588,0.0104386661160712,0.1322854962793365,1.0741262141037389,12054386.0,272426,6.2,,,,,,,,
1d,S1,64,48,49,B_teacher,0,n13,272426,0.1231563800811963,0.2774746707047875,0.7435669338796023,0.7434338316797742,0.7432347830559868,0.9776198903260604,0.0,-0.0353396231199036,0.000133102199828,0.8414340498460282,0.4987457735666865,0.0059391714019733,0.1259757307516735,1.0228924451061192,12054386.0,272426,0.0,,,,,,,,
1d,S1,64,48,49,B,0,n13,272426,0.1231563800811963,0.2941659288982436,0.7882955847722288,0.7881519113757063,0.7880125503825517,0.976057567118272,0.0,-0.0356114974880329,0.0001436733965225,0.8103216290246356,0.4578688237368522,0.0055419974268354,0.1261773733744058,1.024529734401236,12350370.0,272426,14.7,12054386.0,,,,,,,
1d,S1,64,48,49,B_nofresh,0,n13,272426,0.1231563800811963,0.2943226610888928,0.7887155902240606,0.7886306361961842,0.7885178729681316,0.9815044385965476,0.0,-0.0273901451098587,8.495402787633832e-05,0.8100177255395111,0.4572619393300261,0.0056484696037147,0.1254771504215483,1.0188440934917211,12054386.0,272426,14.2,12054386.0,,,,,,,
1d,S1,64,48,49,C,0,n13,272426,0.1231563800811963,0.2962459945958167,0.7938696721982414,0.792376707450312,0.7921687415645011,0.9257830797261484,0.0,-0.1140402957310451,0.0014929647479294,0.8069604416285674,0.455503112133215,0.0109007969807896,0.1330294134535561,1.0801666415158564,12350370.0,272426,6.9,,0.0239654369652271,,,,,,
1d,S1,64,48,49,D,0,n13,272426,0.1231563800811963,0.296075690087765,0.7934132961241435,0.7921382130898085,0.791815732106986,0.9308514476809766,0.0,-0.1050449742023778,0.0012750830343349,0.8076305850894132,0.4559522241021495,0.0107030062136595,0.1323050851862721,1.0742852712871562,,272426,13.1,,,12347349.0,12054386.0,1.468288610340096e-05,,,
1d,S1,64,48,49,E,0,n13,272426,0.1231563800811963,0.2956053634095102,0.7921529311143087,0.790507496563267,0.7903552851303122,0.9223625441540584,0.0,-0.1197656569979459,0.0016454345510417,0.8080874041956574,0.4579244694420309,0.0107617276422201,0.1335227464100342,1.0841723857262078,12054386.0,272426,6.3,,,,,,0.7025905281126631,3.541243314743042,
7d,S1,64,48,49,oracle,0,n13,272426,0.1701159213878264,0.3600051338249734,0.7893638141482572,0.7886184993018875,0.7885489637818821,0.9513434618440856,0.0,-0.0786100461740193,0.0007453148463696,0.807283786408816,0.5158280636568913,0.0091540540159519,0.1788165139202969,1.0511450807278355,12350370.0,272426,6.3,,,,,,,,
7d,S1,64,48,49,A,0,n13,272426,0.1701159213878264,0.361448204865545,0.7925279580830109,0.7921687941974379,0.7920865343202608,0.9657882178055928,0.0,-0.0545943456610812,0.0003591638855729,0.8044500099140025,0.5131695779718832,0.0080133698858095,0.1761420550090721,1.035423689752751,10357542.0,272426,5.4,,,,,,,,
7d,S1,64,48,49,B_teacher,0,n13,272426,0.1701159213878264,0.3381841246984293,0.7415180659232692,0.7412349848675124,0.7411548044436211,0.9705959709343164,0.0,-0.0502720037291213,0.0002830810557568,0.8378050281379449,0.5616828236874469,0.0072075365582095,0.1752695524009533,1.0302948187981642,10357542.0,272426,0.0,,,,,,,,
7d,S1,64,48,49,B,0,n13,272426,0.1701159213878264,0.3576042000073879,0.7840994162336202,0.7840824104003303,0.7840257814847255,0.9924423949240424,0.0,-0.0119838214027154,1.700583328989591e-05,0.8107342765506182,0.5190013032581623,0.0063922763362886,0.1714113809102708,1.0076151574283927,12350370.0,272426,14.8,10357542.0,,,,,,,
7d,S1,64,48,49,B_nofresh,0,n13,272426,0.1701159213878264,0.359153920758357,0.7874974052285337,0.7874693636006902,0.7873979261228599,0.9903030731070726,0.0,-0.0153721899318192,2.804162784353359e-05,0.8082974795309019,0.516471130663353,0.0076583400995119,0.1717816757390121,1.0097918780182145,10357542.0,272426,12.4,10357542.0,,,,,,,
7d,S1,64,48,49,C,0,n13,272426,0.1701159213878264,0.3604811420593873,0.7904075316960898,0.7895886782307874,0.7893805461357785,0.949165650359462,0.0,-0.0825038321429954,0.0008188534653024,0.8066561849528395,0.5150574618240085,0.0096065402378482,0.1792267991613489,1.0535568787400664,12350370.0,272426,7.0,,0.1613575965166092,,,,,,
7d,S1,64,48,49,D,0,n13,272426,0.1701159213878264,0.3617128042903182,0.7931081309514957,0.7921528121217222,0.791223323943015,0.9449909888515428,0.0,-0.0886295154325804,0.0009553188297735,0.8055912540130606,0.5156356095293916,0.0119355308360467,0.1800185646157007,1.0582111488865202,,272426,5.6,,,12347349.0,12054386.0,0.0003817550314124,,,10357542.0
7d,S1,64,48,49,E,0,n13,272426,0.1701159213878264,0.361657790243967,0.7929875046232038,0.7923076925454278,0.7922263361878031,0.9533389519120434,0.0,-0.0749090691789932,0.000679812077776,0.8045854354938743,0.5123705551880665,0.0092408594778611,0.1784422225134482,1.048944866874863,10357542.0,272426,5.5,,,,,,0.7335696376450002,5.663077354431152,
1d,S2,160,48,49,oracle,0,n13,272426,0.1231563800811963,0.2922451113746998,0.7831482450424585,0.7817051095632821,0.7812665297156371,0.9277118022302958,0.0,-0.1133666422511436,0.0014431354791764,0.8157617002106543,0.4661291777465611,0.0117476753069483,0.1327528439167403,1.0779209638121638,12350370.0,272426,6.2,,,,,,,,
1d,S2,160,48,49,A,0,n13,272426,0.1231563800811963,0.2926079648065805,0.7841206069993387,0.7826432757987846,0.7822109378621313,0.9268717296778056,0.0,-0.1146282267246952,0.0014773312005541,0.8151914950475436,0.465044639622228,0.0117392263441619,0.1328731647948819,1.0788979402226613,12054386.0,272426,6.2,,,,,,,,
1d,S2,160,48,49,B_teacher,0,n13,272426,0.1231563800811963,0.2774746707047875,0.7435669338796023,0.7434338316797742,0.7432347830559868,0.9776198903260604,0.0,-0.0353396231199036,0.000133102199828,0.8414340498460282,0.4987457735666865,0.0059391714019733,0.1259757307516735,1.0228924451061192,12054386.0,272426,0.0,,,,,,,,
1d,S2,160,48,49,B,0,n13,272426,0.1231563800811963,0.290654900587831,0.7788868537017248,0.7786322648934532,0.7784116788968019,0.9685533010719718,0.0,-0.0477224639348718,0.0002545888082716,0.8182872956704181,0.4663955133160168,0.0076245839290679,0.1271549845990817,1.0324677009445156,12350370.0,272426,14.9,12054386.0,,,,,,,
1d,S2,160,48,49,B_nofresh,0,n13,272426,0.1231563800811963,0.2908653998701591,0.7794509423284344,0.7791812283555966,0.7789654741485736,0.9676414189244172,0.0,-0.0490927027384611,0.0002697139728378,0.817895886423663,0.4659212612817252,0.007924026710561,0.1272748124176939,1.0334406738309645,12054386.0,272426,14.4,12054386.0,,,,,,,
1d,S2,160,48,49,C,0,n13,272426,0.1231563800811963,0.2923152653302563,0.78333624116297,0.7818862503003092,0.7814059378105673,0.9275850978226488,0.0,-0.1136931081902384,0.0014499908626607,0.8157023521179071,0.4659632250356119,0.0119159318030489,0.1327709774232956,1.0780682034967282,12350370.0,272426,7.2,,0.0239654369652271,,,,,,
1d,S2,160,48,49,D,0,n13,272426,0.1231563800811963,0.2935893750421001,0.7867505558802574,0.7854395020834718,0.7849564361298751,0.9306660977234976,0.0,-0.107697553367245,0.0013110537967856,0.8139513052607916,0.4641347910805476,0.0130414351082987,0.1323314348534336,1.0744992242073714,,272426,13.2,,,12347349.0,12054386.0,7.34144305170048e-06,,,
1d,S2,160,48,49,E,0,n13,272426,0.1231563800811963,0.2919814151236026,0.7824416010363375,0.7809992297714834,0.7806072999751726,0.9277823307892163,0.0,-0.1134243581815259,0.0014423712648541,0.8156393576944124,0.4682147542998176,0.0112495007484724,0.1327427522535739,1.077839021949633,12054386.0,272426,6.6,,,,,,0.7025905281126631,3.541243314743042,
7d,S2,160,48,49,oracle,0,n13,272426,0.1701159213878264,0.3547718184547304,0.7778890061714795,0.7766414538981408,0.7765682105397587,0.938302384087071,0.0,-0.1025023682204391,0.0012475522733387,0.8159787413230067,0.5267892589740176,0.0112503080778008,0.1813018108798072,1.065754512574279,12350370.0,272426,6.7,,,,,,,,
7d,S2,160,48,49,A,0,n13,272426,0.1701159213878264,0.3573164890525698,0.78346856796139,0.7823207979738914,0.7821810628003709,0.9406282746843624,0.0,-0.0982142039397016,0.0011477699874985,0.8118474540537104,0.5222101872904154,0.011355173523239,0.1808535060727475,1.0631192224532695,10357542.0,272426,5.5,,,,,,,,
7d,S2,160,48,49,B_teacher,0,n13,272426,0.1701159213878264,0.3381841246984293,0.7415180659232692,0.7412349848675124,0.7411548044436211,0.9705959709343164,0.0,-0.0502720037291213,0.0002830810557568,0.8378050281379449,0.5616828236874469,0.0072075365582095,0.1752695524009533,1.0302948187981642,10357542.0,272426,0.0,,,,,,,,
7d,S2,160,48,49,B,0,n13,272426,0.1701159213878264,0.3535222947497368,0.7751492430265408,0.774857500095154,0.7747016092376321,0.9694881467835056,0.0,-0.0498850737869587,0.0002917429313867,0.8172458416316709,0.5276477411427882,0.0067115180686776,0.1754698311188477,1.0314721261087352,12350370.0,272426,14.7,10357542.0,,,,,,,
7d,S2,160,48,49,B_nofresh,0,n13,272426,0.1701159213878264,0.3550707877549509,0.7785445400096443,0.7782502368151037,0.7780883513631982,0.9693141013625408,0.0,-0.0500295700888617,0.0002943031945406,0.8151202526045214,0.5242987884324551,0.0075917044811348,0.1755013376455564,1.0316573323284215,10357542.0,272426,12.4,10357542.0,,,,,,,
7d,S2,160,48,49,C,0,n13,272426,0.1701159213878264,0.3553054118510326,0.7790589875937839,0.7779860146361226,0.7776631880763738,0.942711221891503,0.0,-0.0953417019418396,0.0010729729576612,0.8152971810873031,0.5255283836423359,0.0104269356599356,0.180453905116879,1.060770230350658,12350370.0,272426,7.4,,0.1613575965166092,,,,,,
7d,S2,160,48,49,D,0,n13,272426,0.1701159213878264,0.3588837980110396,0.7869051216690045,0.7859560109599001,0.7845643602320448,0.945626084595538,0.0,-0.0891339389181548,0.0009491107091044,0.8118743806878911,0.52206316627979,0.0142355224151727,0.17989766162234,1.0575004394339638,,272426,5.6,,,12347349.0,12054386.0,0.0003780843107961,,,10357542.0
7d,S2,160,48,49,E,0,n13,272426,0.1701159213878264,0.3566733487670732,0.7820583889914458,0.7806058665347531,0.7805895768109088,0.933559173951736,0.0,-0.1103379212990633,0.0014525224566926,0.812040477099937,0.5257809962640371,0.0121070443699083,0.1822229657577348,1.0711693783341247,10357542.0,272426,5.4,,,,,,0.7335696376450002,5.663077354431152,
1d,S3,896,48,49,oracle,0,n13,272426,0.1231563800811963,0.2849398418669931,0.7635718388962238,0.7619619884176192,0.7616597836252618,0.9247048170742131,0.0,-0.1210463333086147,0.0016098504786046,0.8290077204332943,0.4855468329527834,0.0107066398638931,0.1331845339260434,1.0814261822102564,12350370.0,272426,6.5,,,,,,,,
1d,S3,896,48,49,A,0,n13,272426,0.1231563800811963,0.2854189691783216,0.7648557875352747,0.7629130382362557,0.76263227303537,0.9176965408864524,0.0,-0.1327561715415735,0.001942749299019,0.8284611581818138,0.4842812081563892,0.0113629914275531,0.1342016392066085,1.0896848309290197,12054386.0,272426,6.2,,,,,,,,
1d,S3,896,48,49,B_teacher,0,n13,272426,0.1231563800811963,0.2774746707047875,0.7435669338796023,0.7434338316797742,0.7432347830559868,0.9776198903260604,0.0,-0.0353396231199036,0.000133102199828,0.8414340498460282,0.4987457735666865,0.0059391714019733,0.1259757307516735,1.0228924451061192,12054386.0,272426,0.0,,,,,,,,
1d,S3,896,48,49,B,0,n13,272426,0.1231563800811963,0.2829476076722675,0.7582331192647002,0.7578739692516584,0.7576131315444368,0.9633853366597775,0.0,-0.0575472168720208,0.0003591500130417,0.8319814857957132,0.4879430354571306,0.0069603548725301,0.1278370921735228,1.038006249365567,12350370.0,272426,14.9,12054386.0,,,,,,,
1d,S3,896,48,49,B_nofresh,0,n13,272426,0.1231563800811963,0.2830803361264398,0.7585888003416675,0.758199479758477,0.7579334948905128,0.9619169975638648,0.0,-0.0598966694234369,0.0003893205831905,0.8318030955817695,0.4876078470711772,0.0072155510223266,0.1280322318797777,1.0395907365527208,12054386.0,272426,14.3,12054386.0,,,,,,,
1d,S3,896,48,49,C,0,n13,272426,0.1231563800811963,0.2850545699010255,0.7638792830758272,0.7621878896499961,0.7618523633379163,0.9229628727902288,0.0,-0.1240988630564557,0.0016913934258311,0.8289130069188232,0.4853225676290038,0.0109395405619192,0.1334358983572975,1.0834672005569177,12350370.0,272426,7.1,,0.0239654369652271,,,,,,
1d,S3,896,48,49,D,0,n13,272426,0.1231563800811963,0.2854965646748817,0.765063725237529,0.763173948206124,0.7629386095305183,0.9185304266702417,0.0,-0.1305802756539016,0.0018897770314049,0.8279716025156357,0.4847420046560077,0.0110016323584785,0.1340798045500242,1.0886955630039314,,272426,12.9,,,12347349.0,12054386.0,1.468288610340096e-05,,,
1d,S3,896,48,49,E,0,n13,272426,0.1231563800811963,0.2852951259144488,0.7645239166810246,0.7626366504896092,0.7622644661257995,0.9189649216468228,0.0,-0.1311411057676901,0.0018872661914154,0.8286997541220663,0.4851181135313742,0.0114120012875365,0.134016410398446,1.0881808178357442,12054386.0,272426,6.5,,,,,,0.7025905281126631,3.541243314743042,
7d,S3,896,48,49,oracle,0,n13,272426,0.1701159213878264,0.3457071051758786,0.7580132989227225,0.7565746396183176,0.7566898624221031,0.9348413591466838,0.0,-0.1115332790458708,0.0014386593044048,0.8287679321238136,0.5473774472405685,0.0124070613022888,0.1819730371612002,1.0697002119298535,12350370.0,272426,6.8,,,,,,,,
7d,S3,896,48,49,A,0,n13,272426,0.1701159213878264,0.3479276346776657,0.7628821340372005,0.7626074990955753,0.7623634732395866,0.9708109485365104,0.0,-0.0491443349449018,0.0002746349416251,0.8252846020346755,0.5422949539299615,0.0096177032230127,0.1752307404899736,1.0300666690126352,10357542.0,272426,5.4,,,,,,,,
7d,S3,896,48,49,B_teacher,0,n13,272426,0.1701159213878264,0.3381841246984293,0.7415180659232692,0.7412349848675124,0.7411548044436211,0.9705959709343164,0.0,-0.0502720037291213,0.0002830810557568,0.8378050281379449,0.5616828236874469,0.0072075365582095,0.1752695524009533,1.0302948187981642,10357542.0,272426,0.0,,,,,,,,
7d,S3,896,48,49,B,0,n13,272426,0.1701159213878264,0.3440123680883057,0.7542973404384319,0.7539761772855184,0.7538699202793278,0.9685149735600248,0.0,-0.0531661069298158,0.0003211631529135,0.8301631078166862,0.5506174231180627,0.0073767156643359,0.1756461449042153,1.0325085592887058,12350370.0,272426,14.5,10357542.0,,,,,,,
7d,S3,896,48,49,B_nofresh,0,n13,272426,0.1701159213878264,0.3452250920040551,0.7569564146729403,0.7566074517797859,0.7564686075713224,0.9672098600788984,0.0,-0.0554016210896067,0.0003489628931543,0.8288384426829039,0.5474979677020216,0.0086473483216134,0.1758831546381769,1.0339017841675298,10357542.0,272426,12.5,10357542.0,,,,,,,
7d,S3,896,48,49,C,0,n13,272426,0.1701159213878264,0.3464031957994962,0.7595395792393769,0.758081201462292,0.7580115874143606,0.9344820205656044,0.0,-0.112411767546299,0.0014583777770849,0.8279825845426774,0.5456180804994589,0.0121632514672965,0.18204301168348,1.0701115462818,12350370.0,272426,6.9,,0.1613575965166092,,,,,,
7d,S3,896,48,49,D,0,n13,272426,0.1701159213878264,0.347347789064621,0.7616107378771872,0.7605632285109906,0.7599495708987317,0.9438781792576084,0.0,-0.095119875356829,0.0010475093661966,0.826708374886773,0.5445058970035316,0.0101269057004778,0.1802308021588424,1.059458754292353,,272426,5.6,,,12347349.0,12054386.0,0.0002165725745726,,,10357542.0
7d,S3,896,48,49,E,0,n13,272426,0.1701159213878264,0.3476143523174672,0.762195216725427,0.7617753549022916,0.7615569235567262,0.9640228994103172,0.0,-0.0605818212424758,0.0004198618231353,0.82549283069558,0.543426973713697,0.008287618033327,0.176464606278424,1.0373197572502575,10357542.0,272426,5.8,,,,,,0.7335696376450002,5.663077354431152,
1d,S4,131072,48,49,oracle,0,n13,272426,0.1231563800811963,0.2799042741236475,0.750077700286195,0.748735346691267,0.7485965847425321,0.9310483555054336,0.0,-0.1108702787969852,0.001342353594928,0.8380090777084352,0.4956405679536275,0.0096015562060983,0.1322771039258632,1.0740580702246498,12350370.0,272426,6.6,,,,,,,,
1d,S4,131072,48,49,A,0,n13,272426,0.1231563800811963,0.2803105131779069,0.7511663255190155,0.7495248645596596,0.7494365170264539,0.9241103570297126,0.0,-0.1223801481196583,0.0016414609593559,0.8375259602519254,0.4946986721466366,0.0101674008425903,0.1332702086329247,1.082121840095173,12054386.0,272426,6.6,,,,,,,,
1d,S4,131072,48,49,B_teacher,0,n13,272426,0.1231563800811963,0.2774746707047875,0.7435669338796023,0.7434338316797742,0.7432347830559868,0.9776198903260604,0.0,-0.0353396231199036,0.000133102199828,0.8414340498460282,0.4987457735666865,0.0059391714019733,0.1259757307516735,1.0228924451061192,12054386.0,272426,0.0,,,,,,,,
1d,S4,131072,48,49,B,0,n13,272426,0.1231563800811963,0.2791018788435727,0.7479274694321526,0.7477688165896812,0.7476092586121734,0.9754887442238654,0.0,-0.0383881401207305,0.0001586528424714,0.8388604581002849,0.495243275652849,0.0063880417227668,0.1262509493937668,1.0251271538716078,12350370.0,272426,14.8,12054386.0,,,,,,,
1d,S4,131072,48,49,B_nofresh,0,n13,272426,0.1231563800811963,0.2791635664923226,0.7480927778393045,0.7479353346803843,0.7477772728822718,0.9755760781636272,0.0,-0.0382346788554352,0.0001574431589201,0.838780048169285,0.4950981207941498,0.0064288558320446,0.1262396473609925,1.025035384100794,12054386.0,272426,14.5,12054386.0,,,,,,,
1d,S4,131072,48,49,C,0,n13,272426,0.1231563800811963,0.2800081520119704,0.750356068624184,0.7490135456466323,0.7488321121578072,0.9310816679563696,0.0,-0.1109421984697287,0.0013425229775517,0.8378748447987858,0.4954291399214033,0.0095187302017975,0.1322723712856598,1.0740196423315895,12350370.0,272426,6.9,,0.0239654369652271,,,,,,
1d,S4,131072,48,49,D,0,n13,272426,0.1231563800811963,0.280311476402284,0.7511689067340681,0.749770612435947,0.7497571907080117,0.9294330478292152,0.0,-0.1126884836509675,0.0013982942981211,0.8373687865335123,0.495448124882432,0.0094278796250742,0.1325069948490001,1.0759247288824094,,272426,13.6,,,12347349.0,12054386.0,0.0,,,
1d,S4,131072,48,49,E,0,n13,272426,0.1231563800811963,0.2802235698971465,0.7509333379510611,0.7496851212212501,0.7494493250916611,0.9334991358489004,0.0,-0.1071389819952263,0.001248216729811,0.8374654813331114,0.4951528002481026,0.0091440154695621,0.1319298276256047,1.0712382707142256,12054386.0,272426,6.9,,,,,,0.7025905281126631,3.541243314743042,
7d,S4,131072,48,49,oracle,0,n13,272426,0.1701159213878264,0.3392409611991309,0.7438353342418108,0.7425981499407253,0.742797185045492,0.939645481232281,0.0,-0.1040161066265573,0.0012371843010855,0.8372990338519983,0.5591321224746285,0.0109267428782018,0.1810426642660282,1.0642311594885427,12350370.0,272426,6.7,,,,,,,,
7d,S4,131072,48,49,A,0,n13,272426,0.1701159213878264,0.341161706579899,0.7480468489045653,0.7474133319034351,0.7473367731906886,0.9562595384322164,0.0,-0.0746472909281011,0.0006335170011302,0.8343814954104368,0.5557142454561708,0.0081183520010658,0.1778972282637104,1.04574120289508,10357542.0,272426,5.7,,,,,,,,
7d,S4,131072,48,49,B_teacher,0,n13,272426,0.1701159213878264,0.3381841246984293,0.7415180659232692,0.7412349848675124,0.7411548044436211,0.9705959709343164,0.0,-0.0502720037291213,0.0002830810557568,0.8378050281379449,0.5616828236874469,0.0072075365582095,0.1752695524009533,1.0302948187981642,10357542.0,272426,0.0,,,,,,,,
7d,S4,131072,48,49,B,0,n13,272426,0.1701159213878264,0.3401996771804033,0.7459374589965928,0.7456042956031707,0.7455319922138498,0.9680571474091864,0.0,-0.0543382381584492,0.0003331633934221,0.835356036084978,0.557562316194298,0.0071102625894089,0.1757292137588241,1.0329968666377831,12350370.0,272426,15.1,10357542.0,,,,,,,
7d,S4,131072,48,49,B_nofresh,0,n13,272426,0.1701159213878264,0.3404091333434616,0.746396722213236,0.7461686853271293,0.7460773691972739,0.9734669614059884,0.0,-0.0449969659169606,0.0002280368861067,0.8351800037568498,0.5568485275374204,0.0066504679109126,0.1747526399274262,1.0272562291746292,10357542.0,272426,12.5,10357542.0,,,,,,,
7d,S4,131072,48,49,C,0,n13,272426,0.1701159213878264,0.3399398783333454,0.7453678120955999,0.7443012172894159,0.7442767899006886,0.9438198433280668,0.0,-0.0967233096173224,0.0010665948061839,0.8364560832211378,0.5571953909669578,0.0101450624040642,0.1802419419239684,1.0595242376700118,12350370.0,272426,7.2,,0.1613575965166092,,,,,,
7d,S4,131072,48,49,D,0,n13,272426,0.1701159213878264,0.3408552328449464,0.7473748604976552,0.7461068368161674,0.7463549387132593,0.938558525610067,0.0,-0.1046423922027576,0.0012680236814878,0.8355624490055122,0.5573056207168198,0.0111364105083122,0.1812523318961386,1.0654636580601042,,272426,5.6,,,12347349.0,12054386.0,2.202432915510144e-05,,,10357542.0
7d,S4,131072,48,49,E,0,n13,272426,0.1701159213878264,0.3410635530203686,0.7478316328955602,0.7474861968174238,0.7473795246414388,0.9673946354511812,0.0,-0.0551664893683255,0.0003454360781364,0.8343509228360203,0.5557913864969024,0.0066474663492961,0.175849560410769,1.0337043057238084,10357542.0,272426,5.5,,,,,,0.7335696376450002,5.663077354431152,
1d,S0,36,49,50,oracle,0,n13,259824,0.1163595356856949,0.285406647738404,0.7936597613554891,0.791206542248677,0.7920243876685691,0.9038390030301524,0.0,-0.1445111640443174,0.002453219106812,0.8072618640451468,0.4493852778179895,0.0123796925348127,0.1287392282205076,1.1063917319870733,12636518.0,259824,7.0,,,,,,,,
1d,S0,36,49,50,A,0,n13,259824,0.1163595356856949,0.2857315647727733,0.7945632917322386,0.7920697559137387,0.7928284091971715,0.9031447928806052,0.0,-0.1457359906169701,0.0024935358184998,0.8068144189424608,0.4482090792477526,0.0124786490693353,0.1288381847550302,1.1072421696752217,12350370.0,259824,6.4,,,,,,,,
1d,S0,36,49,50,B_teacher,0,n13,259824,0.1163595356856949,0.265488414406445,0.7382710714348711,0.7373459537386464,0.7375032202777471,0.941630574753674,0.0,-0.092975133933256,0.0009251176962247,0.8437537201423171,0.5012554359357083,0.0076270437055938,0.1235723847604821,1.0619876061921578,12350370.0,259824,23.8,,,,,,,,
1d,S0,36,49,50,B,0,n13,259824,0.1163595356856949,0.2844699719923336,0.791055050305538,0.7905479038180278,0.7906756085156083,0.954734083003336,0.0,-0.0665351402915712,0.0005071464875102,0.8076398052028313,0.4497035725387776,0.0058620473688913,0.1218763818713365,1.047412067718657,12636518.0,259824,15.1,12350370.0,,,,,,,
1d,S0,36,49,50,B_nofresh,0,n13,259824,0.1163595356856949,0.2845811304271558,0.7913641600531657,0.7909172080772883,0.791030331979541,0.95741484919245,0.0,-0.0624803030669429,0.0004469519758774,0.8073478750195129,0.4493805347824372,0.0058856018176383,0.1215351274150809,1.044479308884199,12350370.0,259824,14.9,12350370.0,,,,,,,
1d,S0,36,49,50,C,0,n13,259824,0.1163595356856949,0.28545932279944,0.793806240341534,0.7912836656976906,0.7920947125436836,0.9026095617444552,0.0,-0.1465502505485099,0.0025225746438434,0.8072294848887851,0.4492620941614912,0.0125550477813904,0.1289145834670854,1.1078987442447656,12636518.0,259824,7.2,,0.0226444490253925,,,,,,
1d,S0,36,49,50,D,0,n13,259824,0.1163595356856949,0.2867698666378619,0.7974506050341226,0.7947656108956603,0.7956176313676618,0.8994664200833978,0.0,-0.1506715231718003,0.0026849941384622,0.8050980496402466,0.4466013033021622,0.0130055335237883,0.1293650692094833,1.1117702425258753,,259824,13.2,,,12633710.0,12350370.0,7.697518412896898e-06,,,
1d,S0,36,49,50,E,0,n13,259824,0.1163595356856949,0.2842986104632977,0.7905785275920069,0.7890412632061012,0.7895360498210225,0.9229559248129412,0.0,-0.1150906113993229,0.0015372643859056,0.8085303398367739,0.452314769910449,0.0105983371730722,0.1260726894507751,1.0834753568570177,12350370.0,259824,7.4,,,,,,0.702749704826137,3.02780818939209,
7d,S0,36,49,50,oracle,0,n13,259824,0.164973212636246,0.354502517669478,0.7916088706809687,0.790401265037991,0.7908652800531186,0.9376690101467494,0.0,-0.0994143817708695,0.0012076056429777,0.8048811006303397,0.5120219434629986,0.0116696401888094,0.1759397088429178,1.066474405337866,12636518.0,259824,6.2,,,,,,,,
7d,S0,36,49,50,A,0,n13,259824,0.164973212636246,0.3556672909490845,0.7942098250170063,0.7935291264912933,0.7936420248448203,0.9527959580781108,0.0,-0.0750436068581233,0.000680698525713,0.802447668015448,0.5094460360801099,0.0098156054111275,0.1731464236781758,1.0495426555094804,10653765.0,259824,5.4,,,,,,,,
7d,S0,36,49,50,B_teacher,0,n13,259824,0.164973212636246,0.3307763044668484,0.7386279187759082,0.7382846398292378,0.7383327635454172,0.9673801103715308,0.0,-0.0554813894849618,0.0003432789466704,0.8390215050765797,0.5624218626806131,0.0072751118668512,0.1705360807685891,1.0337198266521537,10653765.0,259824,20.7,,,,,,,,
7d,S0,36,49,50,B,0,n13,259824,0.164973212636246,0.3535147847054667,0.7894032497411922,0.7892904028551382,0.789293583999542,0.9804296248851226,0.0,-0.0307658600882475,0.000112846886054,0.8056478296851929,0.5134837010909046,0.0068435355975742,0.1682662461934236,1.0199610197592412,12636518.0,259824,15.4,10653765.0,,,,,,,
7d,S0,36,49,50,B_nofresh,0,n13,259824,0.164973212636246,0.354277734258992,0.7911069263142759,0.7909239180009079,0.7909889765153899,0.975103155875688,0.0,-0.0390333122146119,0.000183008313368,0.80426462512833,0.5124212320602507,0.007966056351483,0.1691853950447862,1.025532523378979,10653765.0,259824,12.9,10653765.0,,,,,,,
7d,S0,36,49,50,C,0,n13,259824,0.164973212636246,0.3548693405955111,0.7924279911885633,0.7910987684293513,0.7914813860551112,0.9348276028704452,0.0,-0.1043830144097481,0.0013292227592119,0.8043533464832451,0.5113224696668985,0.0118717532136446,0.176474477357842,1.0697159528980948,12636518.0,259824,7.2,,0.1569065153598785,,,,,,
7d,S0,36,49,50,D,0,n13,259824,0.164973212636246,0.3576685289529872,0.7986786162872288,0.7971144137545683,0.7973460603725006,0.9291023721202588,0.0,-0.1123341928726321,0.0015642025326605,0.8008619278793957,0.506938396878343,0.0143426677143842,0.1775619324485942,1.076307659959956,,259824,6.0,,,12633710.0,12350370.0,5.773138764197938e-05,,,10653765.0
7d,S0,36,49,50,E,0,n13,259824,0.164973212636246,0.3555102409066566,0.7938591301685072,0.7931455292213252,0.7932541361963168,0.951605236663692,0.0,-0.0766557651692122,0.0007136009471819,0.803262224579527,0.5084599998312431,0.009139664608505,0.1733630777554762,1.0508559237294437,10653765.0,259824,8.3,,,,,,0.7314482041209998,5.090298652648926,
1d,S1,64,49,50,oracle,0,n13,259824,0.1163595356856949,0.2826815566493623,0.7860818189335482,0.7830607412021945,0.7838494168933696,0.8951286247803012,0.0,-0.1618167196096687,0.0030210777313537,0.8118359752227142,0.4598271361219795,0.0136324369364005,0.1299919726220955,1.117157883589566,12636518.0,259824,7.2,,,,,,,,
1d,S1,64,49,50,A,0,n13,259824,0.1163595356856949,0.2832449184783168,0.787648417393212,0.7843697309603374,0.7850971562024976,0.8912043598851626,0.0,-0.168636826239572,0.0032786864328746,0.8111484598771963,0.4583414364587408,0.0142048341976487,0.1305643698833437,1.1220770959074489,12350370.0,259824,7.1,,,,,,,,
1d,S1,64,49,50,B_teacher,0,n13,259824,0.1163595356856949,0.265488414406445,0.7382710714348711,0.7373459537386464,0.7375032202777471,0.941630574753674,0.0,-0.092975133933256,0.0009251176962247,0.8437537201423171,0.5012554359357083,0.0076270437055938,0.1235723847604821,1.0619876061921578,12350370.0,259824,0.0,,,,,,,,
1d,S1,64,49,50,B,0,n13,259824,0.1163595356856949,0.2806569343690586,0.780451742519583,0.7793733117383314,0.7797114642092996,0.935293757563842,0.0,-0.0972305601023855,0.0010784307812516,0.8152483639600739,0.4610047278085936,0.0081238424917291,0.1244096143534373,1.0691828015667484,12636518.0,259824,15.1,12350370.0,,,,,,,
1d,S1,64,49,50,B_nofresh,0,n13,259824,0.1163595356856949,0.2808818497858318,0.7810771880633919,0.7799551564481944,0.78029566966897,0.9340694352246272,0.0,-0.0991702040965743,0.0011220316151975,0.8148320433360273,0.4604824365032984,0.0083497604863381,0.1245726830336896,1.070584222424019,12350370.0,259824,14.9,12350370.0,,,,,,,
1d,S1,64,49,50,C,0,n13,259824,0.1163595356856949,0.282753715384843,0.7862824781867057,0.7832129542739674,0.7839776221871922,0.8943903743650878,0.0,-0.1631479706894562,0.0030695239127382,0.8117627495281505,0.4596522299387904,0.0137397353046671,0.130099270990362,1.118080011437827,12636518.0,259824,7.0,,0.0226444490253925,,,,,,
1d,S1,64,49,50,D,0,n13,259824,0.1163595356856949,0.2828320725542312,0.7865003740656205,0.7832520849833902,0.783964651365658,0.8912871821029519,0.0,-0.1672551620086401,0.0032482890822302,0.8121281815820794,0.4601815710551898,0.0141927015978592,0.1305522372835541,1.1219728277035748,,259824,13.2,,,12633710.0,12350370.0,5.388262798078358e-05,,,
1d,S1,64,49,50,E,0,n13,259824,0.1163595356856949,0.2819862862479129,0.7841484086739607,0.7807558581692626,0.7816851443166802,0.889522176815827,0.0,-0.1715550594974567,0.0033925505046981,0.8130536890069038,0.4626328311750555,0.0144517456049196,0.1308112812906145,1.1241990655923209,12350370.0,259824,6.5,,,,,,0.702749704826137,3.02780818939209,
7d,S1,64,49,50,oracle,0,n13,259824,0.164973212636246,0.3515255021786677,0.7849611552114915,0.7836985917468354,0.784072864798171,0.9366776302312808,0.0,-0.1022128812940953,0.001262563464656,0.8095829883464344,0.5181701037349953,0.0113652386818933,0.1761259234892921,1.0676031622032909,12636518.0,259824,7.0,,,,,,,,
7d,S1,64,49,50,A,0,n13,259824,0.164973212636246,0.3529446880795953,0.7881302163389134,0.787399932154867,0.7876047193946545,0.9512450541973438,0.0,-0.0778304611523418,0.0007302841840464,0.8067117013014028,0.5150335075035004,0.008731517923712,0.173428720505096,1.0512538231736672,10653765.0,259824,5.7,,,,,,,,
7d,S1,64,49,50,B_teacher,0,n13,259824,0.164973212636246,0.3307763044668484,0.7386279187759082,0.7382846398292378,0.7383327635454172,0.9673801103715308,0.0,-0.0554813894849618,0.0003432789466704,0.8390215050765797,0.5624218626806131,0.0072751118668512,0.1705360807685891,1.0337198266521537,10653765.0,259824,0.0,,,,,,,,
7d,S1,64,49,50,B,0,n13,259824,0.164973212636246,0.3486910382900612,0.7786317593792796,0.7785747439361946,0.778570259524363,0.9860782628617828,0.0,-0.0219612299397203,5.701544308500672e-05,0.8133765546873365,0.5224224221955573,0.0049281216614382,0.1673023520034434,1.0141182882358786,12636518.0,259824,15.5,10653765.0,,,,,,,
7d,S1,64,49,50,B_nofresh,0,n13,259824,0.164973212636246,0.3502452774300065,0.782102396198529,0.7819419254226658,0.7819493580541271,0.9767908460247436,0.0,-0.0367704928888353,0.0001604707758631,0.8109050017351821,0.5198551612999336,0.0058621072766109,0.1688930780910154,1.0237606178126166,10653765.0,259824,12.7,10653765.0,,,,,,,
7d,S1,64,49,50,C,0,n13,259824,0.164973212636246,0.3519649161793086,0.7859423725610761,0.7844011025975808,0.7846850748656564,0.9304987041612638,0.0,-0.1130306145524242,0.0015412699634953,0.8090627537373641,0.5174695909338242,0.0123222654750858,0.1772954781113319,1.0746925229749604,12636518.0,259824,7.0,,0.1569065153598785,,,,,,
7d,S1,64,49,50,D,0,n13,259824,0.164973212636246,0.3528875530678108,0.7880026330922488,0.7862772125668072,0.7858008769677033,0.926363446708402,0.0,-0.1190039299812402,0.0017254205254416,0.8081463331863705,0.5194433948226295,0.0131998535490861,0.1780869195804698,1.079489916785088,,259824,5.6,,,12633710.0,12350370.0,0.0003848759224638,,,10653765.0
7d,S1,64,49,50,E,0,n13,259824,0.164973212636246,0.3531507332819909,0.7885903180359337,0.7874489644198436,0.7877891330718456,0.9395146492440832,0.0,-0.0969955113075188,0.0011413536160901,0.806803914461813,0.5145842620838598,0.0106208696582456,0.1755940822944917,1.0643793588578765,10653765.0,259824,5.8,,,,,,0.7314482041209998,5.090298652648926,
1d,S2,160,49,50,oracle,0,n13,259824,0.1163595356856949,0.2792307691604506,0.7764858575337689,0.7731976548330463,0.7736256414514779,0.8921427937651113,0.0,-0.1707301500095081,0.0032882027007226,0.8202896805140354,0.4691271412943117,0.0140674951650757,0.1304270308507707,1.1208967970023036,12636518.0,259824,6.6,,,,,,,,
1d,S2,160,49,50,A,0,n13,259824,0.1163595356856949,0.2797037324648771,0.7778010754738397,0.7745276002567728,0.77485874398981,0.8923963939979921,0.0,-0.1704061100298114,0.0032734752170668,0.8196439228571679,0.4674506526538231,0.0140304305538557,0.1303899662395506,1.1205782617743858,12350370.0,259824,6.7,,,,,,,,
1d,S2,160,49,50,B_teacher,0,n13,259824,0.1163595356856949,0.265488414406445,0.7382710714348711,0.7373459537386464,0.7375032202777471,0.941630574753674,0.0,-0.092975133933256,0.0009251176962247,0.8437537201423171,0.5012554359357083,0.0076270437055938,0.1235723847604821,1.0619876061921578,12350370.0,259824,0.0,,,,,,,,
1d,S2,160,49,50,B,0,n13,259824,0.1163595356856949,0.2774831596037453,0.7716260990288142,0.7702366258455808,0.7705464441215355,0.9276049417816776,0.0,-0.1111590725369422,0.0013894731832333,0.8229570868857088,0.469289575409395,0.0091257895046981,0.1254408320229513,1.0780451407247478,12636518.0,259824,15.5,12350370.0,,,,,,,
1d,S2,160,49,50,B_nofresh,0,n13,259824,0.1163595356856949,0.2776853173537511,0.7721882599767008,0.7707469718951686,0.7710719616170117,0.9263212045705416,0.0,-0.1131595325425837,0.0014412880815322,0.822579929451392,0.4688654780353719,0.0092809631507347,0.1256146735188267,1.079539143728894,12350370.0,259824,15.1,12350370.0,,,,,,,
1d,S2,160,49,50,C,0,n13,259824,0.1163595356856949,0.2792882324704744,0.7766456516986264,0.773336728571035,0.7737151310701323,0.8918759162863095,0.0,-0.1713402453288534,0.0033089231275914,0.8202575902836322,0.468922024374807,0.0141065230573256,0.1304660587430205,1.1212322047711631,12636518.0,259824,7.1,,0.0226444490253925,,,,,,
1d,S2,160,49,50,D,0,n13,259824,0.1163595356856949,0.2801175017177099,0.7789516863971021,0.7762258581915128,0.7766004176897664,0.9006666996367334,0.0,-0.1549891547381909,0.0027258282055893,0.819028225241421,0.4676269537290426,0.0136316715126169,0.1291926699772805,1.110288634411965,,259824,13.2,,,12633710.0,12350370.0,1.1546277164597996e-05,,,
1d,S2,160,49,50,E,0,n13,259824,0.1163595356856949,0.2790598678236176,0.7760106145242557,0.7726146996203884,0.773131870875587,0.8905541209615743,0.0,-0.1734888789080457,0.0033959149038672,0.8203492182062557,0.4705077754543613,0.0143001658943235,0.1306597015800184,1.122896381547538,12350370.0,259824,6.6,,,,,,0.702749704826137,3.02780818939209,
7d,S2,160,49,50,oracle,0,n13,259824,0.164973212636246,0.3466661705962252,0.7741102026949054,0.7721781539349649,0.7726256645568125,0.923295688039412,0.0,-0.1274729515631929,0.0019320487599404,0.8179529055817515,0.5287533980856078,0.0137054217095519,0.1786786343457979,1.083076649175593,12636518.0,259824,6.8,,,,,,,,
7d,S2,160,49,50,A,0,n13,259824,0.164973212636246,0.3491736002333057,0.7797093266626847,0.7779148777054249,0.7781937287736393,0.9258761137833088,0.0,-0.1228189366534959,0.0017944489572597,0.8139383888582129,0.5235886509737891,0.013321745226128,0.1781806552521736,1.0800581040089765,10653765.0,259824,6.0,,,,,,,,
7d,S2,160,49,50,B_teacher,0,n13,259824,0.164973212636246,0.3307763044668484,0.7386279187759082,0.7382846398292378,0.7383327635454172,0.9673801103715308,0.0,-0.0554813894849618,0.0003432789466704,0.8390215050765797,0.5624218626806131,0.0072751118668512,0.1705360807685891,1.0337198266521537,10653765.0,259824,0.1,,,,,,,,
7d,S2,160,49,50,B,0,n13,259824,0.164973212636246,0.3447530886740801,0.7698382651361391,0.7693673829159632,0.7694088976386867,0.96109371804156,0.0,-0.0634503870824966,0.0004708822201758,0.8200980122479199,0.5305419944643431,0.0069186714664994,0.1716515356820928,1.0404812571636823,12636518.0,259824,15.2,10653765.0,,,,,,,
7d,S2,160,49,50,B_nofresh,0,n13,259824,0.164973212636246,0.3463625828675586,0.7734322872300952,0.7729362415608787,0.7729593671810859,0.9600541758322134,0.0,-0.0650396341582868,0.0004960456692164,0.8178049082129037,0.5270464416287118,0.0074551369867,0.1718373991688965,1.0416078854437147,10653765.0,259824,13.1,10653765.0,,,,,,,
7d,S2,160,49,50,C,0,n13,259824,0.164973212636246,0.3471288861615251,0.775143452750509,0.7733533965237983,0.7735103332196411,0.9261684137888476,0.0,-0.1230451610170836,0.0017900562267106,0.8173232927704528,0.5274620267171597,0.0134130423364218,0.1781244211960973,1.0797172362088183,12636518.0,259824,7.5,,0.1569065153598785,,,,,,
7d,S2,160,49,50,D,0,n13,259824,0.164973212636246,0.3493873653429854,0.780186667016082,0.7787981265630425,0.7785809894731737,0.9340652792312144,0.0,-0.1077277965107898,0.0013885404530394,0.8148293884135742,0.5259516643535675,0.0137799409258364,0.1766185044069166,1.0705889858394624,,259824,5.8,,,12633710.0,12350370.0,0.0003810271737165,,,10653765.0
7d,S2,160,49,50,E,0,n13,259824,0.164973212636246,0.3491528861222585,0.7796630717752412,0.7772153428868059,0.7776742363505903,0.9142298941057728,0.0,-0.1431940835871332,0.0024477288884352,0.8136718748387057,0.5258412922056312,0.0154772557851675,0.1804504684214135,1.0938167811479416,10653765.0,259824,5.8,,,,,,0.7314482041209998,5.090298652648926,
1d,S3,896,49,50,oracle,0,n13,259824,0.1163595356856949,0.2715999374287324,0.7552660151119819,0.752273003802369,0.7528512615955859,0.8978754634708084,0.0,-0.1649902496659933,0.0029930113096129,0.8342457280625512,0.4899978087463252,0.0132347570861533,0.1295942927718483,1.1137402019367153,12636518.0,259824,6.9,,,,,,,,
1d,S3,896,49,50,A,0,n13,259824,0.1163595356856949,0.2726768377089883,0.7582606630159612,0.7547778586030338,0.7553208665919435,0.8905401683081912,0.0,-0.1778517294675581,0.0034828044129273,0.8326926501892269,0.4874711049940632,0.0144247276470563,0.1306617487078091,1.1229139746719743,12350370.0,259824,6.8,,,,,,,,
1d,S3,896,49,50,B_teacher,0,n13,259824,0.1163595356856949,0.265488414406445,0.7382710714348711,0.7373459537386464,0.7375032202777471,0.941630574753674,0.0,-0.092975133933256,0.0009251176962247,0.8437537201423171,0.5012554359357083,0.0076270437055938,0.1235723847604821,1.0619876061921578,12350370.0,259824,0.0,,,,,,,,
1d,S3,896,49,50,B,0,n13,259824,0.1163595356856949,0.2698373207530326,0.750364524760295,0.7491560222005623,0.7493575871895658,0.9333111957506468,0.0,-0.1054956727497878,0.0012085025597327,0.8364940661682537,0.4910858097695995,0.0090809688905115,0.1246738882116472,1.0714539850727027,12636518.0,259824,15.2,12350370.0,,,,,,,
1d,S3,896,49,50,B_nofresh,0,n13,259824,0.1163595356856949,0.2704177401611567,0.7519785569932095,0.7504410401381969,0.7507109494187976,0.9252454682732072,0.0,-0.118835483230462,0.0015375168550125,0.8354741970813273,0.490506784222337,0.009805802217985,0.1257607193719712,1.0807942695102388,12350370.0,259824,14.6,12350370.0,,,,,,,
1d,S3,896,49,50,C,0,n13,259824,0.1163595356856949,0.2716822928411845,0.755495029318592,0.752492607074776,0.7530146497772038,0.897776334120718,0.0,-0.165335044634309,0.0030024222438159,0.8341746688444585,0.4896780617242274,0.0132501579076041,0.1296086021243336,1.1138631772683114,12636518.0,259824,7.2,,0.0226444490253925,,,,,,
1d,S3,896,49,50,D,0,n13,259824,0.1163595356856949,0.2723092075929869,0.7572383559588381,0.753402537954097,0.7542863951952374,0.8851058353865194,0.0,-0.1856624192797563,0.0038358180047411,0.8334580132522762,0.4888569200570074,0.0151044441386856,0.1314639798243806,1.1298083912906385,,259824,13.1,,,12633710.0,12350370.0,1.1546277164597996e-05,,,
1d,S3,896,49,50,E,0,n13,259824,0.1163595356856949,0.2725917085814303,0.7580239356531002,0.7541782697717914,0.7547049136582009,0.8856778049131685,0.0,-0.1871283689457362,0.0038456658813088,0.8331507682643594,0.4884726144352302,0.0152434505028437,0.1313790805642948,1.129078762562013,12350370.0,259824,6.5,,,,,,0.702749704826137,3.02780818939209,
7d,S3,896,49,50,oracle,0,n13,259824,0.164973212636246,0.3374379627305872,0.7535034909148274,0.7517841927298476,0.7523033091286863,0.928420066211202,0.0,-0.1221190517227101,0.0017192981849797,0.8311292537251315,0.5497502570402548,0.012851442144652,0.1776924246257265,1.077098650054936,12636518.0,259824,6.8,,,,,,,,
7d,S3,896,49,50,A,0,n13,259824,0.164973212636246,0.3399466894974229,0.7591055113907259,0.7584277733891996,0.7583660949877414,0.9542894737328907,0.0,-0.0772372292260327,0.0006777380015262,0.8271722085629647,0.5439282397203239,0.0099271173559524,0.172875439976217,1.0479000633720743,10653765.0,259824,5.6,,,,,,,,
7d,S3,896,49,50,B_teacher,0,n13,259824,0.164973212636246,0.3307763044668484,0.7386279187759082,0.7382846398292378,0.7383327635454172,0.9673801103715308,0.0,-0.0554813894849618,0.0003432789466704,0.8390215050765797,0.5624218626806131,0.0072751118668512,0.1705360807685891,1.0337198266521537,10653765.0,259824,0.0,,,,,,,,
7d,S3,896,49,50,B,0,n13,259824,0.164973212636246,0.3356622490835824,0.749538298554561,0.7489981427765647,0.7490977701350116,0.959069627258818,0.0,-0.0690497588319285,0.0005401557779962,0.8325121629522192,0.5530162700415251,0.0081014625670464,0.1720138016545964,1.0426771650126885,12636518.0,259824,15.2,10653765.0,,,,,,,
7d,S3,896,49,50,B_nofresh,0,n13,259824,0.164973212636246,0.3371149306300217,0.7527821559071005,0.7522779503236896,0.752305726440787,0.9604406455679304,0.0,-0.0667705943243974,0.0005042055834109,0.8307535866164069,0.5499901062825663,0.0086514818415373,0.1717682538713192,1.041188754989307,10653765.0,259824,12.8,10653765.0,,,,,,,
7d,S3,896,49,50,C,0,n13,259824,0.164973212636246,0.3381256157416196,0.7550390292998926,0.7533053886623752,0.7536024012640808,0.9282575011806472,0.0,-0.1228480819119174,0.0017336406375174,0.8303691005831644,0.5478032253105426,0.0130199754270465,0.177723543764976,1.0772872815227497,12636518.0,259824,7.0,,0.1569065153598785,,,,,,
7d,S3,896,49,50,D,0,n13,259824,0.164973212636246,0.338742721240287,0.7564170341448303,0.7547389017449301,0.7548142014135979,0.929021884799166,0.0,-0.1203180639720733,0.0016781323999002,0.829612105045002,0.5467999347715649,0.0126041031789885,0.1775773158152346,1.0764009076235892,,259824,5.9,,,12633710.0,12350370.0,0.0001654966472415,,,10653765.0
7d,S3,896,49,50,E,0,n13,259824,0.164973212636246,0.3397049486227194,0.7585657007792821,0.7572585087958184,0.7573814129013413,0.937278129582026,0.0,-0.1068613760408193,0.0013071919834637,0.8275625768900452,0.5455185851952886,0.0115244628145548,0.1760130823812297,1.0669191656546435,10653765.0,259824,6.0,,,,,,0.7314482041209998,5.090298652648926,
1d,S4,131072,49,50,oracle,0,n13,259824,0.1163595356856949,0.2678411949387823,0.7448136914145157,0.7419844273284522,0.7427301533925934,0.9007754986425134,0.0,-0.1609513957989579,0.0028292640860635,0.8406834824808292,0.4990282533223015,0.0128175299217189,0.1291770656074139,1.1101545296325444,12636518.0,259824,6.8,,,,,,,,
1d,S4,131072,49,50,A,0,n13,259824,0.1163595356856949,0.2685659945259982,0.7468292165327238,0.7437293555794809,0.7445008699546249,0.8964067110990498,0.0,-0.1682038422380311,0.0030998609532428,0.8396233002630114,0.4971143059354096,0.0134470958856271,0.1298066315713221,1.1155650528028047,12350370.0,259824,6.6,,,,,,,,
1d,S4,131072,49,50,B_teacher,0,n13,259824,0.1163595356856949,0.265488414406445,0.7382710714348711,0.7373459537386464,0.7375032202777471,0.941630574753674,0.0,-0.092975133933256,0.0009251176962247,0.8437537201423171,0.5012554359357083,0.0076270437055938,0.1235723847604821,1.0619876061921578,12350370.0,259824,0.0,,,,,,,,
1d,S4,131072,49,50,B,0,n13,259824,0.1163595356856949,0.2673464189865195,0.7434378167903295,0.7421504278860783,0.7424883885360799,0.9313715529162304,0.0,-0.1090012464292863,0.0012873889042511,0.8408742326087465,0.4967952698718895,0.0086479106695218,0.1249335298263727,1.07368535883331,12636518.0,259824,15.3,12350370.0,,,,,,,
1d,S4,131072,49,50,B_nofresh,0,n13,259824,0.1163595356856949,0.2673850115696532,0.7435451351746862,0.742318024081823,0.7426388522513305,0.9329130178408102,0.0,-0.1064380545874527,0.0012271110928632,0.8408080321873999,0.4966273958546205,0.0084278567248861,0.124727100448233,1.0719112938465152,12350370.0,259824,14.7,12350370.0,,,,,,,
1d,S4,131072,49,50,C,0,n13,259824,0.1163595356856949,0.267993875210083,0.7452382652240063,0.7424011164954033,0.7430634901115789,0.9007222924017568,0.0,-0.1613073872133217,0.0028371487286029,0.8405397855047656,0.4984513888726034,0.0128508148873131,0.1291846961791349,1.1102201071692377,12636518.0,259824,7.7,,0.0226444490253925,,,,,,
1d,S4,131072,49,50,D,0,n13,259824,0.1163595356856949,0.2682390827478136,0.7459201391656959,0.7426521586240673,0.7436968889355478,0.8934896161385883,0.0,-0.1720042987340235,0.0032679805416285,0.8403709918047872,0.4986510245783631,0.0138708929437593,0.1302304286294542,1.1192071871206737,,259824,13.7,,,12633710.0,12350370.0,0.0,,,
1d,S4,131072,49,50,E,0,n13,259824,0.1163595356856949,0.2685585591836028,0.7468085403077028,0.7436107125041214,0.7442961252291542,0.8950835071812989,0.0,-0.1711093166007635,0.0031978278035814,0.8397825572453593,0.4972247360686949,0.0136389893146393,0.1299985250003342,1.117214195074483,12350370.0,259824,6.8,,,,,,0.702749704826137,3.02780818939209,
7d,S4,131072,49,50,oracle,0,n13,259824,0.164973212636246,0.3321760966109274,0.7417536733844993,0.7399069136876478,0.7405874072660331,0.926339972348088,0.0,-0.1272075202934649,0.0018467596968514,0.838202525178936,0.5604368790870967,0.0131620914903824,0.1780914324770761,1.0795172721146844,12636518.0,259824,6.8,,,,,,,,
7d,S4,131072,49,50,A,0,n13,259824,0.164973212636246,0.3340670556444148,0.7459762102365466,0.7447919559324733,0.7450763267180424,0.9403717115871258,0.0,-0.1021257961514962,0.0011842543040733,0.8352180027409355,0.556605009136385,0.0110536189783243,0.1754340444352692,1.0634092749474946,10653765.0,259824,5.9,,,,,,,,
7d,S4,131072,49,50,B_teacher,0,n13,259824,0.164973212636246,0.3307763044668484,0.7386279187759082,0.7382846398292378,0.7383327635454172,0.9673801103715308,0.0,-0.0554813894849618,0.0003432789466704,0.8390215050765797,0.5624218626806131,0.0072751118668512,0.1705360807685891,1.0337198266521537,10653765.0,259824,0.0,,,,,,,,
7d,S4,131072,49,50,B,0,n13,259824,0.164973212636246,0.3325329088988678,0.7425504400031354,0.7421408610203437,0.7422306138553049,0.9643536959906824,0.0,-0.0604100787796229,0.0004095789827917,0.83659363044655,0.5596089786876797,0.0075017824936273,0.1710712711758405,1.0369639315507555,12636518.0,259824,15.2,10653765.0,,,,,,,
7d,S4,131072,49,50,B_nofresh,0,n13,259824,0.164973212636246,0.3327827246809043,0.7431082819908209,0.7428056780252077,0.7428595990468019,0.9692359324813726,0.0,-0.051946564537946,0.0003026039656132,0.8362955068397881,0.5589102606691476,0.0070667058012,0.1702095507477655,1.0317405354956943,10653765.0,259824,13.0,10653765.0,,,,,,,
7d,S4,131072,49,50,C,0,n13,259824,0.164973212636246,0.3330865979023042,0.7437868349647291,0.7421606922755741,0.7424631458924058,0.9307737369867128,0.0,-0.119700583354163,0.0016261426891549,0.8372430146534839,0.5572402936942036,0.0123641698761787,0.1772430893573881,1.074374963820316,12636518.0,259824,7.1,,0.1569065153598785,,,,,,
7d,S4,131072,49,50,D,0,n13,259824,0.164973212636246,0.333723983542708,0.7452101256378258,0.7431850758955751,0.7437623821823018,0.9225765964004264,0.0,-0.1322756343742555,0.0020250497422507,0.836674651076231,0.5575508332420718,0.0138446907009015,0.1788179033371476,1.0839208407211425,,259824,6.0,,,12633710.0,12350370.0,1.5395036825793795e-05,,,10653765.0
7d,S4,131072,49,50,E,0,n13,259824,0.164973212636246,0.3340243637809378,0.7458808787335252,0.744706957143501,0.7449569016863336,0.9406554369727044,0.0,-0.1017487966611915,0.0011739215900241,0.8351795539548112,0.5570633217453956,0.0106261776772171,0.1753811291062927,1.0630885239108203,10653765.0,259824,6.0,,,,,,0.7314482041209998,5.090298652648926,
1d,S0,36,50,51,oracle,0,n13,230002,0.1130685820123303,0.2819133640745564,0.7988856645021691,0.7962603968332813,0.7970394744466085,0.8996649147448492,0.0,-0.1490922575827403,0.0026252676688878,0.8040950733062177,0.4370071131789158,0.0126099680336024,0.1256785500459327,1.1115249506907874,12908944.0,230002,7.4,,,,,,,,
1d,S0,36,50,51,A,0,n13,230002,0.1130685820123303,0.2820987360428059,0.7994109713052756,0.7970172790977567,0.7977424734892062,0.9038164409677266,0.0,-0.1423709141668158,0.0023936922075189,0.8036224566620432,0.4360194934219983,0.0120326851114083,0.1251012671237386,1.1064193509572458,12636518.0,230002,6.6,,,,,,,,
1d,S0,36,50,51,B_teacher,0,n13,230002,0.1130685820123303,0.2605902717725591,0.7384603178044613,0.7373255629304453,0.7374327556290998,0.9351141389314916,0.0,-0.1029822057427924,0.001134754874016,0.8446760677934195,0.4952906562109768,0.0081902669387355,0.1209142042719278,1.069388172381449,12636518.0,230002,26.1,,,,,,,,
1d,S0,36,50,51,B,0,n13,230002,0.1130685820123303,0.2807962114249187,0.7957198790141844,0.7949062477529054,0.7949849224982405,0.9426575018274088,0.0,-0.0841684287230746,0.0008136312612789,0.8053989333567524,0.4381624155631225,0.0072728976711071,0.1199466209022246,1.0608306814101929,12908944.0,230002,18.0,12636518.0,,,,,,,
1d,S0,36,50,51,B_nofresh,0,n13,230002,0.1130685820123303,0.2809948058831656,0.7962826556894366,0.7955242752832254,0.7956010189512868,0.944535602195192,0.0,-0.0812489066851357,0.0007583804062111,0.804804739254779,0.437674679230005,0.0072396228666914,0.119708120847481,1.058721341658169,12636518.0,230002,17.7,12636518.0,,,,,,,
1d,S0,36,50,51,C,0,n13,230002,0.1130685820123303,0.2819356237635046,0.7989487439750254,0.7963183499513949,0.7970662035600814,0.8996137883116366,0.0,-0.1493012386160971,0.0026303940236304,0.8040589667712352,0.4369149257638046,0.012617110538618,0.1256856925509483,1.1115881203608102,12908944.0,230002,7.5,,0.0211035851389169,,,,,,
1d,S0,36,50,51,D,0,n13,230002,0.1130685820123303,0.2831836528547932,0.8024854069253083,0.7996343807099415,0.800409511538366,0.8955364481784376,0.0,-0.1549172818061432,0.0028510262153668,0.8022373343588263,0.4342354143200932,0.0131893522597108,0.1262579342720411,1.1166491347549796,,230002,13.8,,,12906063.0,12636518.0,0.0,,,
1d,S0,36,50,51,E,0,n13,230002,0.1130685820123303,0.2808130632162152,0.795767633594859,0.7944789305597838,0.7949727868147022,0.9281171511529904,0.0,-0.1049394482818311,0.0012887030350752,0.8049004216337444,0.4396829301933693,0.0087571830560841,0.1218257650684144,1.0774501890819603,12636518.0,230002,7.9,,,,,,0.6971520408140925,2.709492444992065,
7d,S0,36,50,51,oracle,0,n13,230002,0.159516004208659,0.3494912551339065,0.7963499365761101,0.7945743123644001,0.7951392035863315,0.9240603089225132,0.0,-0.1200668406469396,0.0017756242117099,0.802969719102948,0.4981361453972399,0.0131090968463362,0.1726251010549953,1.0821804489861002,12908944.0,230002,6.8,,,,,,,,
7d,S0,36,50,51,A,0,n13,230002,0.159516004208659,0.3509228842956151,0.7996120433538327,0.7975701270794846,0.7981320126373137,0.918890647864403,0.0,-0.1286420890691909,0.0020419162743481,0.8004126275832226,0.4958512957495481,0.0140802823346753,0.1735962865433343,1.088268775315217,10940164.0,230002,5.8,,,,,,,,
7d,S0,36,50,51,B_teacher,0,n13,230002,0.159516004208659,0.3257306256687548,0.7422090232066691,0.7420792622216864,0.7422982554457617,1.0212436793896684,0.0,0.0342384007854917,0.0001297609849827,0.8381995664836863,0.5476003171375179,0.0063279301521364,0.1561977884690473,0.9791982268107016,10940164.0,230002,25.1,,,,,,,,
7d,S0,36,50,51,B,0,n13,230002,0.159516004208659,0.3486984366081143,0.7945434221828127,0.7942216244713152,0.7945296539589122,1.034996304499426,0.0,0.0521391023938967,0.0003217977114975,0.803494507985115,0.4982061369657974,0.0084691330458251,0.154122293495346,0.9661870246808738,12908944.0,230002,18.8,10940164.0,,,,,,,
7d,S0,36,50,51,B_nofresh,0,n13,230002,0.159516004208659,0.3493588750769275,0.796048295695457,0.7956915161406681,0.7959744581204169,1.0369601400086983,0.0,0.0548255244941965,0.0003567795547888,0.8024587013933999,0.4971609636455626,0.0091491051274446,0.1538304106918911,0.9643572220544672,10940164.0,230002,16.3,10940164.0,,,,,,,
7d,S0,36,50,51,C,0,n13,230002,0.159516004208659,0.3498373336604497,0.7971385102774963,0.795198573926696,0.7956749197615747,0.9209141365115068,0.0,-0.1255909290193057,0.0019399363508002,0.8024962326555208,0.4975244671686173,0.0136988459975913,0.1732148502062503,1.0858775648597128,12908944.0,230002,7.2,,0.152512788772583,,,,,,
7d,S0,36,50,51,D,0,n13,230002,0.159516004208659,0.3525697036356847,0.8033644819563789,0.8013761914240839,0.8016581244577318,0.9195695794943394,0.0,-0.1264354697965496,0.0019882905322949,0.7990752855860361,0.4931201520050786,0.01597321890394,0.1734681178735545,1.0874652906089917,,230002,5.9,,,12906063.0,12636518.0,4.347788490122184e-05,,,10940164.0
7d,S0,36,50,51,E,0,n13,230002,0.159516004208659,0.3514804068365099,0.8008824128797062,0.7975312111807932,0.7984951358215616,0.8978010685855197,0.0,-0.1641783531214356,0.003351201698913,0.8000494591957523,0.4958725969687356,0.0181581039988256,0.1776741082074847,1.1138324902814989,10940164.0,230002,8.7,,,,,,0.7303595327935001,4.988598346710205,
1d,S1,64,50,51,oracle,0,n13,230002,0.1130685820123303,0.2788833351187345,0.7902991730324264,0.7869817501752845,0.7876900569392582,0.8892979617827181,0.0,-0.1690484290607099,0.0033174228571418,0.8103759269251256,0.4480995712764637,0.0140750603566109,0.1271436423689413,1.124482505273446,12908944.0,230002,6.6,,,,,,,,
1d,S1,64,50,51,A,0,n13,230002,0.1130685820123303,0.2791310117961503,0.7910010388260846,0.7879489625514378,0.7886024701170118,0.8934155279591055,0.0,-0.1621758036094457,0.0030520762746468,0.8097915835900031,0.4469780334206119,0.0134890817778,0.1265576637901304,1.1192999995023294,12636518.0,230002,6.5,,,,,,,,
1d,S1,64,50,51,B_teacher,0,n13,230002,0.1130685820123303,0.2605902717725591,0.7384603178044613,0.7373255629304453,0.7374327556290998,0.9351141389314916,0.0,-0.1029822057427924,0.001134754874016,0.8446760677934195,0.4952906562109768,0.0081902669387355,0.1209142042719278,1.069388172381449,12636518.0,230002,0.1,,,,,,,,
1d,S1,64,50,51,B,0,n13,230002,0.1130685820123303,0.2769104635924646,0.7847084526867789,0.7832558222624847,0.7835200575666251,0.9248223341364994,0.0,-0.1127391908551405,0.0014526304242942,0.8137462631438894,0.4498852280822557,0.009191205450417,0.1222597874627473,1.0812887655159122,12908944.0,230002,19.0,12636518.0,,,,,,,
1d,S1,64,50,51,B_nofresh,0,n13,230002,0.1130685820123303,0.2772318241159971,0.7856191236520589,0.7840762961035259,0.7843490508153977,0.9226482475650424,0.0,-0.1161380921103725,0.0015428275485329,0.8130720319264652,0.4492216535936931,0.0096001682050597,0.1225478748924405,1.083836665423791,12636518.0,230002,18.8,12636518.0,,,,,,,
1d,S1,64,50,51,C,0,n13,230002,0.1130685820123303,0.2789306812721668,0.7904333424903751,0.7870653658745608,0.7877426055443797,0.8885841813145344,0.0,-0.1704074761238458,0.0033679766158143,0.810324869550132,0.4480478212955735,0.0141771920966138,0.1272457741089441,1.125385777766876,12908944.0,230002,7.3,,0.0211035851389169,,,,,,
1d,S1,64,50,51,D,0,n13,230002,0.1130685820123303,0.2789390365216091,0.790457019583601,0.786905124209267,0.7876809412652458,0.8854552988668322,0.0,-0.174309999823636,0.003551895374334,0.8107270460342932,0.4485410504230825,0.0146268331678946,0.1276954151802249,1.1293624887442169,,230002,13.5,,,12906063.0,12636518.0,4.7825673391344026e-05,,,
1d,S1,64,50,51,E,0,n13,230002,0.1130685820123303,0.2779162936018168,0.7875587722451844,0.7849360182918478,0.7856435335388341,0.9006508376113573,0.0,-0.1505607319767858,0.0026227539533366,0.8114238868252128,0.4510017161727226,0.0124723904606458,0.1255409724729761,1.1103081885230124,12636518.0,230002,6.6,,,,,,0.6971520408140925,2.709492444992065,
7d,S1,64,50,51,oracle,0,n13,230002,0.159516004208659,0.3458295135102479,0.7880063008858799,0.7861369091491858,0.7866166660002203,0.9226713471854108,0.0,-0.1239652987579702,0.001869391736694,0.8091913687015888,0.5060588699665697,0.0133689614893213,0.1728849656979803,1.0838095309348,12908944.0,230002,6.6,,,,,,,,
7d,S1,64,50,51,A,0,n13,230002,0.159516004208659,0.3476913344014665,0.7922486415077358,0.7901814750607022,0.7905744104668242,0.9189713883693396,0.0,-0.1303618829197081,0.0020671664470335,0.8059503646112365,0.5029854667619233,0.0140650302256238,0.1735810344342828,1.0881731604010447,10940164.0,230002,5.9,,,,,,,,
7d,S1,64,50,51,B_teacher,0,n13,230002,0.159516004208659,0.3257306256687548,0.7422090232066691,0.7420792622216864,0.7422982554457617,1.0212436793896684,0.0,0.0342384007854917,0.0001297609849827,0.8381995664836863,0.5476003171375179,0.0063279301521364,0.1561977884690473,0.9791982268107016,10940164.0,230002,0.0,,,,,,,,
7d,S1,64,50,51,B,0,n13,230002,0.159516004208659,0.3438122457536119,0.7834097594089304,0.7831632343378254,0.7835034825129054,1.030419992616222,3.47823062408153e-05,0.0457761239578603,0.000246525071105,0.8116306016894976,0.5082494272442285,0.0081693989267831,0.1548067830124784,0.9704780644453668,12908944.0,230002,18.9,10940164.0,,,,,,,
7d,S1,64,50,51,B_nofresh,0,n13,230002,0.159516004208659,0.3448633604227365,0.7858048267755542,0.7855579810881533,0.7858552240832793,1.0304616102587951,1.739115312040765e-05,0.0457745998926811,0.0002468456874008,0.809779683843793,0.5063379276453869,0.0082356708575384,0.1548005307724151,0.9704388693809324,10940164.0,230002,16.3,10940164.0,,,,,,,
7d,S1,64,50,51,C,0,n13,230002,0.159516004208659,0.3464067188892588,0.7893215196795248,0.7869542380311311,0.7873401181388656,0.9137695694308188,0.0,-0.1395938154917252,0.0023672816483937,0.8085733211420759,0.5053366150741286,0.0150531755332539,0.1745691797419129,1.0943678072174077,12908944.0,230002,7.3,,0.152512788772583,,,,,,
7d,S1,64,50,51,D,0,n13,230002,0.159516004208659,0.3473459692527966,0.7914616933074626,0.7891822696227794,0.7888259747456154,0.914929878091301,0.0,-0.1364442304339644,0.0022794236846832,0.8077995495604764,0.5063047394966043,0.015090582822523,0.1743477921405698,1.0929799364364072,,230002,5.6,,,12906063.0,12636518.0,0.0004130399029236,,,10940164.0
7d,S1,64,50,51,E,0,n13,230002,0.159516004208659,0.3490867187840198,0.7954281610185169,0.790612994957584,0.7918372230828492,0.8798884266832203,0.0,-0.1972011324014982,0.0048151660609329,0.8055660013934709,0.5028131131286806,0.0217751679118357,0.1812911721204947,1.1365077317467918,10940164.0,230002,5.8,,,,,,0.7303595327935001,4.988598346710205,
1d,S2,160,50,51,oracle,0,n13,230002,0.1130685820123303,0.2745400934803172,0.7779913014499964,0.7750957970030765,0.7754945487244064,0.8970050610962583,0.0,-0.1597556060669123,0.0028955044469198,0.8198171621331113,0.459579334991962,0.0129826376699149,0.1260512196822453,1.11482091168791,12908944.0,230002,6.7,,,,,,,,
1d,S2,160,50,51,A,0,n13,230002,0.1130685820123303,0.2750523031067158,0.7794428003141709,0.7763149216355955,0.7767041562797314,0.8932786393007175,0.0,-0.1659503731832973,0.0031278786785754,0.8190622427310775,0.4581731084576323,0.0135084758481861,0.1265770578605164,1.1194715243418636,12636518.0,230002,6.7,,,,,,,,
1d,S2,160,50,51,B_teacher,0,n13,230002,0.1130685820123303,0.2605902717725591,0.7384603178044613,0.7373255629304453,0.7374327556290998,0.9351141389314916,0.0,-0.1029822057427924,0.001134754874016,0.8446760677934195,0.4952906562109768,0.0081902669387355,0.1209142042719278,1.069388172381449,12636518.0,230002,0.0,,,,,,,,
1d,S2,160,50,51,B,0,n13,230002,0.1130685820123303,0.2729264843779172,0.7734186584174488,0.7716459914839652,0.7719072055614178,0.9180360300951232,0.0,-0.1253743145690743,0.0017726669334836,0.8227648121524783,0.4608703941537726,0.0107519916902808,0.1231635560105572,1.0892818660901402,12908944.0,230002,19.0,12636518.0,,,,,,,
1d,S2,160,50,51,B_nofresh,0,n13,230002,0.1130685820123303,0.2732732541414966,0.7744013340487225,0.7726927338465536,0.772932026245741,0.9194292694476108,0.0,-0.1230936509690073,0.0017086002021688,0.8219769761527445,0.4600545936002344,0.0101137582792312,0.1229769224991732,1.0876312438919804,12636518.0,230002,19.0,12636518.0,,,,,,,
1d,S2,160,50,51,C,0,n13,230002,0.1130685820123303,0.2745674379519067,0.7780687901722071,0.775207703116154,0.775557859054461,0.8976106917170966,0.0,-0.158884597576768,0.0028610870560531,0.8197738130663531,0.459440601614708,0.0128975891303442,0.1259661711426746,1.1140687262615336,12908944.0,230002,7.2,,0.0211035851389169,,,,,,
1d,S2,160,50,51,D,0,n13,230002,0.1130685820123303,0.2756082300613682,0.7810181852769948,0.7785546714316529,0.7788649652630859,0.9040181848487236,0.0,-0.1468736213838568,0.0024635138453419,0.8181954075754534,0.4585265445209162,0.0131676770263104,0.1250733490845109,1.1061724385194065,,230002,13.1,,,12906063.0,12636518.0,1.3043365470366552e-05,,,
1d,S2,160,50,51,E,0,n13,230002,0.1130685820123303,0.274754446935487,0.7785987359468809,0.7753007650269395,0.7758103027009982,0.8906151117237878,0.0,-0.1702726583708625,0.0032979709199414,0.8195337739144093,0.4597096852198601,0.0138870248754596,0.1269556068877899,1.1228194837885666,12636518.0,230002,6.7,,,,,,0.6971520408140925,2.709492444992065,
7d,S2,160,50,51,oracle,0,n13,230002,0.159516004208659,0.3406218150637313,0.7761400516831578,0.773653795797608,0.7742388835032854,0.9123877085031682,0.0,-0.1440627128136707,0.0024862558855498,0.8183167649681331,0.5177819133037291,0.0153175700734358,0.1748335742820949,1.0960252869260652,12908944.0,230002,6.6,,,,,,,,
7d,S2,160,50,51,A,0,n13,230002,0.159516004208659,0.3427834345180429,0.781065512592568,0.7791614986562777,0.7795285963030624,0.9225995665388464,0.0,-0.126110642371979,0.0019040139362902,0.8142819893967302,0.5131403993683032,0.0133824123894399,0.172898416598099,1.0838938541360077,10940164.0,230002,5.6,,,,,,,,
7d,S2,160,50,51,B_teacher,0,n13,230002,0.159516004208659,0.3257306256687548,0.7422090232066691,0.7420792622216864,0.7422982554457617,1.0212436793896684,0.0,0.0342384007854917,0.0001297609849827,0.8381995664836863,0.5476003171375179,0.0063279301521364,0.1561977884690473,0.9791982268107016,10940164.0,230002,0.0,,,,,,,,
7d,S2,160,50,51,B,0,n13,230002,0.159516004208659,0.3392261779994482,0.7729599564123927,0.7729351126942478,0.7730103994928885,1.0094306817786094,0.0,0.0146162049428317,2.4843718144929028e-05,0.8192264072364526,0.5168399438554012,0.0064340618786496,0.1580257139872081,0.9906574250725244,12908944.0,230002,18.8,10940164.0,,,,,,,
7d,S2,160,50,51,B_nofresh,0,n13,230002,0.159516004208659,0.3407667191002978,0.7764702296736921,0.7764452579702779,0.7765131544479938,1.0094695072405306,0.0,0.0146317753669705,2.497170341420052e-05,0.8167710256217782,0.5140653877950693,0.0064089448693479,0.1580196361202721,0.9906193231468512,10940164.0,230002,16.3,10940164.0,,,,,,,
7d,S2,160,50,51,C,0,n13,230002,0.159516004208659,0.3409429890443384,0.7768718779458447,0.7746268523404556,0.7748865642521756,0.9166389275086492,0.0,-0.1372899068368392,0.002245025605389,0.8177964724098152,0.5166399007307456,0.0145067210122855,0.1740227252209446,1.0909421037986238,12908944.0,230002,7.1,,0.152512788772583,,,,,,
7d,S2,160,50,51,D,0,n13,230002,0.159516004208659,0.3439822561233664,0.7837971446301125,0.7821211528680162,0.7820065451917384,0.9268338041933668,0.0,-0.1179642880131499,0.0016759917620963,0.814056974824612,0.5132313976210893,0.0142037970541372,0.1721085306631511,1.078942088080517,,230002,5.6,,,12906063.0,12636518.0,0.0002739106712397,,,10940164.0
7d,S2,160,50,51,E,0,n13,230002,0.159516004208659,0.3436270290823314,0.7829877251455251,0.7795480244812005,0.7801480757956797,0.898195871903197,0.0,-0.1691800257497613,0.0034397006643245,0.813566318525156,0.5137016350214128,0.0180800070830192,0.1775960112916783,1.113342903570787,10940164.0,230002,5.7,,,,,,0.7303595327935001,4.988598346710205,
1d,S3,896,50,51,oracle,0,n13,230002,0.1130685820123303,0.2673623700390053,0.7576510796238727,0.7546334663500591,0.7551086967389125,0.896277124544856,0.0,-0.1651529678283095,0.0030176132738135,0.8340239445133333,0.4792003405481221,0.0131005698949518,0.1261535957081894,1.1157263446925705,12908944.0,230002,6.8,,,,,,,,
1d,S3,896,50,51,A,0,n13,230002,0.1130685820123303,0.2678349570896945,0.7589902960929619,0.7562567556239045,0.7566220955714134,0.90088174317136,0.0,-0.1572539314538963,0.0027335404690573,0.8331098465246095,0.4773221351796706,0.0125244827901701,0.1255087949882264,1.110023604740524,12636518.0,230002,6.5,,,,,,,,
1d,S3,896,50,51,B_teacher,0,n13,230002,0.1130685820123303,0.2605902717725591,0.7384603178044613,0.7373255629304453,0.7374327556290998,0.9351141389314916,0.0,-0.1029822057427924,0.001134754874016,0.8446760677934195,0.4952906562109768,0.0081902669387355,0.1209142042719278,1.069388172381449,12636518.0,230002,0.0,,,,,,,,
1d,S3,896,50,51,B,0,n13,230002,0.1130685820123303,0.2652791189835811,0.7517475659355423,0.7502190073434113,0.7503167164882905,0.9247980157529097,0.0,-0.1185567458542004,0.0015285585921309,0.8371653672474835,0.4826593701887521,0.0096180160370506,0.122263002392233,1.0813171989624848,12908944.0,230002,18.8,12636518.0,,,,,,,
1d,S3,896,50,51,B_nofresh,0,n13,230002,0.1130685820123303,0.2654508994593768,0.7522343571879011,0.750663046507648,0.7507707273760027,0.9237829624443727,0.0,-0.120135671535191,0.001571310680253,0.8369046281866783,0.482037885006558,0.0096269520338925,0.1223973450572692,1.0825053509906193,12636518.0,230002,18.7,12636518.0,,,,,,,
1d,S3,896,50,51,C,0,n13,230002,0.1130685820123303,0.2673911646013918,0.7577326776111896,0.754792446082996,0.7552048670869579,0.8975576072141175,0.0,-0.163132991728218,0.0029402315281935,0.833971210173438,0.4790181876770204,0.0129089282523908,0.1259736211954996,1.114134615942756,12908944.0,230002,7.3,,0.0211035851389169,,,,,,
1d,S3,896,50,51,D,0,n13,230002,0.1130685820123303,0.2679172333286994,0.7592234503745473,0.7554875672731025,0.7560631155452117,0.8851006317322956,0.0,-0.1826109120694138,0.0037358831014447,0.8334750651264065,0.4787570169723811,0.0146780017755893,0.1277465837879196,1.129815033622591,,230002,13.1,,,12906063.0,12636518.0,1.3043365470366552e-05,,,
1d,S3,896,50,51,E,0,n13,230002,0.1130685820123303,0.2676663561747904,0.7585125150754461,0.7554831149028801,0.7558712342881014,0.8961946211139036,0.0,-0.1656475175797705,0.003029400172566,0.8336739873006032,0.4782002277029212,0.0132164208724904,0.1261652093736006,1.115829058153768,12636518.0,230002,6.8,,,,,,0.6971520408140925,2.709492444992065,
7d,S3,896,50,51,oracle,0,n13,230002,0.159516004208659,0.3320521451267098,0.7566132222973683,0.7540588603934921,0.7546775810336752,0.9124990310093318,0.0,-0.148161691055278,0.0025543619038761,0.8311520698647704,0.5366343567013787,0.015478396706389,0.174812245041198,1.0958915746944755,12908944.0,230002,6.8,,,,,,,,
7d,S3,896,50,51,A,0,n13,230002,0.159516004208659,0.3352485902933505,0.7638966345954759,0.761039242648656,0.761621404199437,0.9076831493627274,0.0,-0.156355644294438,0.0028573919468198,0.8265108619551416,0.5309184412777517,0.0162995667266092,0.1757397438970341,1.101706031121198,10940164.0,230002,5.7,,,,,,,,
7d,S3,896,50,51,B_teacher,0,n13,230002,0.159516004208659,0.3257306256687548,0.7422090232066691,0.7420792622216864,0.7422982554457617,1.0212436793896684,0.0,0.0342384007854917,0.0001297609849827,0.8381995664836863,0.5476003171375179,0.0063279301521364,0.1561977884690473,0.9791982268107016,10940164.0,230002,0.0,,,,,,,,
7d,S3,896,50,51,B,0,n13,230002,0.159516004208659,0.3301840382544336,0.7523565584541354,0.7522734772515227,0.752433755515266,1.0170602052468531,0.0,0.0271983903617344,8.308120261268925e-05,0.8320315632876694,0.5386305844445667,0.0065084498601453,0.1568402768938762,0.9832259632627034,12908944.0,230002,19.1,10940164.0,,,,,,,
7d,S3,896,50,51,B_nofresh,0,n13,230002,0.159516004208659,0.3317782407110665,0.7559891043521513,0.7558581028366081,0.7560927386645226,1.0214923154409628,0.0,0.0341722928449266,0.0001310015155431,0.8296400605610014,0.536158466634957,0.0069695534965543,0.1561597691900388,0.9789598853402192,10940164.0,230002,16.1,10940164.0,,,,,,,
7d,S3,896,50,51,C,0,n13,230002,0.159516004208659,0.332693438445364,0.7580744717167315,0.7554277454310567,0.755817252820666,0.9111811599631148,0.0,-0.1510589959815398,0.0026467262856747,0.8304445950203317,0.5349780100277408,0.0156728607417199,0.1750650816958467,1.0974765984411714,12908944.0,230002,7.2,,0.152512788772583,,,,,,
7d,S3,896,50,51,D,0,n13,230002,0.159516004208659,0.3335076549840563,0.759929743570954,0.757177140446758,0.7573355758982083,0.9091463371046355,0.0,-0.1533348553166416,0.002752603124196,0.8296855664884374,0.5337601241452002,0.0159409026702387,0.1754569068788977,1.099932936192326,,230002,5.9,,,12906063.0,12636518.0,0.0001695637474767,,,10940164.0
7d,S3,896,50,51,E,0,n13,230002,0.159516004208659,0.3351800214274822,0.7637403937419976,0.7603976506777022,0.7610637733234468,0.9007409459314814,0.0,-0.168981963829367,0.0033427430642954,0.8268769478068041,0.5314642719870284,0.0176965136222475,0.1770942077510411,1.110197115515685,10940164.0,230002,5.9,,,,,,0.7303595327935001,4.988598346710205,
1d,S4,131072,50,51,oracle,0,n13,230002,0.1130685820123303,0.2632012272942719,0.7458592396107985,0.7437101812532244,0.7441832893512443,0.911637516818666,0.0,-0.1401010031393214,0.002149058357574,0.841032927376721,0.4886520632369682,0.0109594224591232,0.1240280044714535,1.0969272123526594,12908944.0,230002,7.2,,,,,,,,
1d,S4,131072,50,51,A,0,n13,230002,0.1130685820123303,0.263867044373091,0.747746031041192,0.7452455906545213,0.7457554130440434,0.9051662333000912,0.0,-0.1509455004615285,0.0025004403866706,0.8401964928530772,0.4868794905436648,0.0118461329346694,0.1249147149469997,1.1047694480981247,12636518.0,230002,6.7,,,,,,,,
1d,S4,131072,50,51,B_teacher,0,n13,230002,0.1130685820123303,0.2605902717725591,0.7384603178044613,0.7373255629304453,0.7374327556290998,0.9351141389314916,0.0,-0.1029822057427924,0.001134754874016,0.8446760677934195,0.4952906562109768,0.0081902669387355,0.1209142042719278,1.069388172381449,12636518.0,230002,0.0,,,,,,,,
1d,S4,131072,50,51,B,0,n13,230002,0.1130685820123303,0.2627884034701239,0.7446893800826435,0.7433638454770694,0.7434983173884201,0.9298298884561892,0.0,-0.1106923775683137,0.0013255346055741,0.8417947342761471,0.4878144854432619,0.009043248462832,0.1216013632343652,1.0754655366696324,12908944.0,230002,19.5,12636518.0,,,,,,,
1d,S4,131072,50,51,B_nofresh,0,n13,230002,0.1130685820123303,0.2627897324926623,0.7446931462647017,0.7433780430630893,0.7435145554700195,0.930081278713684,0.0,-0.110241907682115,0.0013151032016124,0.8418062663433344,0.4877406615973346,0.0089188869895536,0.1215684957864175,1.0751748507216643,12636518.0,230002,18.9,12636518.0,,,,,,,
1d,S4,131072,50,51,C,0,n13,230002,0.1130685820123303,0.2632337092716951,0.7459512869892662,0.7438895394391496,0.7442894247586265,0.9133944788369884,0.0,-0.1373662511627025,0.0020617475501165,0.8409661029690537,0.4884972179774431,0.0107208481102371,0.1237894301225674,1.0948172155291382,12908944.0,230002,7.1,,0.0211035851389169,,,,,,
1d,S4,131072,50,51,D,0,n13,230002,0.1130685820123303,0.2638718234901871,0.7477595740959868,0.7448118792986338,0.745726217175256,0.8971485610310057,0.0,-0.1628405462461229,0.002947694797353,0.8403802233821526,0.4883349904361937,0.012962475633676,0.1260310576460063,1.1146425948126106,,230002,14.0,,,12906063.0,12636518.0,0.0,,,
1d,S4,131072,50,51,E,0,n13,230002,0.1130685820123303,0.2640600931690793,0.7482930924271278,0.7454061263156115,0.7459157166757213,0.8987772981993397,0.0,-0.1622734350583442,0.0028869661115162,0.8401634251749108,0.486817830641509,0.0127340859443016,0.1258026679566319,1.112622673050883,12636518.0,230002,6.8,,,,,,0.6971520408140925,2.709492444992065,
7d,S4,131072,50,51,oracle,0,n13,230002,0.159516004208659,0.326788126675354,0.7446186424665612,0.7423325711169353,0.7430078337068396,0.9173332022249522,0.0,-0.141001060213843,0.0022860713496258,0.8382053604530837,0.5470261833759305,0.0143750136044538,0.1738910178131129,1.0901164348728936,12908944.0,230002,6.9,,,,,,,,
7d,S4,131072,50,51,A,0,n13,230002,0.159516004208659,0.3292790752277417,0.7502945118697832,0.7477106385388125,0.7485822467768874,0.912047510297202,0.0,-0.1490400416020592,0.0025838733309707,0.8346946948739346,0.5429777821913456,0.0153827838563166,0.1748987880649757,1.0964341097473504,10940164.0,230002,6.0,,,,,,,,
7d,S4,131072,50,51,B_teacher,0,n13,230002,0.159516004208659,0.3257306256687548,0.7422090232066691,0.7420792622216864,0.7422982554457617,1.0212436793896684,0.0,0.0342384007854917,0.0001297609849827,0.8381995664836863,0.5476003171375179,0.0063279301521364,0.1561977884690473,0.9791982268107016,10940164.0,230002,0.0,,,,,,,,
7d,S4,131072,50,51,B,0,n13,230002,0.159516004208659,0.3276547602289483,0.7465933516053493,0.7464781852810857,0.7466674900845547,1.0200660977476228,0.0,0.0321380042905883,0.0001151663242636,0.8356111550863129,0.5436722908339742,0.0064409937368433,0.1563781058510635,0.9803286298878768,12908944.0,230002,19.9,10940164.0,,,,,,,
7d,S4,131072,50,51,B_nofresh,0,n13,230002,0.159516004208659,0.3277467567633262,0.7468029746881616,0.7467172369431659,0.7468637925263429,1.0172947544932778,0.0,0.0276933972137916,8.57377449956509e-05,0.8356308474056299,0.5431892429360169,0.0061059016627948,0.1568041155270826,0.9829992689759888,10940164.0,230002,16.6,10940164.0,,,,,,,
7d,S4,131072,50,51,C,0,n13,230002,0.159516004208659,0.3273960993152459,0.7460039674671319,0.7440331443768351,0.744321807453928,0.9230532951967404,0.0,-0.1313237316646609,0.0019708230902968,0.8374463004793515,0.5448079864997298,0.0132974238336076,0.1728134280422667,1.0833610639858655,12908944.0,230002,7.3,,0.152512788772583,,,,,,
7d,S4,131072,50,51,D,0,n13,230002,0.159516004208659,0.3285993989558856,0.7487458031452187,0.746403921539952,0.7470924246519843,0.915906187499825,0.0,-0.1418436963918101,0.0023418816052666,0.8361820031594713,0.5438416563488712,0.0146459420536479,0.174161946262307,1.091814875418331,,230002,5.9,,,12906063.0,12636518.0,4.347788490122184e-06,,,10940164.0
7d,S4,131072,50,51,E,0,n13,230002,0.159516004208659,0.3293516106993224,0.750459791021534,0.7481842693084217,0.7488199094357729,0.9172916274338868,0.0,-0.1402877182770395,0.0022755217131122,0.8344171131438113,0.5428556083933463,0.0143828949395903,0.1738988991482494,1.090165842674798,10940164.0,230002,6.0,,,,,,0.7303595327935001,4.988598346710205,
1d,S0,36,51,52,oracle,0,n13,265296,0.1180568120137506,0.2880224090189293,0.7933728749960149,0.7924686262670269,0.7928360240134822,0.9400484925833942,0.0,-0.0879467815540423,0.000904248728988,0.805890607344059,0.450060714787262,0.0076726064690981,0.1255858745002748,1.0637749093686115,13168768.0,265296,6.7,,,,,,,,
1d,S0,36,51,52,A,0,n13,265296,0.1180568120137506,0.2883743720628572,0.7943423757130066,0.7930931551621614,0.7935443775031061,0.9300807287363136,0.0,-0.1032246556265771,0.0012492205508451,0.8054152249069788,0.4494561248540618,0.0088749782773487,0.1269317902910994,1.0751754864964085,12908944.0,265296,6.5,,,,,,,,
1d,S0,36,51,52,B_teacher,0,n13,265296,0.1180568120137506,0.2666982911683633,0.7346344707743301,0.7342546981977393,0.7342713722599661,0.9621018137607268,0.0,-0.0595970081189151,0.0003797725765908,0.8452417083220509,0.5060524905532836,0.0051007724407805,0.1227071920302098,1.0393910350206432,12908944.0,265296,32.1,,,,,,,,
1d,S0,36,51,52,B,0,n13,265296,0.1180568120137506,0.2872363613210663,0.791207665267849,0.7908820382509142,0.7909408051216426,0.9635575674236326,0.0,-0.0532229066010004,0.0003256270169348,0.8071550595473197,0.4511157937332817,0.0054166291011516,0.1225218046176647,1.0378207112978286,13168768.0,265296,20.4,12908944.0,,,,,,,
1d,S0,36,51,52,B_nofresh,0,n13,265296,0.1180568120137506,0.2873482841754826,0.791515962657238,0.7912703838930919,0.7913048986168064,0.9682465175122555,0.0,-0.0462598965525141,0.0002455787641461,0.806845960429361,0.4507781942955029,0.0048175345052915,0.1219284654047375,1.0327948326313938,12908944.0,265296,19.3,12908944.0,,,,,,,
1d,S0,36,51,52,C,0,n13,265296,0.1180568120137506,0.2880358989594279,0.79341003374666,0.7925001011119778,0.7928667935035866,0.9398678127417603,0.0,-0.0882193723191434,0.0009099326346821,0.8058727585845549,0.450022497730576,0.0076633351646526,0.125610017082464,1.0639794090647954,13168768.0,265296,7.3,,0.019730320200324,,,,,,
1d,S0,36,51,52,D,0,n13,265296,0.1180568120137506,0.289355222458856,0.7970441797193863,0.795485164910055,0.7959979590001203,0.9222062401228078,0.0,-0.1149480193697663,0.0015590148093312,0.8039726760679867,0.4481445117664165,0.0105019645331258,0.1280156291265491,1.0843561412757656,,265296,13.4,,,13165151.0,12908944.0,0.0,,,
1d,S0,36,51,52,E,0,n13,265296,0.1180568120137506,0.2870017461859335,0.7905614055378792,0.7899104566704199,0.7901796351819981,0.9488666444897006,0.0,-0.0748321719349557,0.0006509488674593,0.8076342706564396,0.4529659819674801,0.0064723453488849,0.1244187607387563,1.0538888744875197,12908944.0,265296,7.6,,,,,,0.7009705957641887,2.7593207359313965,
7d,S0,36,51,52,oracle,0,n13,265296,0.1656979373982268,0.3556446070475262,0.7920837959356447,0.7919177894742271,0.791985426680404,0.9761643032392308,0.0,-0.0369538363435377,0.0001660064614176,0.8047436716771648,0.508428925213114,0.0083036498628827,0.1697439015628693,1.0244177098892826,13168768.0,265296,6.8,,,,,,,,
7d,S0,36,51,52,A,0,n13,265296,0.1656979373982268,0.3574313514610279,0.7960631935403555,0.7953002123561375,0.7955347189125087,0.9498577365767534,0.0,-0.0788338350985591,0.000762981184218,0.8019180961992548,0.5058274352762558,0.0104523866751804,0.174445004780816,1.0527892351584744,11210186.0,265296,5.8,,,,,,,,
7d,S0,36,51,52,B_teacher,0,n13,265296,0.1656979373982268,0.3328445835755631,0.7413040883814654,0.7409526364624035,0.7414743038819863,1.0348628936235282,0.0,0.0563091734588354,0.0003514519190619,0.8383198916341926,0.5554779656405274,0.0082620703618199,0.1601158360389583,0.96631158210586,11210186.0,265296,27.6,,,,,,,,
7d,S0,36,51,52,B,0,n13,265296,0.1656979373982268,0.3556490041597613,0.792093589086676,0.7912671626404021,0.7921146249834239,1.0562125425349922,4.146312043905675e-05,0.0835766311563525,0.0008264264462739,0.8052904959798917,0.5085461769705167,0.0108399833971061,0.1568793502494668,0.9467791374640584,13168768.0,265296,19.9,11210186.0,,,,,,,
7d,S0,36,51,52,B_nofresh,0,n13,265296,0.1656979373982268,0.3564836859117384,0.793952573807386,0.7930269827913199,0.7939800367023147,1.0597022124019544,6.784874253663831e-05,0.0883869736649635,0.0009255910160661,0.8039420180942527,0.5073092001085402,0.0114262434862812,0.1563627361149419,0.943661330793458,11210186.0,265296,16.7,11210186.0,,,,,,,
7d,S0,36,51,52,C,0,n13,265296,0.1656979373982268,0.3559004049250721,0.7926535033059344,0.792401267988696,0.7924451995723373,0.9707662744592608,0.0,-0.0455602970013101,0.0002522353172383,0.804392848646426,0.5080092825456746,0.0087520393254269,0.1706877770249326,1.030114072058203,13168768.0,265296,7.4,,0.1487292647361755,,,,,,
7d,S0,36,51,52,D,0,n13,265296,0.1656979373982268,0.358946196190971,0.7994370221888695,0.7985758657665797,0.7985867764244978,0.9466856806960844,0.0,-0.0834540982617043,0.0008611564222897,0.8003626469277931,0.5047777700782744,0.0134897423679875,0.1750295169526506,1.0563168117898587,,265296,6.1,,,13165151.0,12908944.0,1.884687299025245e-05,,,11210186.0
7d,S0,36,51,52,E,0,n13,265296,0.1656979373982268,0.3573001757335211,0.7957710418638804,0.794565646866182,0.7950914780121934,0.9373875169578644,0.0,-0.0985905229278431,0.0012053949976983,0.8022486399385986,0.5064041186874352,0.0113083097145404,0.1767656752417314,1.066794662729598,11210186.0,265296,8.4,,,,,,0.7305646048865,4.902918338775635,
1d,S1,64,51,52,oracle,0,n13,265296,0.1180568120137506,0.285037424782515,0.7851505789131219,0.7838798249498004,0.7840960457329862,0.930214859644956,0.0,-0.1052162572567129,0.0012707539633215,0.8116797767809829,0.4591505183516279,0.009343708419019,0.1269134875557788,1.0750204532119385,13168768.0,265296,7.0,,,,,,,,
1d,S1,64,51,52,A,0,n13,265296,0.1180568120137506,0.285574679117876,0.7866304742382854,0.7849078541046884,0.7851675263263354,0.919475660754423,0.0,-0.1223753569504247,0.0017226201335969,0.8109462037913658,0.458162831191607,0.0104445012966226,0.1283957988805119,1.0875763684484123,12908944.0,265296,7.0,,,,,,,,
1d,S1,64,51,52,B_teacher,0,n13,265296,0.1180568120137506,0.2666982911683633,0.7346344707743301,0.7342546981977393,0.7342713722599661,0.9621018137607268,0.0,-0.0595970081189151,0.0003797725765908,0.8452417083220509,0.5060524905532836,0.0051007724407805,0.1227071920302098,1.0393910350206432,12908944.0,265296,0.1,,,,,,,,
1d,S1,64,51,52,B,0,n13,265296,0.1180568120137506,0.2833785188606013,0.7805810352963607,0.7802685334525236,0.7802925640405611,0.9644828163514846,0.0,-0.0524500779435576,0.0003125018438371,0.8148476347231868,0.4607483447636949,0.0046432943600801,0.1224042668384124,1.0368251077638402,13168768.0,265296,19.7,12908944.0,,,,,,,
1d,S1,64,51,52,B_nofresh,0,n13,265296,0.1180568120137506,0.2836994588424587,0.7814650813571332,0.7809743931265245,0.7810283278520246,0.9557915803234196,0.0,-0.0656501984688968,0.0004906882306087,0.8142527724596395,0.4601821879771843,0.0055601368042537,0.1235173174195599,1.0462532005791694,12908944.0,265296,19.5,12908944.0,,,,,,,
1d,S1,64,51,52,C,0,n13,265296,0.1180568120137506,0.2850731725367565,0.7852490479824343,0.7839834516619344,0.7841871669667324,0.9303527425138692,0.0,-0.1050106467511902,0.0012655963204999,0.8116252915178209,0.4590358380210911,0.0092750803381019,0.1268946783504437,1.0748611298741804,13168768.0,265296,7.3,,0.019730320200324,,,,,,
1d,S1,64,51,52,D,0,n13,265296,0.1180568120137506,0.2853387520193914,0.7859806006362565,0.7840599016262731,0.7843897752551199,0.915035899381088,0.0,-0.1287996914221114,0.0019206990099833,0.8118645652345782,0.4602614637360745,0.0109619642917494,0.1290187763055001,1.0928532975333318,,265296,13.7,,,13165151.0,12908944.0,7.53874928705045e-06,,,
1d,S1,64,51,52,E,0,n13,265296,0.1180568120137506,0.2842353891855915,0.7829413296760651,0.781548395551904,0.7818102365595883,0.927178323297583,0.0,-0.1102136489435265,0.001392934124161,0.8129793625802666,0.4620567802099521,0.0092723209559161,0.1273291329696668,1.0785411768940207,12908944.0,265296,6.9,,,,,,0.7009705957641887,2.7593207359313965,
7d,S1,64,51,52,oracle,0,n13,265296,0.1656979373982268,0.3519060020332831,0.7837572576091686,0.783671866558891,0.783661777021228,0.982914501610644,0.0,-0.0266783494301444,8.539105027760563e-05,0.8109220907870176,0.5150943821489503,0.0061173218798469,0.1685781796145112,1.0173824868402686,13168768.0,265296,6.9,,,,,,,,
7d,S1,64,51,52,A,0,n13,265296,0.1656979373982268,0.3542620441886207,0.7890045825419906,0.7883889914980603,0.7884005214348059,0.955128243371202,0.0,-0.0714148424852653,0.0006155910439302,0.8071978415878382,0.5114185697363461,0.0086237239182884,0.1734823973096876,1.0469798238511088,11210186.0,265296,6.0,,,,,,,,
7d,S1,64,51,52,B_teacher,0,n13,265296,0.1656979373982268,0.3328445835755631,0.7413040883814654,0.7409526364624035,0.7414743038819863,1.0348628936235282,0.0,0.0563091734588354,0.0003514519190619,0.8383198916341926,0.5554779656405274,0.0082620703618199,0.1601158360389583,0.96631158210586,11210186.0,265296,0.1,,,,,,,,
7d,S1,64,51,52,B,0,n13,265296,0.1656979373982268,0.3507368797843851,0.7811534144172031,0.7805415552053413,0.782305738693988,1.0479239630900992,0.0002525480972197,0.0720843179455582,0.0006118592118617,0.8131541390817211,0.51807524112611,0.0096079956685348,0.1581201911917538,0.9542677095113068,13168768.0,265296,19.5,11210186.0,,,,,,,
7d,S1,64,51,52,B_nofresh,0,n13,265296,0.1656979373982268,0.3519783375242841,0.7839183616134401,0.7832589537941481,0.7847908865004256,1.049835942243724,0.0002035462276099,0.0748251838204094,0.0006594078192919,0.8112081847348953,0.5155469833876122,0.0095435188678864,0.1578322199981979,0.9525297808558412,11210186.0,265296,16.3,11210186.0,,,,,,,
7d,S1,64,51,52,C,0,n13,265296,0.1656979373982268,0.3523064716828437,0.7846491747475004,0.784470267325718,0.7844088835769017,0.9754481915033436,0.0,-0.0386392325238081,0.0001789074217823,0.8103321085035997,0.5144818637995322,0.0065467896544251,0.169868516689601,1.0251697719166586,13168768.0,265296,7.4,,0.1487292647361755,,,,,,
7d,S1,64,51,52,D,0,n13,265296,0.1656979373982268,0.3540678684856029,0.7885721187146839,0.7875229602953456,0.7867806514728003,0.9418974994807529,0.0,-0.0928847823427359,0.0010491584193382,0.8087080508114057,0.5162367118564005,0.0110409349151379,0.1759192879156941,1.0616866490794146,,265296,6.0,,,13165151.0,12908944.0,0.0003769374743569,,,11210186.0
7d,S1,64,51,52,E,0,n13,265296,0.1656979373982268,0.3548895589276498,0.790402169477505,0.788785949838527,0.7891936948995559,0.9284509197723104,0.0,-0.1147133882157764,0.0016162196389779,0.8070241014149679,0.51112551478277,0.0127691564131099,0.1784670938113368,1.0770628567477063,11210186.0,265296,5.8,,,,,,0.7305646048865,4.902918338775635,
1d,S2,160,51,52,oracle,0,n13,265296,0.1180568120137506,0.2811707179838115,0.7744995316557106,0.7729236317938027,0.7730322133518122,0.923513052097152,0.0,-0.1182974243845824,0.0015758998619078,0.8198089352643869,0.4708829393630665,0.0105592230298354,0.1278344813272128,1.0828217291885138,13168768.0,265296,6.9,,,,,,,,
1d,S2,160,51,52,A,0,n13,265296,0.1180568120137506,0.2814363994428486,0.7752313652088964,0.7738199540913919,0.7738659060231823,0.9274017564592612,0.0,-0.11203031371415,0.0014114111175044,0.8193364242289906,0.4697854267695693,0.0102613396177129,0.1272984563502243,1.078281330647801,12908944.0,265296,6.5,,,,,,,,
1d,S2,160,51,52,B_teacher,0,n13,265296,0.1180568120137506,0.2666982911683633,0.7346344707743301,0.7342546981977393,0.7342713722599661,0.9621018137607268,0.0,-0.0595970081189151,0.0003797725765908,0.8452417083220509,0.5060524905532836,0.0051007724407805,0.1227071920302098,1.0393910350206432,12908944.0,265296,0.0,,,,,,,,
1d,S2,160,51,52,B,0,n13,265296,0.1180568120137506,0.2795388617592266,0.7700044978529971,0.7692511633974665,0.7693482632544794,0.946056870890828,0.0,-0.0818694121755539,0.0007533344555306,0.8228899594378282,0.4723613001497289,0.0084576155163055,0.1247882824449927,1.0570189073922986,13168768.0,265296,19.4,12908944.0,,,,,,,
1d,S2,160,51,52,B_nofresh,0,n13,265296,0.1180568120137506,0.2797950949204676,0.7707103055729436,0.7699178345126746,0.770021596615139,0.944722995127269,0.0,-0.0839417844904738,0.000792471060269,0.8224231669158326,0.4718160578495106,0.0084266219686503,0.1249644738433053,1.058511336294174,12908944.0,265296,18.8,12908944.0,,,,,,,
1d,S2,160,51,52,C,0,n13,265296,0.1180568120137506,0.2812286446952271,0.7746590938291242,0.7730347668234397,0.7731263254817042,0.9224315354806336,0.0,-0.1201119097059883,0.0016243270056844,0.8197518557508009,0.4707389683571198,0.0106412352438849,0.1279843624949759,1.0840912973329229,13168768.0,265296,7.5,,0.019730320200324,,,,,,
1d,S2,160,51,52,D,0,n13,265296,0.1180568120137506,0.2820799146592459,0.7770039617199659,0.7759095786014061,0.7759744564985329,0.935380144464993,0.0,-0.0983323546397964,0.0010943831185598,0.8185781263721104,0.4700311823275506,0.0111564813421539,0.1262126555842976,1.069084057340096,,265296,13.7,,,13165151.0,12908944.0,7.53874928705045e-06,,,
1d,S2,160,51,52,E,0,n13,265296,0.1180568120137506,0.280892505699293,0.7737331812846424,0.7722702210082522,0.7723458467606403,0.9262217709724316,0.0,-0.1141387863633751,0.0014629602763902,0.8201607647339887,0.4720003967240315,0.0107027403332698,0.1274606316906197,1.0796550365579392,12908944.0,265296,7.1,,,,,,0.7009705957641887,2.7593207359313965,
7d,S2,160,51,52,oracle,0,n13,265296,0.1656979373982268,0.3473947762722161,0.7737099554588196,0.7724685209439902,0.7726623412058026,0.9377280342301396,0.0,-0.1021004738492368,0.0012414345148293,0.8184596968928066,0.5267933807406177,0.0112676345984199,0.1767014863048883,1.066407277479962,13168768.0,265296,7.0,,,,,,,,
7d,S2,160,51,52,A,0,n13,265296,0.1656979373982268,0.349686609888224,0.7788142765542267,0.7780357926728314,0.7780633245352702,0.950153007026549,0.0,-0.0809164818109542,0.0007784838813953,0.8145020913116825,0.5218925355653083,0.0088926660221817,0.1743907940856487,1.052462069377062,11210186.0,265296,5.9,,,,,,,,
7d,S2,160,51,52,B_teacher,0,n13,265296,0.1656979373982268,0.3328445835755631,0.7413040883814654,0.7409526364624035,0.7414743038819863,1.0348628936235282,0.0,0.0563091734588354,0.0003514519190619,0.8383198916341926,0.5554779656405274,0.0082620703618199,0.1601158360389583,0.96631158210586,11210186.0,265296,0.0,,,,,,,,
7d,S2,160,51,52,B,0,n13,265296,0.1656979373982268,0.3462945760375324,0.7712596138511904,0.7710093751009611,0.7713951500140978,1.029995638197837,0.0,0.0464001281361607,0.0002502387502292,0.8197580602492454,0.5268491307655492,0.006990967199564,0.1608724651379546,0.9708778978420533,13168768.0,265296,19.3,11210186.0,,,,,,,
7d,S2,160,51,52,B_nofresh,0,n13,265296,0.1656979373982268,0.3478756165646652,0.7747808723138333,0.7745141740358714,0.7749060929290011,1.0310220231093516,0.0,0.0478577204392316,0.0002666982779618,0.8173893854672101,0.5238309391329246,0.0071849480371697,0.1607123162107787,0.9699113865523498,11210186.0,265296,16.3,11210186.0,,,,,,,
7d,S2,160,51,52,C,0,n13,265296,0.1656979373982268,0.3477338747252471,0.7744651880268107,0.7733447461327473,0.77331722234577,0.9408153199427626,0.0,-0.0972423677878816,0.0011204418940634,0.8179664633122894,0.525930600171761,0.0108950049723747,0.1761216403324593,1.062907861726612,13168768.0,265296,7.5,,0.1487292647361755,,,,,,
7d,S2,160,51,52,D,0,n13,265296,0.1656979373982268,0.3505337744008586,0.7807010626031431,0.7801490334647345,0.7797103238386327,0.9576160593782556,0.0,-0.067969833274036,0.0005520291384085,0.8150502040335261,0.5235332252399331,0.0136622799365299,0.1730317028160621,1.044259847364363,,265296,5.9,,,13165151.0,12908944.0,0.0002977805852424,,,11210186.0
7d,S2,160,51,52,E,0,n13,265296,0.1656979373982268,0.3502648751096452,0.7801021760543579,0.7784668085874864,0.7786812773668388,0.9289776739357788,0.0,-0.1169613020980908,0.0016353674668715,0.8136316346987853,0.5228239565291043,0.0129469284608963,0.1783658983926042,1.076452134488144,11210186.0,265296,5.9,,,,,,0.7305646048865,4.902918338775635,
1d,S3,896,51,52,oracle,0,n13,265296,0.1180568120137506,0.2731307187870681,0.7523529309817794,0.7511680692928495,0.7512759780888796,0.9339610142294358,0.0,-0.1040000522198699,0.0011848616889298,0.8351316322201083,0.4911013726189093,0.0085875462596743,0.1264044325352845,1.0707085036360426,13168768.0,265296,6.8,,,,,,,,
1d,S3,896,51,52,A,0,n13,265296,0.1180568120137506,0.2736410798945107,0.7537587474961163,0.7521562199519034,0.7523173751338438,0.9238211481904935,0.0,-0.1207865410196686,0.0016025275442128,0.8346191031218186,0.4898788890581507,0.0099899959097239,0.1277918482868581,1.0824606061018622,12908944.0,265296,6.6,,,,,,,,
1d,S3,896,51,52,B_teacher,0,n13,265296,0.1180568120137506,0.2666982911683633,0.7346344707743301,0.7342546981977393,0.7342713722599661,0.9621018137607268,0.0,-0.0595970081189151,0.0003797725765908,0.8452417083220509,0.5060524905532836,0.0051007724407805,0.1227071920302098,1.0393910350206432,12908944.0,265296,0.0,,,,,,,,
1d,S3,896,51,52,B,0,n13,265296,0.1180568120137506,0.2713473847534806,0.7474406435867641,0.7468926910770975,0.7468952013164355,0.9544294211705326,0.0,-0.0710205014794834,0.0005479525096665,0.8380409877975499,0.4933781080919931,0.0063483629856484,0.123693601009243,1.047746410387872,13168768.0,265296,19.5,12908944.0,,,,,,,
1d,S3,896,51,52,B_nofresh,0,n13,265296,0.1180568120137506,0.2716045815437247,0.7481491056734842,0.7474619661900114,0.7474527565955947,0.9492131759948,0.0,-0.0795344574411344,0.0006871394834728,0.8377682743688637,0.4928618926417301,0.0069668361181498,0.1243733388867301,1.0535041287769462,12908944.0,265296,19.1,12908944.0,,,,,,,
1d,S3,896,51,52,C,0,n13,265296,0.1180568120137506,0.2731904542727712,0.7525174755191053,0.7512857301137503,0.7513765074522071,0.9327557012382824,0.0,-0.1060590933617941,0.0012317454053549,0.8350863486244193,0.4909714899490758,0.0088683191312747,0.1265677731661399,1.0720920801367897,13168768.0,265296,7.4,,0.019730320200324,,,,,,
1d,S3,896,51,52,D,0,n13,265296,0.1180568120137506,0.2737976348719214,0.7541899864158459,0.7519800689746553,0.7524568783284057,0.9110038271778588,0.0,-0.1408792338993341,0.0022099174411905,0.8345609010159909,0.4905662369899629,0.0115329970427836,0.1295898090565343,1.0976902293570348,,265296,13.8,,,13165151.0,12908944.0,3.769374643525225e-06,,,
1d,S3,896,51,52,E,0,n13,265296,0.1180568120137506,0.2732867735194855,0.7527827919503632,0.7512495649020442,0.7513944851930063,0.9254973607148896,0.0,-0.1183459796064822,0.001533227048319,0.8350987990068384,0.4913012693836674,0.0098320285035759,0.1275603983598171,1.0805001099382516,12908944.0,265296,7.0,,,,,,0.7009705957641887,2.7593207359313965,
7d,S3,896,51,52,oracle,0,n13,265296,0.1656979373982268,0.3379564198340487,0.7526890569359912,0.7520569110113156,0.7521426026082499,0.9556005219442824,0.0,-0.0741276103961533,0.0006321459246756,0.8319211676553789,0.5459447723322416,0.0084316589907879,0.1733966585337299,1.0464623836384912,13168768.0,265296,6.8,,,,,,,,
7d,S3,896,51,52,A,0,n13,265296,0.1656979373982268,0.3417446273792406,0.7611260689213484,0.7600030013902762,0.7601357177890614,0.9413850735167882,0.0,-0.0984420399086858,0.0011230675310721,0.8266369195832045,0.5394778031645517,0.0108325920609342,0.1760150464030827,1.062264559033468,11210186.0,265296,5.8,,,,,,,,
7d,S3,896,51,52,B_teacher,0,n13,265296,0.1656979373982268,0.3328445835755631,0.7413040883814654,0.7409526364624035,0.7414743038819863,1.0348628936235282,0.0,0.0563091734588354,0.0003514519190619,0.8383198916341926,0.5554779656405274,0.0082620703618199,0.1601158360389583,0.96631158210586,11210186.0,265296,0.0,,,,,,,,
7d,S3,896,51,52,B,0,n13,265296,0.1656979373982268,0.3369878313474833,0.7505318381002904,0.7501333879917059,0.7506688133794398,1.037442081320561,0.0,0.0595691970110071,0.0003984501085845,0.8329037455091217,0.5473206461238465,0.0085074678339563,0.1597177716054373,0.9639092321444096,13168768.0,265296,19.2,11210186.0,,,,,,,
7d,S3,896,51,52,B_nofresh,0,n13,265296,0.1656979373982268,0.3388253339054304,0.7546242831206804,0.754147520510095,0.7548266308792998,1.0410446165726532,3.769374585368796e-06,0.0652193985569175,0.0004767626105853,0.830062761623909,0.545159119314157,0.0089242163103655,0.159165068202111,0.9605736239165416,11210186.0,265296,16.6,11210186.0,,,,,,,
7d,S3,896,51,52,C,0,n13,265296,0.1656979373982268,0.3385421251196444,0.7539935267823515,0.7532718464922641,0.7532209141101133,0.9527618163521404,0.0,-0.0793352523980533,0.0007216802900874,0.8313104636746879,0.5445394790109543,0.0088312799659784,0.173913285098513,1.0495802653266704,13168768.0,265296,7.4,,0.1487292647361755,,,,,,
7d,S3,896,51,52,D,0,n13,265296,0.1656979373982268,0.3398392774586732,0.7568825157568629,0.7553944352244115,0.7552759428973803,0.932865171050718,0.0,-0.1130070324350441,0.0014880805324514,0.8303907808387825,0.542919214625344,0.011924662887724,0.1776226002859509,1.071966272332438,,265296,6.0,,,13165151.0,12908944.0,0.000162083102623,,,11210186.0
7d,S3,896,51,52,E,0,n13,265296,0.1656979373982268,0.3417401253913066,0.7611160421934822,0.7595574124492801,0.759817513433124,0.9314292371308244,0.0,-0.1156981444551251,0.001558629744202,0.8269399533749714,0.5397506669476322,0.0122459343889885,0.1778964314118407,1.07361886457462,11210186.0,265296,5.8,,,,,,0.7305646048865,4.902918338775635,
1d,S4,131072,51,52,oracle,0,n13,265296,0.1180568120137506,0.269109911247233,0.7412774051275566,0.7403637342529138,0.7405323833774285,0.9418515640902468,0.0,-0.0917400923309406,0.0009136708746427,0.841830213407071,0.5009182015555502,0.0073865495000405,0.1253454541191786,1.0617384289911118,13168768.0,265296,7.1,,,,,,,,
1d,S4,131072,51,52,A,0,n13,265296,0.1180568120137506,0.2694410042065436,0.7421894180987485,0.7411440779457313,0.7413466354728344,0.9379548110571236,0.0,-0.0980145563639642,0.0010453401530171,0.8414391772004342,0.499865995315302,0.0078867521053041,0.1258662044503983,1.0661494436741024,12908944.0,265296,7.1,,,,,,,,
1d,S4,131072,51,52,B_teacher,0,n13,265296,0.1180568120137506,0.2666982911683633,0.7346344707743301,0.7342546981977393,0.7342713722599661,0.9621018137607268,0.0,-0.0595970081189151,0.0003797725765908,0.8452417083220509,0.5060524905532836,0.0051007724407805,0.1227071920302098,1.0393910350206432,12908944.0,265296,0.0,,,,,,,,
1d,S4,131072,51,52,B,0,n13,265296,0.1180568120137506,0.2686698049498518,0.7400651091827845,0.7395199124561477,0.7395745928004519,0.9546860873007044,0.0,-0.0710761549856414,0.0005451967266367,0.8425462135602997,0.5003588324843495,0.0058584276038367,0.1236603461432506,1.0474647251091895,13168768.0,265296,19.7,12908944.0,,,,,,,
1d,S4,131072,51,52,B_nofresh,0,n13,265296,0.1180568120137506,0.2688099293993393,0.7404510893491397,0.7399548223079956,0.7399994051185191,0.9566753543238822,0.0,-0.0677904708368289,0.0004962670411441,0.8423958505410014,0.4995974699872766,0.0056471707948219,0.1234032124692767,1.0452866748163874,12908944.0,265296,19.4,12908944.0,,,,,,,
1d,S4,131072,51,52,C,0,n13,265296,0.1180568120137506,0.2691467936153036,0.7413789995503397,0.7404359649123272,0.7405856954562051,0.9409940878576613,0.0,-0.0932391777567136,0.0009430346380124,0.841805451217863,0.5008792078502429,0.0075283427635937,0.1254596745475073,1.0627059329104565,13168768.0,265296,7.6,,0.019730320200324,,,,,,
1d,S4,131072,51,52,D,0,n13,265296,0.1180568120137506,0.2698035951571145,0.7431881939435928,0.7414216839627373,0.741959425306875,0.9201081420561716,0.0,-0.1265202296281659,0.0017665099808554,0.8414146543629301,0.4999830807513414,0.010250727739053,0.1283075397528038,1.08682876967624,,265296,13.8,,,13165151.0,12908944.0,0.0,,,
1d,S4,131072,51,52,E,0,n13,265296,0.1180568120137506,0.2694244760345339,0.7421438903796019,0.7409087127800553,0.7411217585354429,0.9328998033530936,0.0,-0.1065865014137797,0.0012351775995466,0.8416285761764608,0.5000969968706759,0.008615987854787,0.1265482226380825,1.0719264774263324,12908944.0,265296,6.9,,,,,,0.7009705957641887,2.7593207359313965,
7d,S4,131072,51,52,oracle,0,n13,265296,0.1656979373982268,0.3325431863007204,0.740632823042947,0.7398482226964013,0.7400443852144347,0.9509828659057928,0.0,-0.0829775575110486,0.0007846003465457,0.8390897507312443,0.5567593696212985,0.0085406775534765,0.1742386149517034,1.051543656412273,13168768.0,265296,7.1,,,,,,,,
7d,S4,131072,51,52,A,0,n13,265296,0.1656979373982268,0.3354235432054325,0.7470478901788559,0.7458491825734463,0.7462672156116968,0.9396123377160164,0.0,-0.1018188946801927,0.0011987076054095,0.8352376572818969,0.552034094574133,0.0106491908238235,0.1763471282220504,1.064268698760142,11210186.0,265296,6.1,,,,,,,,
7d,S4,131072,51,52,B_teacher,0,n13,265296,0.1656979373982268,0.3328445835755631,0.7413040883814654,0.7409526364624035,0.7414743038819863,1.0348628936235282,0.0,0.0563091734588354,0.0003514519190619,0.8383198916341926,0.5554779656405274,0.0082620703618199,0.1601158360389583,0.96631158210586,11210186.0,265296,0.0,,,,,,,,
7d,S4,131072,51,52,B,0,n13,265296,0.1656979373982268,0.334501147531465,0.7449935509528058,0.7446841699409746,0.7451216280984067,1.0327671662706797,0.0,0.0526439010184282,0.0003093810118312,0.8360277078469441,0.5526934610314356,0.0077101853601313,0.1604407487086966,0.96827245545673,13168768.0,265296,20.1,11210186.0,,,,,,,
7d,S4,131072,51,52,B_nofresh,0,n13,265296,0.1656979373982268,0.3345892727174734,0.7451898214162626,0.7448763338339871,0.7452989342902807,1.0330182293221797,0.0,0.0529484437688607,0.0003134875822754,0.8360692140385614,0.5521890403775844,0.0076417244272868,0.1604017554529996,0.9680371281116262,11210186.0,265296,17.2,11210186.0,,,,,,,
7d,S4,131072,51,52,C,0,n13,265296,0.1656979373982268,0.3331067306375331,0.7418879365147534,0.7411615509957993,0.7411516296882537,0.9528793710952792,0.0,-0.0800575498203807,0.000726385518954,0.8384692894629617,0.5552611737593738,0.0082499421552261,0.1738918297787964,1.0494507807956408,13168768.0,265296,7.6,,0.1487292647361755,,,,,,
7d,S4,131072,51,52,D,0,n13,265296,0.1656979373982268,0.3347928996008053,0.7456433347031449,0.7443863579940646,0.7445060835790719,0.9381992801538922,0.0,-0.1042085685336245,0.0012569767090803,0.8370330694235454,0.5528754667160385,0.0109147939300763,0.1766127313283032,1.0658716342608692,,265296,6.1,,,13165151.0,12908944.0,2.26162483158987e-05,,,11210186.0
7d,S4,131072,51,52,E,0,n13,265296,0.1656979373982268,0.3356599436031707,0.7475743959115188,0.7464117965276666,0.7468001696752422,0.9405059604097096,0.0,-0.1003206249000897,0.0011625993838521,0.8348295823877734,0.551813610996592,0.0104816344208017,0.1761795718190286,1.0632574827748815,11210186.0,265296,6.2,,,,,,0.7305646048865,4.902918338775635,
1d,S0,36,52,53,oracle,0,n13,289729,0.1260177614253319,0.2946841546154257,0.7780523760562309,0.7778211453566796,0.7780121146653071,0.9697665732941136,0.0,-0.0447691311966875,0.0002312306995513,0.813987710871483,0.4791167136718689,0.0050615263297741,0.1299464890785763,1.0311759835185792,13398770.0,289729,6.9,,,,,,,,
1d,S0,36,52,53,A,0,n13,289729,0.1260177614253319,0.2948060544693325,0.7783742273315292,0.7781835570681725,0.7783586819825248,0.9724747430555036,0.0,-0.0406462693907228,0.0001906702633566,0.8137477199762222,0.4787274953220548,0.004750061466994,0.1295846111430983,1.0283043412089163,13168768.0,289729,7.1,,,,,,,,
1d,S0,36,52,53,B_teacher,0,n13,289729,0.1260177614253319,0.2716497951031204,0.7172349283964767,0.717234827529863,0.7172326293162541,0.999384534984936,0.0,-0.0009833534265396,1.0086661372810113e-07,0.8523679631920452,0.5390352771725346,0.0041131437354034,0.1260953687133366,1.0006158440455288,13168768.0,289729,32.7,,,,,,,,
1d,S0,36,52,53,B,0,n13,289729,0.1260177614253319,0.2941888599773598,0.7767446533166149,0.77672754863132,0.7767644578445203,1.0083619257767351,0.0,0.01238310263357,1.710468529492193e-05,0.8149415344296308,0.4799653897239576,0.0058072145677364,0.1249727485776113,0.9917074161935516,13398770.0,289729,20.4,13168768.0,,,,,,,
1d,S0,36,52,53,B_nofresh,0,n13,289729,0.1260177614253319,0.2943282457328325,0.7771126724874303,0.7770802022197209,0.7771337768086037,1.011549997780075,0.0,0.0170657118346967,3.247026770947237e-05,0.814651732725721,0.4796733331219586,0.005861686660003,0.1245788756876948,0.9885818814636722,13168768.0,289729,19.9,13168768.0,,,,,,,
1d,S0,36,52,53,C,0,n13,289729,0.1260177614253319,0.2947022181123795,0.7781000689725439,0.777838869983639,0.7780376705857271,0.9679215671766082,0.0,-0.0475842995931774,0.0002611989889048,0.8139626518746469,0.4791115702344808,0.0052457344166949,0.1301941869039256,1.0331415622000897,13398770.0,289729,7.1,,0.0171658303588628,,,,,,
1d,S0,36,52,53,D,0,n13,289729,0.1260177614253319,0.2962135214189775,0.7820903518236011,0.7815433263515704,0.7818461901382469,0.9539340156320733,0.0,-0.0685308123401199,0.0005470254720306,0.8115585769414891,0.476828516255786,0.0078086074306612,0.1321032265966876,1.0482905354175924,,289729,13.6,,,13394862.0,13168768.0,0.0,,,
1d,S0,36,52,53,E,0,n13,289729,0.1260177614253319,0.2942177471734858,0.7768209239651431,0.7768127022805683,0.7768410297877257,0.9941905294235536,0.0,-0.0084653353041168,8.221684574816202e-06,0.8147957728106288,0.4801049410845942,0.0040140918236897,0.1267541358479837,1.005843417739872,13168768.0,289729,7.5,,,,,,0.6985609841512351,2.280380249023437,
7d,S0,36,52,53,oracle,0,n13,289729,0.1736381239019911,0.3630847145825968,0.7865645588534875,0.7865645569670318,0.786564511390189,1.0000800826178369,0.0,0.0001263324230012,1.886455769373185e-09,0.806835197765913,0.525385293094264,0.0065041642746548,0.1736242196199641,0.9999199237948754,13398770.0,289729,7.1,,,,,,,,
7d,S0,36,52,53,A,0,n13,289729,0.1736381239019911,0.3645498723714716,0.7897385872374197,0.7894599345676305,0.7895540642639678,0.96988981292446,0.0,-0.0479001133255623,0.0002786526697892,0.8044029572749603,0.5233736448821391,0.0080859549614629,0.1790287119094785,1.0310449565242368,11466237.0,289729,5.6,,,,,,,,
7d,S0,36,52,53,B_teacher,0,n13,289729,0.1736381239019911,0.3383586244653415,0.7329994667850739,0.7323585647252697,0.7331106387611243,1.0465164181422293,8.97390319919649e-05,0.0762611967569106,0.0006409020598041,0.8416030950897472,0.5762155491766352,0.0081931915468084,0.1659201144786937,0.9555511816768196,11466237.0,289729,27.8,,,,,,,,
7d,S0,36,52,53,B,0,n13,289729,0.1736381239019911,0.3630169549746418,0.7864177685756306,0.785055871324373,0.7866688257807589,1.071470198382501,0.0001760265627534,0.1076334377475789,0.0013618972512575,0.8077877245356768,0.5270895880651201,0.0122789366129001,0.162055952805889,0.933297073040022,13398770.0,289729,20.4,11466237.0,,,,,,,
7d,S0,36,52,53,B_nofresh,0,n13,289729,0.1736381239019911,0.3639047985468023,0.7883411386862951,0.7868080870555182,0.788401642574218,1.0761821972757326,0.0001967355701362,0.1141014752090023,0.0015330516307768,0.8063620573698742,0.5259359713878372,0.0129757639881816,0.1613464005830443,0.929210688052096,11466237.0,289729,17.3,11466237.0,,,,,,,
7d,S0,36,52,53,C,0,n13,289729,0.1736381239019911,0.3632064179646115,0.7868282096301263,0.7868264106885917,0.7868229200342793,0.9975352952129036,0.0,-0.0038712071018393,1.7989415346253423e-06,0.806584223769573,0.5252497169509306,0.0065181725066292,0.1740671480350293,1.0024707945662918,13398770.0,289729,7.6,,0.1442319750785827,,,,,,
7d,S0,36,52,53,D,0,n13,289729,0.1736381239019911,0.3661831684509142,0.7932768601489655,0.7930535263464734,0.7929555910602966,0.9728579419934243,0.0,-0.0427075831127586,0.000223333802492,0.8026241788958437,0.5218249280629179,0.0106925253629652,0.1784825064450826,1.0278993024931888,,289729,6.1,,,13394862.0,13168768.0,2.4160508473869413e-05,,,11466237.0
7d,S0,36,52,53,E,0,n13,289729,0.1736381239019911,0.3643397634917627,0.7892834201878527,0.7887312268404427,0.7889555304807913,0.9579189493973485,0.0,-0.0671826884085503,0.0005521933474099,0.8049037762734345,0.5232889216943224,0.00790364029407,0.1812659870767056,1.0439296567096057,11466237.0,289729,8.7,,,,,,0.7329977417685002,4.748776912689209,
1d,S1,64,52,53,oracle,0,n13,289729,0.1260177614253319,0.2909885541446166,0.7682949096901821,0.767766882153883,0.7679143779602141,0.9553421895340242,0.0,-0.0683204779501745,0.0005280275362991,0.819863012097955,0.4909545263520861,0.0063990233572138,0.1319085065078075,1.046745355701037,13398770.0,289729,7.4,,,,,,,,
1d,S1,64,52,53,A,0,n13,289729,0.1260177614253319,0.2911653966022522,0.7687618255124143,0.7683613590799078,0.7684747474655127,0.9609263016597436,0.0,-0.0595198944761659,0.0004004664325065,0.8194973845292575,0.4902708643104101,0.005843763365621,0.1311419629243886,1.0406625339245756,13168768.0,289729,6.5,,,,,,,,
1d,S1,64,52,53,B_teacher,0,n13,289729,0.1260177614253319,0.2716497951031204,0.7172349283964767,0.717234827529863,0.7172326293162541,0.999384534984936,0.0,-0.0009833534265396,1.0086661372810113e-07,0.8523679631920452,0.5390352771725346,0.0041131437354034,0.1260953687133366,1.0006158440455288,13168768.0,289729,0.0,,,,,,,,
1d,S1,64,52,53,B,0,n13,289729,0.1260177614253319,0.2897898447355496,0.7651299661758535,0.7651298871305563,0.7651328401453396,1.0005613926443857,0.0,0.0008452513418586,7.904529719660047e-08,0.822451577759054,0.492198264278846,0.0046786596689553,0.1259470556746941,0.9994389223404851,13398770.0,289729,20.2,13168768.0,,,,,,,
1d,S1,64,52,53,B_nofresh,0,n13,289729,0.1260177614253319,0.289997290260089,0.7656776830474333,0.7656747930981621,0.7656940542331208,1.0034020179846348,0.0,0.0051196908466934,2.8899492712231023e-06,0.8220844296785739,0.4916786811748846,0.0047494708273629,0.1255905002846642,0.9966095165012048,13168768.0,289729,19.5,13168768.0,,,,,,,
1d,S1,64,52,53,C,0,n13,289729,0.1260177614253319,0.291027202633043,0.7683969530059837,0.7678241237451859,0.7679717728487921,0.9535610380154416,0.0,-0.071159801800557,0.0005728292607977,0.8198243462107224,0.4908953032417786,0.0066677476368429,0.1321548976954858,1.0487005657039088,13398770.0,289729,7.5,,0.0171658303588628,,,,,,
1d,S1,64,52,53,D,0,n13,289729,0.1260177614253319,0.2914693805833419,0.7695644321509642,0.7688788963369592,0.768963870962325,0.9492678732354104,0.0,-0.0776589511140787,0.0006855358140049,0.8193107351234642,0.4909612288452043,0.0067400143905916,0.1327525822567057,1.0534434253965408,,289729,14.2,,,13394862.0,13168768.0,2.070900700346101e-05,,,
1d,S1,64,52,53,E,0,n13,289729,0.1260177614253319,0.2904877641899952,0.7669726777072418,0.7667620121374535,0.7668046154883241,0.971439787758116,0.0,-0.0432422608626496,0.0002106655697882,0.8206319309314447,0.4917942055364482,0.0043420570027591,0.1297226683664616,1.0293998790267742,13168768.0,289729,7.0,,,,,,0.6985609841512351,2.280380249023437,
7d,S1,64,52,53,oracle,0,n13,289729,0.1736381239019911,0.3588158073710981,0.7773166588931187,0.7773017132993796,0.7773298792551748,1.0071200298723522,0.0,0.011231397452518,1.494559373915738e-05,0.8135789063529032,0.5337935466522221,0.0060126876542108,0.1724105555958399,0.9929303065561564,13398770.0,289729,7.1,,,,,,,,
7d,S1,64,52,53,A,0,n13,289729,0.1736381239019911,0.3609747001668258,0.7819935524424264,0.7818274053502642,0.7817857066034436,0.9768147179766944,0.0,-0.0373225316052289,0.0001661470921622,0.8101147887367512,0.530520301249174,0.0067925060434445,0.1777595287074022,1.0237355985701464,11466237.0,289729,6.4,,,,,,,,
7d,S1,64,52,53,B_teacher,0,n13,289729,0.1736381239019911,0.3383586244653415,0.7329994667850739,0.7323585647252697,0.7331106387611243,1.0465164181422293,8.97390319919649e-05,0.0762611967569106,0.0006409020598041,0.8416030950897472,0.5762155491766352,0.0081931915468084,0.1659201144786937,0.9555511816768196,11466237.0,289729,0.1,,,,,,,,
7d,S1,64,52,53,B,0,n13,289729,0.1736381239019911,0.3575444218420577,0.7745624069028304,0.7733788601016656,0.7761507744123357,1.0661765553517812,0.0009629688432983,0.1005882933211821,0.0011835468011648,0.8161963956685349,0.5379513213583862,0.0116423338415709,0.1628605722292401,0.9379309599150336,13398770.0,289729,19.8,11466237.0,,,,,,,
7d,S1,64,52,53,B_nofresh,0,n13,289729,0.1736381239019911,0.3589115937598744,0.7775241646778738,0.7762595285174155,0.7789827726198316,1.0685225662589777,0.0008559723051541,0.104001270112693,0.0012646361604582,0.8142565283678762,0.5352027650844691,0.0120969994373145,0.1625030012327381,0.9358716713874532,11466237.0,289729,17.1,11466237.0,,,,,,,
7d,S1,64,52,53,C,0,n13,289729,0.1736381239019911,0.3590643087306179,0.7778549970670345,0.7778481945955217,0.7778814077171682,1.0047876774393376,0.0,0.0075871183849672,6.802471512856734e-06,0.8131795902308337,0.5334786059876058,0.0062726216775249,0.1728107617168447,0.9952351351963842,13398770.0,289729,7.7,,0.1442319750785827,,,,,,
7d,S1,64,52,53,D,0,n13,289729,0.1736381239019911,0.3607877438336337,0.7815885416561388,0.781344136092961,0.7802909012044806,0.9719296718248576,0.0,-0.0451555398271624,0.0002444055631777,0.8113920861715315,0.5342653758652741,0.0083504309346306,0.1786529714397698,1.02888102811229,,289729,6.3,,,13394862.0,13168768.0,0.0004072771407663,,,11466237.0
7d,S1,64,52,53,E,0,n13,289729,0.1736381239019911,0.3610735404164334,0.7822076739248439,0.7813092921838874,0.7814957476647637,0.9471528214414708,0.0,-0.086174922389864,0.0008983817409564,0.8101577559805413,0.5316214821413093,0.0105296484098676,0.1833264072821231,1.0557958307911717,11466237.0,289729,6.2,,,,,,0.7329977417685002,4.748776912689209,
1d,S2,160,52,53,oracle,0,n13,289729,0.1260177614253319,0.2860006548933521,0.7551253964903967,0.754461806664933,0.7545227331396904,0.9506667229031036,0.0,-0.0773871554278217,0.0006635898254636,0.8294985052700183,0.5041275099441771,0.0081002749000752,0.1325572447098017,1.0518933459101678,13398770.0,289729,7.2,,,,,,,,
1d,S2,160,52,53,A,0,n13,289729,0.1260177614253319,0.2862802229100921,0.7558635378403373,0.7552367824263635,0.7552795234111426,0.9519996896780736,0.0,-0.0752128381589534,0.0006267554139738,0.8290095317195814,0.5033918502952676,0.0080060092644587,0.1323716412848263,1.0504205104711304,13168768.0,289729,6.8,,,,,,,,
1d,S2,160,52,53,B_teacher,0,n13,289729,0.1260177614253319,0.2716497951031204,0.7172349283964767,0.717234827529863,0.7172326293162541,0.999384534984936,0.0,-0.0009833534265396,1.0086661372810113e-07,0.8523679631920452,0.5390352771725346,0.0041131437354034,0.1260953687133366,1.0006158440455288,13168768.0,289729,0.0,,,,,,,,
1d,S2,160,52,53,B,0,n13,289729,0.1260177614253319,0.284800284907628,0.7519560685679026,0.7519162814137074,0.7518571439423212,0.9876263886284676,0.0,-0.0191221446825235,3.9787154195281005e-05,0.8318359897371292,0.5052956659438451,0.0063875743600466,0.1275965920679122,1.0125286358424626,13398770.0,289729,19.7,13168768.0,,,,,,,
1d,S2,160,52,53,B_nofresh,0,n13,289729,0.1260177614253319,0.2850245000596104,0.752548062161774,0.7525129564725571,0.7524568123795209,0.9883674448892814,0.0,-0.0179588059873586,3.5105689216829994e-05,0.8314535824569519,0.5048107722982256,0.0064273052653034,0.1275009229380766,1.0117694640499026,13168768.0,289729,19.4,13168768.0,,,,,,,
1d,S2,160,52,53,C,0,n13,289729,0.1260177614253319,0.2860121827406401,0.7551558333796314,0.7544884057078847,0.7545284652099383,0.9505480319642824,0.0,-0.0776398906943843,0.0006674276717467,0.8294852485056499,0.5040990084974257,0.008119196060425,0.1325737965759811,1.0520246914125175,13398770.0,289729,8.0,,0.0171658303588628,,,,,,
1d,S2,160,52,53,D,0,n13,289729,0.1260177614253319,0.2869773818856834,0.7577042414850772,0.7574012385952266,0.757372233754399,0.9661360446701852,0.0,-0.0522082522694852,0.0003030028898506,0.8282138672379674,0.5031168949616825,0.008173167734781,0.1304347996542777,1.0350509180530316,,289729,14.1,,,13394862.0,13168768.0,2.4160508473869413e-05,,,
1d,S2,160,52,53,E,0,n13,289729,0.1260177614253319,0.2858154391841238,0.7546363728344214,0.7540573730634021,0.7540701668383106,0.9538373668549932,0.0,-0.0723686219610091,0.0005789997710192,0.8299415363257412,0.504177522275841,0.0077965008866409,0.1321166121231333,1.0483967547813888,13168768.0,289729,6.7,,,,,,0.6985609841512351,2.280380249023437,
7d,S2,160,52,53,oracle,0,n13,289729,0.1736381239019911,0.3532879743479248,0.7653414989134801,0.7649548348134303,0.7649217338343814,0.9652988877323718,0.0,-0.0574272666137412,0.0003866641000498,0.8219965625311635,0.5461881353072853,0.0071606361018079,0.179880165727625,1.0359485675458988,13398770.0,289729,7.0,,,,,,,,
7d,S2,160,52,53,A,0,n13,289729,0.1736381239019911,0.355720860093815,0.7706119540623755,0.7704069561842127,0.7703332239133729,0.974524768880005,0.0,-0.0418215339525976,0.0002049978781627,0.81819020806994,0.5416969508097926,0.0071975644038842,0.1781772300169946,1.0261411838195482,11466237.0,289729,6.0,,,,,,,,
7d,S2,160,52,53,B_teacher,0,n13,289729,0.1736381239019911,0.3383586244653415,0.7329994667850739,0.7323585647252697,0.7331106387611243,1.0465164181422293,8.97390319919649e-05,0.0762611967569106,0.0006409020598041,0.8416030950897472,0.5762155491766352,0.0081931915468084,0.1659201144786937,0.9555511816768196,11466237.0,289729,0.0,,,,,,,,
7d,S2,160,52,53,B,0,n13,289729,0.1736381239019911,0.3526121220706408,0.7638773738016775,0.7631726921168781,0.7647838036241392,1.0499770026717146,0.0003520531255069,0.0782544551268891,0.0007046816847994,0.8232126439631833,0.5468641371647198,0.0091995313833359,0.1653732638525996,0.952401812092507,13398770.0,289729,19.3,11466237.0,,,,,,,
7d,S2,160,52,53,B_nofresh,0,n13,289729,0.1736381239019911,0.3541590410659232,0.7672285246715377,0.76649048011544,0.7679489073835012,1.0512432583654625,0.0002519595898235,0.0800189234519109,0.0007380445560977,0.8209622450150625,0.5441537864853685,0.0090204265837862,0.1651740665352512,0.9512546140413414,11466237.0,289729,17.3,11466237.0,,,,,,,
7d,S2,160,52,53,C,0,n13,289729,0.1736381239019911,0.3534983724536279,0.7657972925245832,0.7655151363831525,0.7653581332289242,0.9703085431883236,0.0,-0.0492013639817695,0.0002821561414306,0.821693834381063,0.5457682763558361,0.0073246223560081,0.1789514532474753,1.0306000158610515,13398770.0,289729,7.5,,0.1442319750785827,,,,,,
7d,S2,160,52,53,D,0,n13,289729,0.1736381239019911,0.356550299957622,0.7724088019448893,0.7723370253602844,0.7716343130925606,0.9847453936934684,0.0,-0.0246820429519081,7.17765846048879e-05,0.8188541225003776,0.5425712892605641,0.0117534988736266,0.176327937164275,1.0154909141024937,,289729,6.1,,,13394862.0,13168768.0,0.0004038256593048,,,11466237.0
7d,S2,160,52,53,E,0,n13,289729,0.1736381239019911,0.3557306572628417,0.7706331780512242,0.7700105516370053,0.7699341545235439,0.9563052875185823,0.0,-0.0728351878578235,0.0006226264142189,0.818193008574999,0.5428696323022542,0.0095018104943634,0.1815718538507162,1.045691175246763,11466237.0,289729,6.0,,,,,,0.7329977417685002,4.748776912689209,
1d,S3,896,52,53,oracle,0,n13,289729,0.1260177614253319,0.278259431750842,0.7346863027512991,0.7342829859872753,0.7343376007531929,0.9616886913742532,0.0,-0.0611675009566753,0.0004033167640238,0.8425011545597769,0.5232154657800093,0.0061883764778852,0.1310379986326475,1.0398375367927015,13398770.0,289729,6.9,,,,,,,,
1d,S3,896,52,53,A,0,n13,289729,0.1260177614253319,0.2785209405602927,0.7353767625108959,0.7349581994349705,0.7350064642668529,0.9609875990941577,0.0,-0.0622994912249731,0.0004185630759253,0.8421236128632222,0.5224757085031712,0.0061188761042791,0.1311335979195968,1.0405961543547662,13168768.0,289729,7.0,,,,,,,,
1d,S3,896,52,53,B_teacher,0,n13,289729,0.1260177614253319,0.2716497951031204,0.7172349283964767,0.717234827529863,0.7172326293162541,0.999384534984936,0.0,-0.0009833534265396,1.0086661372810113e-07,0.8523679631920452,0.5390352771725346,0.0041131437354034,0.1260953687133366,1.0006158440455288,13168768.0,289729,0.0,,,,,,,,
1d,S3,896,52,53,B,0,n13,289729,0.1260177614253319,0.2762573318126254,0.7294001732135084,0.7292959423299135,0.7292498098424817,0.9803652978043128,0.0,-0.0313618465425302,0.0001042308835949,0.8457339392411678,0.5270743722984294,0.0058027772180722,0.1285416382113577,1.020027944929979,13398770.0,289729,19.7,13168768.0,,,,,,,
1d,S3,896,52,53,B_nofresh,0,n13,289729,0.1260177614253319,0.2764269588883898,0.7298480383167889,0.7297389364832947,0.7296867881067228,0.9799209278243132,0.0,-0.0320883321593636,0.0001091018334942,0.8455179671861319,0.5265633348902242,0.0058644497709776,0.1285999286749851,1.020490502453364,13168768.0,289729,19.3,13168768.0,,,,,,,
1d,S3,896,52,53,C,0,n13,289729,0.1260177614253319,0.2782890047806149,0.734764384201291,0.7343228838640942,0.7343715397581577,0.9599868011709588,0.0,-0.0640119520626223,0.0004415003371968,0.8424643146387303,0.5232172638588148,0.0064856208547316,0.1312703062913154,1.0416809885096694,13398770.0,289729,7.4,,0.0171658303588628,,,,,,
1d,S3,896,52,53,D,0,n13,289729,0.1260177614253319,0.2787079167568051,0.7358704343683199,0.734984761676268,0.7351115445187361,0.9437772803930988,0.0,-0.0900524662304276,0.0008856726920518,0.8422064157219299,0.5226997138139389,0.0075071326819339,0.1335248941072659,1.0595720206185546,,289729,14.1,,,13394862.0,13168768.0,2.070900700346101e-05,,,
1d,S3,896,52,53,E,0,n13,289729,0.1260177614253319,0.2782132312090047,0.7345643198051901,0.7341697527200581,0.7341968990397209,0.9621425059807864,0.0,-0.0605817428747534,0.0003945670851319,0.8427310178136014,0.5232110391466154,0.006673589015418,0.1309761918239671,1.0393470757022865,13168768.0,289729,7.1,,,,,,0.6985609841512351,2.280380249023437,
7d,S3,896,52,53,oracle,0,n13,289729,0.1736381239019911,0.3436779340234508,0.7445228942606407,0.7443340008058555,0.7443325205348182,0.9758893142430404,0.0,-0.0407640776114165,0.0001888934547851,0.8350745585930212,0.5655528565807059,0.0063312409497788,0.1779280922208637,1.0247063733612674,13398770.0,289729,6.9,,,,,,,,
7d,S3,896,52,53,A,0,n13,289729,0.1736381239019911,0.3473667137097613,0.7525140413680204,0.7519715989500224,0.7520273092067002,0.9595762853429902,0.0,-0.068786189609301,0.0005424424179979,0.8301025170541787,0.5595621342348145,0.0088209891488553,0.1809529128160207,1.0421266295076903,11466237.0,289729,6.1,,,,,,,,
7d,S3,896,52,53,B_teacher,0,n13,289729,0.1736381239019911,0.3383586244653415,0.7329994667850739,0.7323585647252697,0.7331106387611243,1.0465164181422293,8.97390319919649e-05,0.0762611967569106,0.0006409020598041,0.8416030950897472,0.5762155491766352,0.0081931915468084,0.1659201144786937,0.9555511816768196,11466237.0,289729,0.0,,,,,,,,
7d,S3,896,52,53,B,0,n13,289729,0.1736381239019911,0.3427952796934803,0.7426107658074462,0.7419222405939142,0.7427201551588709,1.0486034608693915,1.7257506152300944e-05,0.0785417228373461,0.000688525213532,0.8362159915359028,0.5675539471196137,0.0088172662217611,0.165589882526259,0.9536493415450922,13398770.0,289729,19.3,11466237.0,,,,,,,
7d,S3,896,52,53,B_nofresh,0,n13,289729,0.1736381239019911,0.3446144707290031,0.7465517502027028,0.7456461712139826,0.7469083435785261,1.0559867857875476,0.0001760265627534,0.0902344206634258,0.0009055789887202,0.833681770866807,0.5654979772377383,0.0097087952634962,0.1644320991881475,0.9469815469842332,11466237.0,289729,16.9,11466237.0,,,,,,,
7d,S3,896,52,53,C,0,n13,289729,0.1736381239019911,0.3441454827891146,0.7455357633620833,0.7452691021544738,0.7451831205865037,0.9715182935263078,0.0,-0.0485229758185334,0.0002666612076094,0.8345852661949088,0.5646351490040724,0.0069932347985836,0.1787286199951408,1.0293166960040585,13398770.0,289729,7.4,,0.1442319750785827,,,,,,
7d,S3,896,52,53,D,0,n13,289729,0.1736381239019911,0.3450515005369505,0.7474985048973728,0.7470288527649233,0.7465807446994723,0.9622639707244148,0.0,-0.0639671237977475,0.0004696521324495,0.8339054434776962,0.563016055152868,0.0072173693570037,0.1804474958895866,1.039215880905503,,289729,6.1,,,13394862.0,13168768.0,0.0001380600442644,,,11466237.0
7d,S3,896,52,53,E,0,n13,289729,0.1736381239019911,0.3473291402188131,0.7524326444511433,0.7513227323152092,0.7514483884387988,0.9430282554187716,0.0,-0.0983376445217741,0.0011099121359341,0.8305940669840732,0.5599183588257646,0.0115738863923394,0.1841282304154116,1.0604136135411224,11466237.0,289729,6.5,,,,,,0.7329977417685002,4.748776912689209,
1d,S4,131072,52,53,oracle,0,n13,289729,0.1260177614253319,0.274108788836779,0.7237273912154474,0.7234267385052261,0.7235113743367789,0.966921228783998,0.0,-0.0530582456624312,0.0003006527102212,0.8491413740756308,0.5324836139083174,0.0051695015312233,0.1303288806512316,1.0342104095259157,13398770.0,289729,7.2,,,,,,,,
1d,S4,131072,52,53,A,0,n13,289729,0.1260177614253319,0.274382573214574,0.7244502620666082,0.7240850012869546,0.7241956431446661,0.9636097243933376,0.0,-0.0584192249466756,0.0003652607796535,0.8488009505513454,0.5317722588250953,0.0053031604726506,0.1307767639068496,1.0377645375357465,13168768.0,289729,7.4,,,,,,,,
1d,S4,131072,52,53,B_teacher,0,n13,289729,0.1260177614253319,0.2716497951031204,0.7172349283964767,0.717234827529863,0.7172326293162541,0.999384534984936,0.0,-0.0009833534265396,1.0086661372810113e-07,0.8523679631920452,0.5390352771725346,0.0041131437354034,0.1260953687133366,1.0006158440455288,13168768.0,289729,0.0,,,,,,,,
1d,S4,131072,52,53,B,0,n13,289729,0.1260177614253319,0.273862179648038,0.7230762708133082,0.7230512463545484,0.7230172531720629,0.9903469170606424,0.0,-0.0154502014829374,2.5024458759737023e-05,0.8497107026852451,0.5325510233812607,0.0054784834439332,0.1272460783735801,1.0097471732107854,13398770.0,289729,19.9,13168768.0,,,,,,,
1d,S4,131072,52,53,B_nofresh,0,n13,289729,0.1260177614253319,0.2738911012634449,0.723152632338807,0.7231199836873841,0.7230853464787992,0.9889821094008822,0.0,-0.0176394272794928,3.26486514229396e-05,0.8496635654679349,0.5325038606489779,0.0055052145336183,0.127421679550576,1.0111406369178837,13168768.0,289729,19.6,13168768.0,,,,,,,
1d,S4,131072,52,53,C,0,n13,289729,0.1260177614253319,0.2741420318533866,0.7238151625043129,0.7234884314836614,0.7235621406264376,0.9655768010738184,0.0,-0.0553414444458964,0.0003267310206515,0.8490999647232831,0.5324624209850669,0.0052537024366349,0.1305103449929488,1.03565039972781,13398770.0,289729,7.8,,0.0171658303588628,,,,,,
1d,S4,131072,52,53,D,0,n13,289729,0.1260177614253319,0.274674046964142,0.7252198380341568,0.7245131936501716,0.7248244202666403,0.9497134065079976,0.0,-0.0807647342625661,0.0007066443839851,0.8487161136194149,0.5317788943434502,0.0066977978759024,0.1326903048454236,1.0529492298912586,,289729,14.3,,,13394862.0,13168768.0,0.0,,,
1d,S4,131072,52,53,E,0,n13,289729,0.1260177614253319,0.2744107280286433,0.7245245990122532,0.7239311924107484,0.7241144457568893,0.9539841266739344,0.0,-0.0744007395432306,0.0005934066015047,0.8489731332731683,0.5317100297740088,0.0063856885111369,0.1320962874557388,1.0482354706325148,13168768.0,289729,7.5,,,,,,0.6985609841512351,2.280380249023437,
7d,S4,131072,52,53,oracle,0,n13,289729,0.1736381239019911,0.3382871075189401,0.7328445368385973,0.7325944362288983,0.7326338849071029,0.9724875913359234,0.0,-0.0471518929366317,0.0002501006096989,0.8419099258844897,0.5755054833974352,0.0053839489709266,0.1785504776091399,1.028290755490548,13398770.0,289729,7.2,,,,,,,,
7d,S4,131072,52,53,A,0,n13,289729,0.1736381239019911,0.3411298405261355,0.7390028600726486,0.7383114299284799,0.7385841571345915,0.95462545527939,0.0,-0.0777547441323085,0.0006914301441687,0.8382802308092192,0.5711690745349148,0.0084123961282173,0.1818913616243059,1.0475312537180672,11466237.0,289729,6.2,,,,,,,,
7d,S4,131072,52,53,B_teacher,0,n13,289729,0.1736381239019911,0.3383586244653415,0.7329994667850739,0.7323585647252697,0.7331106387611243,1.0465164181422293,8.97390319919649e-05,0.0762611967569106,0.0006409020598041,0.8416030950897472,0.5762155491766352,0.0081931915468084,0.1659201144786937,0.9555511816768196,11466237.0,289729,0.0,,,,,,,,
7d,S4,131072,52,53,B,0,n13,289729,0.1736381239019911,0.3401810690261873,0.736947499418958,0.7363504918525581,0.737132746434989,1.0449491059019784,3.10635110741417e-05,0.0734159274911322,0.0005970075663999,0.8393360006681354,0.5729654902958283,0.0079008385881902,0.166168976959036,0.9569844065628638,13398770.0,289729,19.9,11466237.0,,,,,,,
7d,S4,131072,52,53,B_nofresh,0,n13,289729,0.1736381239019911,0.3405058865424495,0.7376511642556352,0.7369519826316955,0.7379525552901011,1.048794549251739,5.522401968736302e-05,0.0794615891765632,0.0006991816239396,0.8391406363509383,0.5721533607852586,0.0085185550663062,0.1655597123629914,0.9534755884395552,11466237.0,289729,17.1,11466237.0,,,,,,,
7d,S4,131072,52,53,C,0,n13,289729,0.1736381239019911,0.3387639195487276,0.7338774733099026,0.7336256956583149,0.7335471744492496,0.972472517773786,0.0,-0.0474427404987574,0.0002517776515876,0.841395320595262,0.5745053009774662,0.005824768638464,0.1785532451852612,1.028306694249037,13398770.0,289729,7.8,,0.1442319750785827,,,,,,
7d,S4,131072,52,53,D,0,n13,289729,0.1736381239019911,0.3401381837354135,0.7368545953432313,0.7364431672409122,0.7363304733042519,0.9647224486479928,0.0,-0.0600740572618072,0.000411428102319,0.8401179393898339,0.5723532683860129,0.0069246066767618,0.1799876473749893,1.0365675655225468,,289729,6.5,,,13394862.0,13168768.0,3.451501106610522e-05,,,11466237.0
7d,S4,131072,52,53,E,0,n13,289729,0.1736381239019911,0.3414240765441712,0.73964027501861,0.7388955211526224,0.7390937362059611,0.9530831707044348,0.0,-0.0808814369299936,0.0007447538659876,0.8380277193018528,0.5706171637642085,0.0088810087466477,0.1821856992539834,1.0492263747149038,11466237.0,289729,6.6,,,,,,0.7329977417685002,4.748776912689209,
1d,S0,36,53,54,oracle,0,n13,290352,0.1404777649198214,0.3072804439721199,0.7571657598756062,0.757079582234327,0.7569917902287616,1.018406688858552,0.0,0.0274845483299119,8.61776412791615e-05,0.8259435209639326,0.5203502054726493,0.0074391119885233,0.1379387689188013,0.9819259937509028,13664066.0,290352,7.0,,,,,,,,
1d,S0,36,53,54,A,0,n13,290352,0.1404777649198214,0.3073619668936299,0.7573666394500251,0.7572819316739289,0.7571886886532806,1.018250021760339,0.0,0.0272441009724153,8.470777609626001e-05,0.8256420147015888,0.520369407638578,0.0073498624478683,0.1379599920626223,0.9820770720644928,13398770.0,290352,7.0,,,,,,,,
1d,S0,36,53,54,B_teacher,0,n13,290352,0.1404777649198214,0.2816899736064882,0.6941086134802898,0.6939400496803483,0.6941104390866859,1.024575949484055,0.0,0.0404832893414331,0.0001685637999415,0.8627078264485417,0.5788167473137771,0.0055023767009054,0.137108200705435,0.9760135405321289,13398770.0,290352,33.0,,,,,,,,
1d,S0,36,53,54,B,0,n13,290352,0.1404777649198214,0.3069501693683696,0.7563519345046077,0.7558575777983348,0.7562567312657954,1.0443873762424525,0.0,0.0668246623706004,0.0004943567062728,0.8266404702377195,0.5205719515317868,0.0069576731467468,0.1345073371388681,0.957499126040616,13664066.0,290352,20.4,13398770.0,,,,,,,
1d,S0,36,53,54,B_nofresh,0,n13,290352,0.1404777649198214,0.3071119773786807,0.7567506435259089,0.7561991458008033,0.7566053505990427,1.0469955398593804,0.0,0.0705643389513379,0.0005514977251056,0.826325483320856,0.5203062810570588,0.0072873892566648,0.1341722668070665,0.9551139063441548,13398770.0,290352,19.9,13398770.0,,,,,,,
1d,S0,36,53,54,C,0,n13,290352,0.1404777649198214,0.3072712602571944,0.757143130402672,0.7570606769417079,0.7569776499597753,1.0179957586341883,0.0,0.026887873670549,8.245346096413808e-05,0.8259240384230784,0.52038232250028,0.0073495840865136,0.1379944501029119,0.9823223638393812,13664066.0,290352,7.9,,0.0194155238568782,,,,,,
1d,S0,36,53,54,D,0,n13,290352,0.1404777649198214,0.3080899167577623,0.7591603712765685,0.7591500627337808,0.7591840535324984,0.9937403616167432,0.0,-0.0094649168966091,1.0308542787718087e-05,0.8236684685908249,0.5210074368317563,0.0074613739430389,0.1413626439518611,1.006299068272796,,290352,14.5,,,13660932.0,13398770.0,0.0,,,
1d,S0,36,53,54,E,0,n13,290352,0.1404777649198214,0.3082084564422496,0.7594524633769312,0.759140867935419,0.7591023174287782,1.035439146840148,0.0,0.052361790053755,0.0003115954415121,0.8252493903255675,0.5176618233432319,0.0090967917451735,0.1356697449082524,0.9657738004707492,13398770.0,290352,8.2,,,,,,0.7007346652424113,2.819201231002808,
7d,S0,36,53,54,oracle,0,n13,290352,0.1881233812751419,0.3728522143383922,0.7711678067848492,0.770805820004982,0.7708182525339593,1.0348525472645471,0.0,0.0550246909956558,0.0003619867798672,0.8164787005629429,0.5576923555049909,0.0095185444975965,0.1817876196685347,0.9663212431986818,13664066.0,290352,7.0,,,,,,,,
7d,S0,36,53,54,A,0,n13,290352,0.1881233812751419,0.373745873206931,0.7730161556028594,0.7730160758111284,0.7730144091419417,1.0005042396476391,0.0,0.0008145574975288,7.979173100025606e-08,0.8143181763467808,0.5568137089300085,0.0062259018523481,0.1880285698153521,0.9994960144818412,11754084.0,290352,6.4,,,,,,,,
7d,S0,36,53,54,B_teacher,0,n13,290352,0.1881233812751419,0.3450759740960523,0.7137183899792567,0.7122319061380434,0.7160194903131701,1.0695536327632724,0.0017013831487298,0.1166224632356311,0.0014864838412133,0.8511452864273593,0.6112550237045519,0.0122337619868496,0.1758896192882922,0.9349694763940212,11754084.0,290352,28.2,,,,,,,,
7d,S0,36,53,54,B,0,n13,290352,0.1881233812751419,0.3727742837896317,0.7710066235383561,0.768139611943138,0.7737327698334958,1.1023520641857183,0.0015567311401333,0.1568792938021354,0.0028670115952181,0.8179444480714211,0.5600734628155692,0.0177713564838105,0.1706563514389608,0.9071512019516892,13664066.0,290352,20.6,11754084.0,,,,,,,
7d,S0,36,53,54,B_nofresh,0,n13,290352,0.1881233812751419,0.3735079759737218,0.7725241143046747,0.7701664982446083,0.774289301954214,1.0923367721705148,0.0009436821513197,0.141850255796331,0.0023576160600664,0.8163882999713812,0.5587376021878949,0.0163842770887048,0.1722210458056205,0.9154685857667886,11754084.0,290352,17.6,11754084.0,,,,,,,
7d,S0,36,53,54,C,0,n13,290352,0.1881233812751419,0.3728553633557261,0.7711743198768936,0.7707878480913307,0.7709051093650843,1.0359781544455624,0.0,0.0569619345687412,0.0003864717855628,0.8163215119504648,0.5579284906624307,0.0093193518777728,0.1815901044514035,0.9652713193891456,13664066.0,290352,7.7,,0.1397813856601715,,,,,,
7d,S0,36,53,54,D,0,n13,290352,0.1881233812751419,0.3752140390370113,0.7760527534280554,0.7760519409021039,0.7759360232853098,0.9983884811225928,0.0,-0.002586993970069,8.125259514102368e-07,0.8123134427205432,0.5568293687856497,0.0099889377320329,0.1884270349990567,1.001614120062358,,290352,6.2,,,13660932.0,13398770.0,3.788504909607582e-05,,,11754084.0
7d,S0,36,53,54,E,0,n13,290352,0.1881233812751419,0.373559579197532,0.7726308449164249,0.7726170803117668,0.7726066970141804,1.0066514689616266,0.0,0.0107001767810158,1.3764604658073054e-05,0.8146013711295113,0.5570071767082954,0.0053769869701406,0.1868803524115387,0.993392480747594,11754084.0,290352,8.6,,,,,,0.7376794905160001,4.681272506713867,
1d,S1,64,53,54,oracle,0,n13,290352,0.1404777649198214,0.3018569855231656,0.7438018861953506,0.7437980013794568,0.7438000717809913,0.9962092034624938,0.0,-0.0059000701314714,3.884815893751004e-06,0.8335246490905932,0.5344396429420378,0.0050032409204003,0.1410123139111415,1.0038052213574526,13664066.0,290352,7.1,,,,,,,,
1d,S1,64,53,54,A,0,n13,290352,0.1404777649198214,0.3020114138134178,0.7441824109440902,0.7441778232890393,0.744181112883968,0.9958816399489264,0.0,-0.0064116350864833,4.587655050958261e-06,0.8331432437018842,0.5341580976086104,0.0047445860792535,0.1410586954158787,1.004135391080495,13398770.0,290352,6.9,,,,,,,,
1d,S1,64,53,54,B_teacher,0,n13,290352,0.1404777649198214,0.2816899736064882,0.6941086134802898,0.6939400496803483,0.6941104390866859,1.024575949484055,0.0,0.0404832893414331,0.0001685637999415,0.8627078264485417,0.5788167473137771,0.0055023767009054,0.137108200705435,0.9760135405321289,13398770.0,290352,0.0,,,,,,,,
1d,S1,64,53,54,B,0,n13,290352,0.1404777649198214,0.3010673064015631,0.7418560481054384,0.7415585295411223,0.7419257012043796,1.033871177412901,0.0,0.0522439270536421,0.000297518564316,0.8353800282473451,0.53511649184482,0.0065990954963685,0.1358755016958155,0.9672384933898068,13664066.0,290352,19.9,13398770.0,,,,,,,
1d,S1,64,53,54,B_nofresh,0,n13,290352,0.1404777649198214,0.3012621133298162,0.7423360693328003,0.7421059964490557,0.7424030699879821,1.0297019049504972,0.0,0.0459101248525322,0.0002300728837445,0.834968843110654,0.5346443336729904,0.0065667624567592,0.1364256628490698,0.9711548509255936,13398770.0,290352,19.8,13398770.0,,,,,,,
1d,S1,64,53,54,C,0,n13,290352,0.1404777649198214,0.3018460133090794,0.7437748497048121,0.7437718974339088,0.7437722860254405,0.9966952298609112,0.0,-0.0051451704217287,2.9522709033003025e-06,0.833536623980882,0.5344470947188105,0.0049915093341116,0.1409435509583256,1.0033157278575016,13664066.0,290352,7.4,,0.0194155238568782,,,,,,
1d,S1,64,53,54,D,0,n13,290352,0.1404777649198214,0.3020023887328292,0.7441601723599698,0.7441165285740019,0.7440175267291647,0.9873720652167784,0.0,-0.0197519314774659,4.364378596788399e-05,0.8333950748243606,0.5357894872228575,0.0073010530271853,0.1422743967229612,1.0127894389846337,,290352,14.3,,,13660932.0,13398770.0,2.7552763640414923e-05,,,
1d,S1,64,53,54,E,0,n13,290352,0.1404777649198214,0.3026337849799128,0.7457159876700032,0.7456762426284554,0.7457142880262646,1.0122939708259326,0.0,0.0188797452495796,3.974504154780068e-05,0.8333702943806314,0.531608404618732,0.0057955410089425,0.1387717095708921,0.987855335327245,13398770.0,290352,7.3,,,,,,0.7007346652424113,2.819201231002808,
7d,S1,64,53,54,oracle,0,n13,290352,0.1881233812751419,0.3669715289556194,0.7590048235045386,0.7586256628655125,0.7590880243779752,1.0353802263050398,1.722047721386455e-05,0.0568025311274145,0.000379160639026,0.8247390274540579,0.5676837606476602,0.0087007015522746,0.1816949720456779,0.9658287599027258,13664066.0,290352,7.7,,,,,,,,
7d,S1,64,53,54,A,0,n13,290352,0.1881233812751419,0.3685081912152229,0.762183092048847,0.762174725567463,0.7621889119047028,1.0051336095936327,0.0,0.008415763205285,8.366481384025626e-06,0.8217551867013415,0.5658156645958404,0.0046642193390698,0.18716256175256,0.9948926097539328,11754084.0,290352,6.2,,,,,,,,
7d,S1,64,53,54,B_teacher,0,n13,290352,0.1881233812751419,0.3450759740960523,0.7137183899792567,0.7122319061380434,0.7160194903131701,1.0695536327632724,0.0017013831487298,0.1166224632356311,0.0014864838412133,0.8511452864273593,0.6112550237045519,0.0122337619868496,0.1758896192882922,0.9349694763940212,11754084.0,290352,0.0,,,,,,,,
7d,S1,64,53,54,B,0,n13,290352,0.1881233812751419,0.3660649095634681,0.7571296685199436,0.7546697585215626,0.7612299083099131,1.0938806683860876,0.0024728605279109,0.1457654406939116,0.0024599099983809,0.8270175221814207,0.5726161352096835,0.0163677707493441,0.1719779741173223,0.9141764992294824,13664066.0,290352,20.0,11754084.0,,,,,,,
7d,S1,64,53,54,B_nofresh,0,n13,290352,0.1881233812751419,0.3672990631049959,0.7596822602526883,0.7572579055926031,0.7637975657780971,1.0931247238856978,0.0021284509836336,0.1447375307867698,0.0024243546600851,0.8253367287716473,0.5699587265140642,0.0164788169788932,0.1720969045567145,0.9148086930513564,11754084.0,290352,17.7,11754084.0,,,,,,,
7d,S1,64,53,54,C,0,n13,290352,0.1881233812751419,0.3670684582648891,0.759205301763667,0.758789112573059,0.759637548907843,1.0370365527181586,6.199371796991238e-05,0.0596439667462403,0.0004161891906079,0.8245614217011308,0.5677963346311343,0.0087904451998873,0.1814047738067235,0.9642861646283512,13664066.0,290352,8.0,,0.1397813856601715,,,,,,
7d,S1,64,53,54,D,0,n13,290352,0.1881233812751419,0.3683651078427305,0.7618871536413252,0.7618836830193313,0.7610216027694772,0.9967147060468792,0.0,-0.0054135242188448,3.470621993906242e-06,0.8230889839390624,0.5707706074006218,0.0114901033084309,0.1887434590197506,1.0032961226850468,,290352,6.2,,,13660932.0,13398770.0,0.0005476111546158,,,11754084.0
7d,S1,64,53,54,E,0,n13,290352,0.1881233812751419,0.3689909298782342,0.7631815372818069,0.7631694981012339,0.7631670116867779,0.993876721462434,0.0,-0.0100508096812023,1.2039180573020223e-05,0.8212838999480714,0.5656008598051521,0.0068101383922638,0.1892824101950279,1.0061610040816291,11754084.0,290352,6.3,,,,,,0.7376794905160001,4.681272506713867,
1d,S2,160,53,54,oracle,0,n13,290352,0.1404777649198214,0.2956941261310962,0.7286160642332274,0.7285655893572969,0.7285779042507887,0.9865715786107908,0.0,-0.0214620869479854,5.047487593057287e-05,0.8425939723156876,0.5492399973581376,0.0062429026509308,0.1423898356342585,1.0136111982955336,13664066.0,290352,7.1,,,,,,,,
1d,S2,160,53,54,A,0,n13,290352,0.1404777649198214,0.2959213025642396,0.7291758467381059,0.7291529154502641,0.7291576678815089,0.9909196414235456,0.0,-0.0144743029935143,2.2931287841809755e-05,0.8421559710677738,0.548825488838481,0.0061710357031803,0.1417650423378554,1.009163567051118,13398770.0,290352,7.1,,,,,,,,
1d,S2,160,53,54,B_teacher,0,n13,290352,0.1404777649198214,0.2816899736064882,0.6941086134802898,0.6939400496803483,0.6941104390866859,1.024575949484055,0.0,0.0404832893414331,0.0001685637999415,0.8627078264485417,0.5788167473137771,0.0055023767009054,0.137108200705435,0.9760135405321289,13398770.0,290352,0.0,,,,,,,,
1d,S2,160,53,54,B,0,n13,290352,0.1404777649198214,0.2946616228485734,0.7260718862752045,0.7259970455843054,0.726118858123692,1.0166434881934334,0.0,0.0263589063159028,7.484069089902512e-05,0.8446314031079835,0.550420007646172,0.0058852139145335,0.1381780009917234,0.9836289826407006,13664066.0,290352,20.1,13398770.0,,,,,,,
1d,S2,160,53,54,B_nofresh,0,n13,290352,0.1404777649198214,0.2949000125997519,0.7266592993717371,0.7265777697472232,0.7267068138043868,1.0173849396208745,0.0,0.027507516780662,8.152962451390966e-05,0.8442674165452897,0.5499768378676181,0.006297143176724,0.1380772994066239,0.9829121319337076,13398770.0,290352,20.3,13398770.0,,,,,,,
1d,S2,160,53,54,C,0,n13,290352,0.1404777649198214,0.2956991630140365,0.7286284755512065,0.7285792923293867,0.7285854636684405,0.9867475380282316,0.0,-0.0211938336451873,4.918322181979296e-05,0.8425757118237095,0.5491925716719681,0.0061472817130108,0.1423644443040934,1.013430448479507,13664066.0,290352,7.8,,0.0194155238568782,,,,,,
1d,S2,160,53,54,D,0,n13,290352,0.1404777649198214,0.2966220182058941,0.7309024710699757,0.7308893113523872,0.7309298729631881,1.0069823640514832,3.44409544277291e-05,0.0109569420058299,1.3159717588528965e-05,0.8415293938117928,0.5491883857710189,0.0081419602316162,0.139503699304747,0.993066051302636,,290352,14.5,,,13660932.0,13398770.0,2.7552763640414923e-05,,,
1d,S2,160,53,54,E,0,n13,290352,0.1404777649198214,0.2955397074904497,0.7282355632619563,0.7282322817054513,0.7282344977243087,0.9965488033451896,0.0,-0.0054759831444998,3.2815565049748585e-06,0.8429626812949172,0.5496503447263277,0.0056606549576095,0.1409642603034284,1.0034631486618877,13398770.0,290352,7.1,,,,,,0.7007346652424113,2.819201231002808,
7d,S2,160,53,54,oracle,0,n13,290352,0.1881233812751419,0.3596911817162405,0.7439469287212492,0.7438935641366706,0.7438961584457481,0.9873313877550876,0.0,-0.021408289067729,5.336458457860793e-05,0.8336667143635108,0.5827472268512123,0.0057118841102995,0.1905372234776018,1.0128311653027835,13664066.0,290352,7.2,,,,,,,,
7d,S2,160,53,54,A,0,n13,290352,0.1881233812751419,0.3618799602762531,0.7484739651629068,0.7484735436356444,0.7484721270059759,0.9988634403496512,0.0,-0.0019038658200795,4.215272623175892e-07,0.8301843677055576,0.579839022915039,0.0040287965571698,0.1883374380078316,1.0011378528880293,11754084.0,290352,6.2,,,,,,,,
7d,S2,160,53,54,B_teacher,0,n13,290352,0.1881233812751419,0.3450759740960523,0.7137183899792567,0.7122319061380434,0.7160194903131701,1.0695536327632724,0.0017013831487298,0.1166224632356311,0.0014864838412133,0.8511452864273593,0.6112550237045519,0.0122337619868496,0.1758896192882922,0.9349694763940212,11754084.0,290352,0.0,,,,,,,,
7d,S2,160,53,54,B,0,n13,290352,0.1881233812751419,0.3589758657272459,0.7424674453195752,0.7407735684049751,0.7473083028276245,1.0761631875411035,0.0020630131702209,0.1219796784199152,0.0016938769146001,0.8356409489484149,0.585087365460909,0.0139125521252747,0.1748093443941155,0.9292271019647802,13664066.0,290352,19.9,11754084.0,,,,,,,
7d,S2,160,53,54,B_nofresh,0,n13,290352,0.1881233812751419,0.3607026770570721,0.7460389979475145,0.7442177009280082,0.750446667910132,1.0792584833050891,0.0020044635476938,0.1263540805013216,0.0018212970195062,0.8333813780845357,0.5822399357646261,0.0142263356680038,0.1743079940396098,0.9265620937605508,11754084.0,290352,17.5,11754084.0,,,,,,,
7d,S2,160,53,54,C,0,n13,290352,0.1881233812751419,0.3598271066579033,0.7442280613929043,0.7442266049531314,0.7442145728596606,0.9978949682999696,0.0,-0.0035491633256903,1.456439772895557e-06,0.8333994817038549,0.5826388665711881,0.0046696890132106,0.1885202223192206,1.002109472205894,13664066.0,290352,7.8,,0.1397813856601715,,,,,,
7d,S2,160,53,54,D,0,n13,290352,0.1881233812751419,0.3629159871162827,0.7506167727292063,0.7505572671683807,0.7511674979576396,1.0136953119659995,0.0006474899432413,0.0226027916252726,5.950556082567893e-05,0.8306238523386973,0.5810253422801749,0.0135161283993417,0.1855817808906388,0.986489715593694,,290352,6.8,,,13660932.0,13398770.0,0.0004029591800644,,,11754084.0
7d,S2,160,53,54,E,0,n13,290352,0.1881233812751419,0.3623716995722555,0.7494910263464671,0.7494736131917444,0.7494558330471484,0.9927404251793032,0.0,-0.012249450717116,1.7413154722700774e-05,0.8293886395337483,0.5796499496763311,0.0049327323467387,0.1894990639080342,1.0073126616349743,11754084.0,290352,6.3,,,,,,0.7376794905160001,4.681272506713867,
1d,S3,896,53,54,oracle,0,n13,290352,0.1404777649198214,0.2877238441236156,0.7089765956272642,0.7089721665778369,0.7089751752922873,0.9960452709844918,0.0,-0.0064473588701538,4.429049427323584e-06,0.8544900519215132,0.5663535014444223,0.0050766446525021,0.1410355221916501,1.0039704309941648,13664066.0,290352,7.3,,,,,,,,
1d,S3,896,53,54,A,0,n13,290352,0.1404777649198214,0.2878909007435268,0.7093882376794631,0.7093866621127309,0.7093876712367243,0.9976387855364128,0.0,-0.0038463474753764,1.5755667321926126e-06,0.8541875557499689,0.5660020662767371,0.0049380551165471,0.1408102481142902,1.0023668029930468,13398770.0,290352,7.2,,,,,,,,
1d,S3,896,53,54,B_teacher,0,n13,290352,0.1404777649198214,0.2816899736064882,0.6941086134802898,0.6939400496803483,0.6941104390866859,1.024575949484055,0.0,0.0404832893414331,0.0001685637999415,0.8627078264485417,0.5788167473137771,0.0055023767009054,0.137108200705435,0.9760135405321289,13398770.0,290352,0.0,,,,,,,,
1d,S3,896,53,54,B,0,n13,290352,0.1404777649198214,0.2859704286201145,0.7046560272079915,0.7045261861063592,0.7046859904021422,1.021661399014656,0.0,0.0352894296002396,0.0001298411016322,0.8570638981183223,0.5694933761961196,0.0060365847032567,0.1374993369185775,0.9787978688090326,13664066.0,290352,20.2,13398770.0,,,,,,,
1d,S3,896,53,54,B_nofresh,0,n13,290352,0.1404777649198214,0.2860183596438461,0.7047741334224195,0.7047249728986755,0.7047913743187991,1.0132543890305712,0.0,0.0216792335568549,4.916052374392965e-05,0.8569376999469226,0.5693050567355538,0.0056558536139632,0.1386401741168111,0.9869189917417952,13398770.0,290352,20.2,13398770.0,,,,,,,
1d,S3,896,53,54,C,0,n13,290352,0.1404777649198214,0.2877413383137095,0.7090197028343634,0.7090146907345738,0.709015861659638,0.9957957444091506,0.0,-0.0068616413296534,5.012099789647451e-06,0.8544585157023803,0.5662696608622968,0.0052077688114163,0.1410708628838066,1.0042220059831084,13664066.0,290352,8.0,,0.0194155238568782,,,,,,
1d,S3,896,53,54,D,0,n13,290352,0.1404777649198214,0.2881101445510936,0.709928473504459,0.7098444760527096,0.7098922418116473,0.9828849625005216,0.0,-0.0279312585495933,8.399745174936246e-05,0.8540731395266987,0.5664902565323506,0.0064457607773876,0.142923913051266,1.0174130627209277,,290352,14.6,,,13660932.0,13398770.0,3.444095636950806e-05,,,
1d,S3,896,53,54,E,0,n13,290352,0.1404777649198214,0.2875435297254238,0.7085322852554143,0.7085318531403162,0.708531776143452,1.0012385919107183,0.0,0.0020189536922216,4.321150981478894e-07,0.8547128547782115,0.5666860405799955,0.005092380168373,0.1403039855382921,0.9987629403014174,13398770.0,290352,7.6,,,,,,0.7007346652424113,2.819201231002808,
7d,S3,896,53,54,oracle,0,n13,290352,0.1881233812751419,0.3505303908103125,0.7249997245484788,0.7249969967201986,0.7250003540161699,0.997155299578212,0.0,-0.0049160523981355,2.72782828025786e-06,0.844783467834763,0.5991920610661119,0.0048994589252847,0.1886600626348939,1.0028528158281775,13664066.0,290352,7.1,,,,,,,,
7d,S3,896,53,54,A,0,n13,290352,0.1881233812751419,0.353506690859516,0.7311555865576416,0.7310567830484119,0.731118964780819,0.983045238657674,0.0,-0.0295011004107736,9.88035092296391e-05,0.8406878902447621,0.5952501558508263,0.0057337610089975,0.1913679796995101,1.017247183217608,11754084.0,290352,6.4,,,,,,,,
7d,S3,896,53,54,B_teacher,0,n13,290352,0.1881233812751419,0.3450759740960523,0.7137183899792567,0.7122319061380434,0.7160194903131701,1.0695536327632724,0.0017013831487298,0.1166224632356311,0.0014864838412133,0.8511452864273593,0.6112550237045519,0.0122337619868496,0.1758896192882922,0.9349694763940212,11754084.0,290352,0.1,,,,,,,,
7d,S3,896,53,54,B,0,n13,290352,0.1881233812751419,0.3500188131858133,0.723941631879282,0.7222682596228206,0.7265126157540482,1.074417597189385,0.0018770320163112,0.1231833388635273,0.0016733722564613,0.8459457330406184,0.6022343978356681,0.0134232744205247,0.1750933545459995,0.9307368034700314,13664066.0,290352,20.2,11754084.0,,,,,,,
7d,S3,896,53,54,B_nofresh,0,n13,290352,0.1881233812751419,0.3517399266568607,0.7275013996630155,0.7255712123635896,0.731446371247086,1.080159453490056,0.0024246431917121,0.1325357467493677,0.0019301872994259,0.8438135195772233,0.6002965977692204,0.0143576140687835,0.1741626022596059,0.9257892404394034,11754084.0,290352,17.3,11754084.0,,,,,,,
7d,S3,896,53,54,C,0,n13,290352,0.1881233812751419,0.350812834609075,0.7255839012180961,0.7255836657120488,0.7255809594121192,0.9991649836704282,0.0,-0.0014482066230664,2.355060473302473e-07,0.8444305132332702,0.5985373188965498,0.0047746005737999,0.1882805986495558,1.000835714164546,13664066.0,290352,7.6,,0.1397813856601715,,,,,,
7d,S3,896,53,54,D,0,n13,290352,0.1881233812751419,0.3518688807995689,0.7277681146765889,0.727721563681438,0.7272657158100009,0.9883041918639728,0.0,-0.0202459947318278,4.6550995150829166e-05,0.8435816724364331,0.5980139781440976,0.0059311016124255,0.1903496745474035,1.0118342188896,,290352,6.7,,,13660932.0,13398770.0,0.0002445307909511,,,11754084.0
7d,S3,896,53,54,E,0,n13,290352,0.1881233812751419,0.3536127697057175,0.7313749887444211,0.7311185400882394,0.7311665520495217,0.9730101700795628,0.0,-0.0476637731637999,0.0002564486561816,0.8408936735962055,0.594583296830565,0.0072388163147129,0.1933416392346229,1.027738486965897,11754084.0,290352,6.4,,,,,,0.7376794905160001,4.681272506713867,
1d,S4,131072,53,54,oracle,0,n13,290352,0.1404777649198214,0.2838985055869139,0.6995506285123964,0.6995506285023381,0.6995506333297911,0.999994023585682,0.0,-8.854305197393921e-06,1.0058287536196529e-11,0.8599525097021731,0.5734725360015893,0.0047285132099187,0.1404786044781646,1.0000059764500355,13664066.0,290352,7.4,,,,,,,,
1d,S4,131072,53,54,A,0,n13,290352,0.1404777649198214,0.2840168071467225,0.6998421338528243,0.6998416613341444,0.6998404265620409,1.0012906271547712,0.0,0.0021187084887758,4.725186799614534e-07,0.8597286611363015,0.5733259388622063,0.004769062713806,0.1402966941965667,0.9987110364166312,13398770.0,290352,7.1,,,,,,,,
1d,S4,131072,53,54,B_teacher,0,n13,290352,0.1404777649198214,0.2816899736064882,0.6941086134802898,0.6939400496803483,0.6941104390866859,1.024575949484055,0.0,0.0404832893414331,0.0001685637999415,0.8627078264485417,0.5788167473137771,0.0055023767009054,0.137108200705435,0.9760135405321289,13398770.0,290352,0.0,,,,,,,,
1d,S4,131072,53,54,B,0,n13,290352,0.1404777649198214,0.2834883790574642,0.6985400410461009,0.6984354820486957,0.6985708828141366,1.0193123818728769,0.0,0.0318116036384177,0.0001045589974052,0.8605946894852309,0.5744626276373361,0.0056085921893919,0.1378162057265591,0.9810535197881218,13664066.0,290352,20.5,13398770.0,,,,,,,
1d,S4,131072,53,54,B_nofresh,0,n13,290352,0.1404777649198214,0.2834851056485063,0.6985319750815085,0.6984627928394497,0.6985536981333389,1.015677254318175,0.0,0.0258479729725249,6.918224205887391e-05,0.8605831520058203,0.5743901783560966,0.0054519374890238,0.1383094524590139,0.9845647283607832,13398770.0,290352,19.9,13398770.0,,,,,,,
1d,S4,131072,53,54,C,0,n13,290352,0.1404777649198214,0.2839201614597446,0.6996039904679952,0.699603846906565,0.6996037057723571,1.000710627318156,0.0,0.0011689298929043,1.4356143018812162e-07,0.8599155101450346,0.5734035816466787,0.0046749781301703,0.1403780084721328,0.9992898773144236,13664066.0,290352,7.7,,0.0194155238568782,,,,,,
1d,S4,131072,53,54,D,0,n13,290352,0.1404777649198214,0.2842727391738748,0.7004727726442498,0.7004341252674289,0.700494626884773,0.9883784263898576,0.0,-0.0190176629835444,3.864737682091057e-05,0.8597665512334988,0.5734726203880314,0.0060501454246914,0.1421295337585719,1.0117582226603137,,290352,14.5,,,13660932.0,13398770.0,0.0,,,
1d,S4,131072,53,54,E,0,n13,290352,0.1404777649198214,0.2839419125083539,0.6996575869449967,0.6996162350473619,0.6996638621535501,0.9880411349252068,0.0,-0.0197683946255262,4.13518976347671e-05,0.8598923191163758,0.5733464258849015,0.0052058532412585,0.1421780530731196,1.0121036105199188,13398770.0,290352,7.5,,,,,,0.7007346652424113,2.819201231002808,
7d,S4,131072,53,54,oracle,0,n13,290352,0.1881233812751419,0.345105344059063,0.7137791356824855,0.7137583601882524,0.7137762680857004,0.9922267656843988,0.0,-0.0136424505848619,2.077549423307179e-05,0.8510947332840983,0.6080894827653155,0.0048994059676744,0.1895971644600635,1.00783413085036,13664066.0,290352,7.8,,,,,,,,
7d,S4,131072,53,54,A,0,n13,290352,0.1881233812751419,0.3474841780709988,0.7186992625776547,0.7185565797958521,0.7187068773281241,0.9797213369685696,0.0,-0.0355124327819495,0.0001426827818026,0.8479796636001882,0.6053619179964577,0.006191333209532,0.1920172340608899,1.0206983988877656,11754084.0,290352,6.4,,,,,,,,
7d,S4,131072,53,54,B_teacher,0,n13,290352,0.1881233812751419,0.3450759740960523,0.7137183899792567,0.7122319061380434,0.7160194903131701,1.0695536327632724,0.0017013831487298,0.1166224632356311,0.0014864838412133,0.8511452864273593,0.6112550237045519,0.0122337619868496,0.1758896192882922,0.9349694763940212,11754084.0,290352,0.0,,,,,,,,
7d,S4,131072,53,54,B,0,n13,290352,0.1881233812751419,0.3472078208199659,0.718127674675069,0.716584659239528,0.7205819577222158,1.0710312304612852,0.0017633768666997,0.1186806930365003,0.001543015435541,0.8489696181577061,0.607140544357652,0.0126790952084179,0.1756469614748008,0.9336795898746176,13664066.0,290352,20.6,11754084.0,,,,,,,
7d,S4,131072,53,54,B_nofresh,0,n13,290352,0.1881233812751419,0.3474043275506541,0.7185341082664376,0.7170269468282228,0.7207391452241828,1.0702321163925002,0.0016738303851876,0.117161872945381,0.0015071614382148,0.8488537473208987,0.6065718600200618,0.0126783620362025,0.1757781124241173,0.9343767437766342,11754084.0,290352,17.6,11754084.0,,,,,,,
7d,S4,131072,53,54,C,0,n13,290352,0.1881233812751419,0.3454649977910641,0.7145230051542049,0.7145221592620019,0.7145163597987907,0.9984281659292932,0.0,-0.0027619448509336,8.458922029497273e-07,0.850676264228316,0.607244808039621,0.0038680479671176,0.188419545536403,1.0015743086226376,13664066.0,290352,7.9,,0.1397813856601715,,,,,,
7d,S4,131072,53,54,D,0,n13,290352,0.1881233812751419,0.3468522953879074,0.7173923437392361,0.7173481576830032,0.717258213227297,0.9886317453362824,0.0,-0.0197766827569057,4.418605623290883e-05,0.8495782684126665,0.6055398082248806,0.0061714991778392,0.1902866078927617,1.011498977973695,,290352,6.6,,,13660932.0,13398770.0,3.099686000496149e-05,,,11754084.0
7d,S4,131072,53,54,E,0,n13,290352,0.1881233812751419,0.347799082907592,0.7193505782004207,0.7191979000210471,0.7192768365310993,0.9791307562433926,0.0,-0.0369044998647815,0.0001526781793735,0.8477433019905338,0.6043795136716157,0.0055087235881319,0.1921330527874646,1.021314051901174,11754084.0,290352,6.4,,,,,,0.7376794905160001,4.681272506713867,
1d,S0,36,54,55,oracle,0,n13,279211,0.1415667720827617,0.3062405628378096,0.7509623937937198,0.7506398296425015,0.750450792784222,1.0358746066414208,0.0,0.0534140017992969,0.0003225641512182,0.8290490108765234,0.5301551916557189,0.0091208536646618,0.1366640046730739,0.9653678095674768,13953795.0,279211,7.2,,,,,,,,
1d,S0,36,54,55,A,0,n13,279211,0.1415667720827617,0.3063749134450292,0.751291848039331,0.7511144764006092,0.7509639628086084,1.02641264023303,0.0,0.039576454961947,0.0001773716387217,0.8285856698505673,0.5298800354497794,0.0084698923992633,0.137923839334852,0.974267035305573,13664066.0,279211,6.9,,,,,,,,
1d,S0,36,54,55,B_teacher,0,n13,279211,0.1415667720827617,0.279766901800179,0.6860437439549267,0.685936846310567,0.6860450268978115,1.0192685243459765,0.0,0.032502243806614,0.0001068976443597,0.8656627754021902,0.5897686144006979,0.0040906427173925,0.1388905560226138,0.9810957329832782,13664066.0,279211,33.6,,,,,,,,
1d,S0,36,54,55,B,0,n13,279211,0.1415667720827617,0.3054138603232662,0.7489351558160858,0.7482147906868155,0.7486887354730625,1.0535726785575037,1.7907603926779388e-05,0.0810613011408667,0.0007203651292703,0.8304671896221703,0.5317039305749448,0.0084295170386101,0.1343683022196319,0.9491514162735762,13953795.0,279211,21.1,13664066.0,,,,,,,
1d,S0,36,54,55,B_nofresh,0,n13,279211,0.1415667720827617,0.3055131961708545,0.7491787469498115,0.7486383293903671,0.7490132175338162,1.0461304733255723,0.0,0.0701891144580641,0.0005404175594443,0.8300720351824652,0.5314503586313234,0.0075720976930907,0.1353242025659871,0.9559037094303096,13664066.0,279211,20.2,13664066.0,,,,,,,
1d,S0,36,54,55,C,0,n13,279211,0.1415667720827617,0.3062154672867672,0.7509008545419964,0.7505719439026204,0.750402661716938,1.0362166380273763,0.0,0.0539658310936281,0.000328910639376,0.8290624145224139,0.5301991457854834,0.0091550385250988,0.1366188950143277,0.96504916375757,13953795.0,279211,7.6,,0.0207633841782808,,,,,,
1d,S0,36,54,55,D,0,n13,279211,0.1415667720827617,0.3068683184318485,0.7525017745969954,0.7524992064666176,0.7525189750612876,0.996889114244879,0.0,-0.0047447868007445,2.5681303778002373e-06,0.8268816345490158,0.5308946970056823,0.0081063546470082,0.142008544440768,1.0031205935651903,,279211,14.5,,,13950665.0,13664066.0,7.163041573221562e-06,,,
1d,S0,36,54,55,E,0,n13,279211,0.1415667720827617,0.3051664049204645,0.7483283462545988,0.747824592835038,0.7477241648897935,1.0450583478051785,0.0,0.0669246390523436,0.0005037534195607,0.8306665881972247,0.5337168810162649,0.0096046317296204,0.1354630316862967,0.9568843711934272,13664066.0,279211,8.1,,,,,,0.7092976193672494,3.6376123428344727,
7d,S0,36,54,55,oracle,0,n13,279211,0.1894552865037552,0.3731525073421019,0.768701660488594,0.7676754531563651,0.76790096480694,1.0594085589904825,0.0,0.0931406889192638,0.0010262073322289,0.8179269683697583,0.5634365481888481,0.0123082022670617,0.1788311835844411,0.9439229006729064,13953795.0,279211,7.3,,,,,,,,
7d,S0,36,54,55,A,0,n13,279211,0.1894552865037552,0.3736263509454684,0.7696777878294343,0.7694910244356934,0.7694637541513022,1.024709199819814,0.0,0.0395766277267621,0.0001867633937409,0.8160533847759366,0.562899092478472,0.0078458917378555,0.1848868796504113,0.9758866224445346,12054386.0,279211,6.2,,,,,,,,
7d,S0,36,54,55,B_teacher,0,n13,279211,0.1894552865037552,0.3443603543626616,0.7093892470145865,0.7083694974670012,0.7095872436264616,1.0566300091751952,0.0005049944307351,0.0969132471289981,0.0010197495475853,0.8526898764525386,0.6174567839509437,0.0101538424233964,0.1793014440803587,0.9464050720844088,12054386.0,279211,28.9,,,,,,,,
7d,S0,36,54,55,B,0,n13,279211,0.1894552865037552,0.373089432960879,0.7685717259963253,0.7651306981602861,0.7723306113735358,1.11229981936813,0.00201281468137,0.1724488419098791,0.0034410278360391,0.8191765901932073,0.5657003422205814,0.0191531219058231,0.1703275350807663,0.8990381753078727,13953795.0,279211,20.9,12054386.0,,,,,,,
7d,S0,36,54,55,B_nofresh,0,n13,279211,0.1894552865037552,0.3735191656330677,0.7694569839329007,0.767272894072755,0.7707055069627481,1.0881322199755423,0.0006983965531443,0.1367972428819261,0.0021840898601457,0.817457097249525,0.5644689418318356,0.0154991271450261,0.1741105382469177,0.9190059642039426,12054386.0,279211,17.9,12054386.0,,,,,,,
7d,S0,36,54,55,C,0,n13,279211,0.1894552865037552,0.3730905687851332,0.7685740658171037,0.7675671872872027,0.7680529058796418,1.0587239568767404,3.5815207853558778e-06,0.0923959159243871,0.001006878529901,0.8178830895093517,0.5637024126947275,0.0121145052512897,0.1789468210983461,0.9445332690402346,13953795.0,279211,7.6,,0.1361211836338043,,,,,,
7d,S0,36,54,55,D,0,n13,279211,0.1894552865037552,0.3747511453886043,0.7719948869755865,0.7719858229927119,0.772120193897699,1.0053829433120465,8.237497806318519e-05,0.0086704650022853,9.06398287459087e-06,0.8146022786374338,0.5633440873223483,0.0108560889047235,0.1884409197152581,0.9946458776251832,,279211,6.5,,,13950665.0,13664066.0,6.44673709757626e-05,,,12054386.0
7d,S0,36,54,55,E,0,n13,279211,0.1894552865037552,0.3741821434961727,0.7708227316478659,0.7706236708142944,0.7705823643512301,1.025605969226768,0.0,0.0407367089831483,0.0001990608335714,0.8156774142131563,0.5611741009631095,0.0084834280568032,0.1847252182498417,0.9750333266429084,12054386.0,279211,9.2,,,,,,0.7420197615599999,4.860890865325928,
1d,S1,64,54,55,oracle,0,n13,279211,0.1415667720827617,0.3006161343624091,0.737170183406994,0.7371685478590652,0.7371666469378979,1.0024542570049813,0.0,0.0038489651837123,1.6355479288687746e-06,0.8366060923723204,0.5439721455217361,0.0055629106212006,0.1412201814631611,0.9975517516257412,13953795.0,279211,7.3,,,,,,,,
1d,S1,64,54,55,A,0,n13,279211,0.1415667720827617,0.3008520223081315,0.7377486272772158,0.7377478002999398,0.7377472993689228,1.0017439692901426,0.0,0.002737516837204,8.269772759916805e-07,0.8362056882434357,0.5435370288294006,0.0055232752311745,0.1413203137954292,0.998259066843818,13664066.0,279211,7.2,,,,,,,,
1d,S1,64,54,55,B_teacher,0,n13,279211,0.1415667720827617,0.279766901800179,0.6860437439549267,0.685936846310567,0.6860450268978115,1.0192685243459765,0.0,0.032502243806614,0.0001068976443597,0.8656627754021902,0.5897686144006979,0.0040906427173925,0.1388905560226138,0.9810957329832782,13664066.0,279211,0.0,,,,,,,,
1d,S1,64,54,55,B,0,n13,279211,0.1415667720827617,0.299256165632672,0.7338352712604642,0.7336210626524203,0.733892439798747,1.0283689014926405,0.0,0.0445737487693,0.0002142086080438,0.839239429583035,0.5461504932124763,0.0055981402559169,0.1376614674726965,0.972413691768135,13953795.0,279211,20.4,13664066.0,,,,,,,
1d,S1,64,54,55,B_nofresh,0,n13,279211,0.1415667720827617,0.2995392021442538,0.7345293327338983,0.7342686120087716,0.734601850284478,1.0313595798111326,0.0,0.0492022075490864,0.0002607207251267,0.8387809003103696,0.545642519573592,0.0058831528330029,0.137262284516411,0.9695939414099636,13664066.0,279211,20.5,13664066.0,,,,,,,
1d,S1,64,54,55,C,0,n13,279211,0.1415667720827617,0.3006053651211823,0.7371437750987802,0.7371423423487007,0.737141953524711,1.002295777851816,0.0,0.0036040678102993,1.432750079466416e-06,0.8366005293515701,0.5440419175400248,0.0054963923453422,0.141242510655065,0.9977094806717268,13953795.0,279211,7.8,,0.0207633841782808,,,,,,
1d,S1,64,54,55,D,0,n13,279211,0.1415667720827617,0.3008784465135884,0.737813424652195,0.737785098144312,0.7375863957861735,0.989877909492166,0.0,-0.0159828402732432,2.8326507882980856e-05,0.8366036752279826,0.544484852764507,0.0078432581916835,0.1430143765460826,1.0102255949049583,,279211,14.1,,,13950665.0,13664066.0,2.865216629288625e-05,,,
1d,S1,64,54,55,E,0,n13,279211,0.1415667720827617,0.3007209078597975,0.7374271087328745,0.7373069861374238,0.73737256672808,1.0213481356206382,0.0,0.0330185739110916,0.0001201225954506,0.8368167491929495,0.5442536536848104,0.0066897605681385,0.1386077549323928,0.9790980813729436,13664066.0,279211,7.2,,,,,,0.7092976193672494,3.6376123428344727,
7d,S1,64,54,55,oracle,0,n13,279211,0.1894552865037552,0.367607939233825,0.757279738814041,0.7564338746725028,0.7577085749499062,1.053284798818417,0.0002292173302627,0.0851621876792438,0.0008458641415381,0.8255157083350705,0.5727870902806967,0.0108242530915571,0.1798709016937182,0.9494108346781496,13953795.0,279211,7.2,,,,,,,,
7d,S1,64,54,55,A,0,n13,279211,0.1894552865037552,0.3688571106032531,0.7598530569266643,0.7597211490400843,0.7598386818407888,1.0205000202043797,0.0,0.0335701543502294,0.00013190788658,0.8227394343582768,0.5710022866898984,0.0061340574795064,0.1856494686455883,0.979911788536492,12054386.0,279211,6.3,,,,,,,,
7d,S1,64,54,55,B_teacher,0,n13,279211,0.1894552865037552,0.3443603543626616,0.7093892470145865,0.7083694974670012,0.7095872436264616,1.0566300091751952,0.0005049944307351,0.0969132471289981,0.0010197495475853,0.8526898764525386,0.6174567839509437,0.0101538424233964,0.1793014440803587,0.9464050720844088,12054386.0,279211,0.0,,,,,,,,
7d,S1,64,54,55,B,0,n13,279211,0.1894552865037552,0.3660417594501536,0.7540533770004566,0.7519940917156882,0.7571205936777625,1.0848674391121236,0.0018301571213168,0.1336017477052787,0.0020592852847683,0.8279945880011244,0.5778510870661083,0.0150424571253696,0.1746345034180481,0.9217716044813912,13953795.0,279211,20.2,12054386.0,,,,,,,
7d,S1,64,54,55,B_nofresh,0,n13,279211,0.1894552865037552,0.3674508756297167,0.7569561846347046,0.754569232251191,0.7606123920028828,1.0918318237462676,0.0020343038060821,0.1439211981413059,0.0023869523835136,0.8264299861917263,0.5751454748062594,0.0163254755487528,0.1735205755898383,0.9158919700369454,12054386.0,279211,17.8,12054386.0,,,,,,,
7d,S1,64,54,55,C,0,n13,279211,0.1894552865037552,0.3676734503607047,0.7574146930513088,0.7565815134696636,0.75862003533429,1.0527446456860288,0.0003653151201062,0.0847026465488795,0.0008331795816451,0.8253198698848917,0.5729328395910924,0.0106970874501427,0.1799631917199591,0.9498979682279388,13953795.0,279211,7.8,,0.1361211836338043,,,,,,
7d,S1,64,54,55,D,0,n13,279211,0.1894552865037552,0.3688466159249575,0.7598314376785729,0.7598304029475595,0.7602521533191205,1.0017913128843656,0.000694815032359,0.0029656396514168,1.0347310133163037e-06,0.8241457746969335,0.5749643340488364,0.0112177135908742,0.1891165196454679,0.998211890179794,,279211,6.4,,,13950665.0,13664066.0,0.0006625813548453,,,12054386.0
7d,S1,64,54,55,E,0,n13,279211,0.1894552865037552,0.3696484534168354,0.7614832390180275,0.7614281925230658,0.7614807948014578,1.0132189948226062,0.0,0.0215885720076461,5.504649496168579e-05,0.822062752399749,0.5693929357904804,0.007638393275389,0.186983551899286,0.9869534672265784,12054386.0,279211,6.4,,,,,,0.7420197615599999,4.860890865325928,
1d,S2,160,54,55,oracle,0,n13,279211,0.1415667720827617,0.2939009605429342,0.7207032498320172,0.7206876806748584,0.7207170655934688,0.9925637901555576,0.0,-0.011982651620701,1.5569157158723534e-05,0.8455757264200496,0.5611917736463422,0.0055328512167644,0.1426273792040862,1.007491921343692,13953795.0,279211,7.2,,,,,,,,
1d,S2,160,54,55,A,0,n13,279211,0.1415667720827617,0.2941492934246469,0.7213122111452428,0.721292290016316,0.7213205165880653,0.9915961324199004,0.0,-0.0135553365994444,1.9921128926791987e-05,0.8451817196489203,0.5607029423402321,0.0056008979250856,0.1427665633762416,1.0084750911236318,13664066.0,279211,7.0,,,,,,,,
1d,S2,160,54,55,B_teacher,0,n13,279211,0.1415667720827617,0.279766901800179,0.6860437439549267,0.685936846310567,0.6860450268978115,1.0192685243459765,0.0,0.032502243806614,0.0001068976443597,0.8656627754021902,0.5897686144006979,0.0040906427173925,0.1388905560226138,0.9810957329832782,13664066.0,279211,0.0,,,,,,,,
1d,S2,160,54,55,B,0,n13,279211,0.1415667720827617,0.2925524375824464,0.7173964049741397,0.7173304690187753,0.7174047570178098,1.0154502136748051,0.0,0.0249187156970964,6.593595536441565e-05,0.8481454940540789,0.5629792167192336,0.0046251211524699,0.1394128143126257,0.984784863436197,13953795.0,279211,20.1,13664066.0,,,,,,,
1d,S2,160,54,55,B_nofresh,0,n13,279211,0.1415667720827617,0.2927771090582108,0.7179473438428962,0.7178829820368422,0.7179574141979572,1.0152626802968203,0.0,0.0246187104565508,6.436180605395858e-05,0.8477543509656771,0.5626185355045938,0.0051088929584535,0.1394385658314295,0.9849667671302976,13664066.0,279211,20.3,13664066.0,,,,,,,
1d,S2,160,54,55,C,0,n13,279211,0.1415667720827617,0.2938956780590791,0.7206902961374306,0.7206741014490946,0.7206982780179011,0.9924204397005726,0.0,-0.0122268528732448,1.619468833602422e-05,0.8455711258766199,0.5612107861034067,0.0052876718160169,0.1426479810567731,1.0076374488031647,13953795.0,279211,7.9,,0.0207633841782808,,,,,,
1d,S2,160,54,55,D,0,n13,279211,0.1415667720827617,0.2946826184750594,0.722620029589725,0.7226043770152414,0.7226114110860813,1.007560981574236,1.0744562356067631e-05,0.0120063181387722,1.5652574483659976e-05,0.8450135295210568,0.5604446278078096,0.0075525267101444,0.1405044207463995,0.992495757862296,,279211,14.5,,,13950665.0,13664066.0,7.163041573221562e-06,,,
1d,S2,160,54,55,E,0,n13,279211,0.1415667720827617,0.2937474404189212,0.7203267881420439,0.7203261570232139,0.7203226773571756,1.0015078244856586,0.0,0.0024158085075638,6.311188299745751e-07,0.8458521196975433,0.5617075943366008,0.0053282156758361,0.1413536356098523,0.9984944456260908,13664066.0,279211,7.1,,,,,,0.7092976193672494,3.6376123428344727,
7d,S2,160,54,55,oracle,0,n13,279211,0.1894552865037552,0.3589560012899378,0.7394565728616466,0.7394468837783897,0.7394521297468558,1.0054403532731802,0.0,0.0091710647804103,9.68908325682527e-06,0.8355992550782592,0.5902780584685852,0.005180516020778,0.1884301598667582,0.9945890840212755,13953795.0,279211,7.5,,,,,,,,
7d,S2,160,54,55,A,0,n13,279211,0.1894552865037552,0.3610486397380546,0.7437674500987514,0.74375269675792,0.7437572143607,1.0067200207830067,0.0,0.0113179769118173,1.4753340831452633e-05,0.8321730342525184,0.5879472780664796,0.00492598608419,0.1881906414818299,0.9933248364547476,12054386.0,279211,6.3,,,,,,,,
7d,S2,160,54,55,B_teacher,0,n13,279211,0.1894552865037552,0.3443603543626616,0.7093892470145865,0.7083694974670012,0.7095872436264616,1.0566300091751952,0.0005049944307351,0.0969132471289981,0.0010197495475853,0.8526898764525386,0.6174567839509437,0.0101538424233964,0.1793014440803587,0.9464050720844088,12054386.0,279211,0.0,,,,,,,,
7d,S2,160,54,55,B,0,n13,279211,0.1894552865037552,0.3584034916138345,0.7383183918308348,0.7370020661437614,0.7395037742211599,1.0662156682475017,0.0008738910716268,0.107817338803635,0.0013163256870734,0.8369864965234529,0.5920966360711404,0.0125236094736306,0.1776894601588023,0.9378965529963204,13953795.0,279211,20.0,12054386.0,,,,,,,
7d,S2,160,54,55,B_nofresh,0,n13,279211,0.1894552865037552,0.3600601408529738,0.7417311225399067,0.7405385312016575,0.7425005882726415,1.0629687468262272,0.0005694618048715,0.102443134265399,0.0011925913382492,0.834590154098447,0.5894310585352605,0.0117491938204297,0.1782322265536252,0.9407614315903108,12054386.0,279211,17.7,12054386.0,,,,,,,
7d,S2,160,54,55,C,0,n13,279211,0.1894552865037552,0.3591563020340856,0.7398691964179512,0.7398195498209237,0.7399123345387788,1.0123422988798152,0.0,0.0208387356361483,4.964659702755281e-05,0.8352249204417787,0.5902867122952068,0.0055929817601058,0.1871454810427192,0.9878081762527632,13953795.0,279211,7.9,,0.1361211836338043,,,,,,
7d,S2,160,54,55,D,0,n13,279211,0.1894552865037552,0.3625622784947047,0.7468855763413017,0.7467497819357101,0.7480759393259001,1.0206824900261176,0.0007091411155004,0.0342568569400231,0.0001357944055916,0.8323684400503308,0.5873506249376027,0.0142596372996735,0.1856162796511845,0.9797366073894456,,279211,6.5,,,13950665.0,13664066.0,0.0004118748765904,,,12054386.0
7d,S2,160,54,55,E,0,n13,279211,0.1894552865037552,0.3618321426138908,0.7453814817608803,0.7453796619061335,0.7453827459588342,1.002353763196634,0.0,0.0039709042268388,1.819854746787364e-06,0.831302881215318,0.5865028523731571,0.0055115741185565,0.1890104007786214,0.997651763994852,12054386.0,279211,6.4,,,,,,0.7420197615599999,4.860890865325928,
1d,S3,896,54,55,oracle,0,n13,279211,0.1415667720827617,0.2861205357610841,0.7016241103321182,0.7016206743195601,0.7016133931203112,1.0034751442514036,0.0,0.0057145964666693,3.436012558144519e-06,0.8571883983436999,0.5772100223977554,0.0045453837872961,0.1410765108570488,0.9965368905534816,13953795.0,279211,7.7,,,,,,,,
1d,S3,896,54,55,A,0,n13,279211,0.1415667720827617,0.2862277931270769,0.7018871265947961,0.701886831162163,0.7018851103735542,1.0010162237186846,0.0,0.0016773261991111,2.954326331350288e-07,0.8569825949694627,0.5770633615028613,0.0047244627198609,0.1414230546202878,0.998984807943562,13664066.0,279211,7.3,,,,,,,,
1d,S3,896,54,55,B_teacher,0,n13,279211,0.1415667720827617,0.279766901800179,0.6860437439549267,0.685936846310567,0.6860450268978115,1.0192685243459765,0.0,0.032502243806614,0.0001068976443597,0.8656627754021902,0.5897686144006979,0.0040906427173925,0.1388905560226138,0.9810957329832782,13664066.0,279211,0.0,,,,,,,,
1d,S3,896,54,55,B,0,n13,279211,0.1415667720827617,0.2841822003024404,0.6968709286421758,0.6967913872781423,0.6969141493685317,1.016676989563422,0.0,0.0278796920234169,7.954136403354184e-05,0.8599151986623256,0.5805824068468121,0.0046687173467439,0.1392445914838231,0.9835965702631044,13953795.0,279211,20.0,13664066.0,,,,,,,
1d,S3,896,54,55,B_nofresh,0,n13,279211,0.1415667720827617,0.2843047568839804,0.6971714616055285,0.6970349500292881,0.6972249951774486,1.0219412790706202,0.0,0.0365324153411372,0.0001365115762403,0.8597883598048348,0.5803901149637564,0.0049884669036124,0.138527305807146,0.9785298044809636,13664066.0,279211,19.8,13664066.0,,,,,,,
1d,S3,896,54,55,C,0,n13,279211,0.1415667720827617,0.2861137220879514,0.701607401858757,0.7016057448696177,0.7016024033165743,1.0024096056484373,0.0,0.0039710544903181,1.6569891393425351e-06,0.8571756474851087,0.5772282027618283,0.0044397742244618,0.1412264719781743,0.997596186593924,13953795.0,279211,7.6,,0.0207633841782808,,,,,,
1d,S3,896,54,55,D,0,n13,279211,0.1415667720827617,0.2865691459105799,0.7027241910941954,0.7026595653261346,0.702721441232549,0.985080617213342,0.0,-0.0246288987374807,6.462576806076648e-05,0.8566653408169063,0.5766306858138767,0.0054050541711661,0.1437108492533685,1.0151453419405032,,279211,14.6,,,13950665.0,13664066.0,2.1489124264917336e-05,,,
1d,S3,896,54,55,E,0,n13,279211,0.1415667720827617,0.2861009211588699,0.7015760114503254,0.7015760055391391,0.701575996868268,1.0001433180015165,0.0,0.000238596708204,5.911186318208195e-09,0.8571282139829376,0.5771884903098072,0.0042725907347328,0.1415464859232775,0.9998567025355896,13664066.0,279211,7.2,,,,,,0.7092976193672494,3.6376123428344727,
7d,S3,896,54,55,oracle,0,n13,279211,0.1894552865037552,0.3496802837121141,0.7203484083337331,0.7202239185669602,0.7202723351922036,1.019417964343663,0.0,0.0334206308406603,0.0001244897667729,0.8469688096295586,0.6060662146485382,0.0049279040622937,0.1858465253020464,0.9809519107737474,13953795.0,279211,7.2,,,,,,,,
7d,S3,896,54,55,A,0,n13,279211,0.1894552865037552,0.3522305769738308,0.7256020636795814,0.7256020622799259,0.7256019992205754,1.0000641330229387,0.0,0.0001122368814686,1.3996555026096758e-09,0.8431923842577658,0.6030744435140751,0.0039449785767745,0.1894431369427081,0.9999358710898424,12054386.0,279211,6.5,,,,,,,,
7d,S3,896,54,55,B_teacher,0,n13,279211,0.1894552865037552,0.3443603543626616,0.7093892470145865,0.7083694974670012,0.7095872436264616,1.0566300091751952,0.0005049944307351,0.0969132471289981,0.0010197495475853,0.8526898764525386,0.6174567839509437,0.0101538424233964,0.1793014440803587,0.9464050720844088,12054386.0,279211,0.1,,,,,,,,
7d,S3,896,54,55,B,0,n13,279211,0.1894552865037552,0.3492682024925518,0.7194995127441256,0.7181546086764169,0.720649787542365,1.0656951439355564,0.0008094236974904,0.111005452154019,0.0013449040677087,0.8476231139506595,0.6087263223880838,0.0119925446930626,0.1777762501610983,0.9383546558231016,13953795.0,279211,20.5,12054386.0,,,,,,,
7d,S3,896,54,55,B_nofresh,0,n13,279211,0.1894552865037552,0.3505509722657335,0.7221420442433589,0.7208867973639295,0.7229908793864298,1.063321681061178,0.0006016954919397,0.1072762981250901,0.0012552468794294,0.84581768360866,0.6070602034062158,0.0116883189298045,0.1781730682992205,0.9404491771502448,12054386.0,279211,17.4,12054386.0,,,,,,,
7d,S3,896,54,55,C,0,n13,279211,0.1894552865037552,0.3499436808468787,0.7208910117221002,0.7207336225010105,0.7209177291600317,1.021796574866148,0.0,0.0377193820481662,0.0001573892210897,0.8466471971859935,0.6056390373976785,0.0053277627072482,0.1854138985820864,0.9786683813566284,13953795.0,279211,8.2,,0.1361211836338043,,,,,,
7d,S3,896,54,55,D,0,n13,279211,0.1894552865037552,0.3510474927957436,0.7231648865085872,0.7231617339505673,0.722965862671677,0.996953423090404,0.0,-0.0052879502201711,3.152558019969831e-06,0.8456606060325009,0.6041362979586433,0.0058917800127769,0.19003424043269,1.0030558869040762,,279211,6.2,,,13950665.0,13664066.0,0.000250706449151,,,12054386.0
7d,S3,896,54,55,E,0,n13,279211,0.1894552865037552,0.3525799234112901,0.7263217243579285,0.7262940872562782,0.7262822263152209,0.9910861483836608,0.0,-0.0157617017458063,2.763710165032407e-05,0.843130545333134,0.6015842958664062,0.0052297572898703,0.1911592517085759,1.0089940230028205,12054386.0,279211,6.5,,,,,,0.7420197615599999,4.860890865325928,
1d,S4,131072,54,55,oracle,0,n13,279211,0.1415667720827617,0.282419420507161,0.6925482441403996,0.6925189258121744,0.6925206115919845,1.0101382206916676,0.0,0.0168093337146193,2.9318328225169665e-05,0.8625509808303705,0.583575581461281,0.0042029075731102,0.1401459415978017,0.9899635312435504,13953795.0,279211,7.3,,,,,,,,
1d,S4,131072,54,55,A,0,n13,279211,0.1415667720827617,0.2825380319290854,0.6928391027925463,0.6928387616300082,0.6928373182288754,1.001086214746758,0.0,0.0018120950281622,3.411625381088968e-07,0.8622792715880608,0.5835516450212016,0.004217324988177,0.1414131670153639,0.9989149638355246,13664066.0,279211,7.3,,,,,,,,
1d,S4,131072,54,55,B_teacher,0,n13,279211,0.1415667720827617,0.279766901800179,0.6860437439549267,0.685936846310567,0.6860450268978115,1.0192685243459765,0.0,0.032502243806614,0.0001068976443597,0.8656627754021902,0.5897686144006979,0.0040906427173925,0.1388905560226138,0.9810957329832782,13664066.0,279211,0.0,,,,,,,,
1d,S4,131072,54,55,B,0,n13,279211,0.1415667720827617,0.281630570498851,0.6906138279902491,0.690574900553808,0.6906381756986371,1.0115790298364724,0.0,0.0195657443327483,3.892743644107188e-05,0.8635441274906851,0.5856089267343314,0.0043095947437865,0.1399463293596021,0.9885535094194824,13953795.0,279211,20.8,13664066.0,,,,,,,
1d,S4,131072,54,55,B_nofresh,0,n13,279211,0.1415667720827617,0.281711301020139,0.6908117951862235,0.6907310080533804,0.6908477602243481,1.01673513744265,0.0,0.0282199902081962,8.078713284309647e-05,0.8634786491616142,0.5855546860521298,0.0048365576458373,0.1392366279765235,0.9835403176045008,13664066.0,279211,20.2,13664066.0,,,,,,,
1d,S4,131072,54,55,C,0,n13,279211,0.1415667720827617,0.282408479208866,0.6925214139142445,0.6924928746257226,0.692505295438363,1.0099924828213032,0.0,0.0165992162053643,2.853928852186716e-05,0.8625443547410961,0.5836660907648394,0.0040855029633322,0.1401661640959055,0.9901063790164158,13953795.0,279211,8.5,,0.0207633841782808,,,,,,
1d,S4,131072,54,55,D,0,n13,279211,0.1415667720827617,0.2827522957155829,0.6933645199499615,0.693341295987328,0.6934002152355587,0.9910426676686652,0.0,-0.0148190831951839,2.322396263354509e-05,0.8623130939288057,0.5835370095476686,0.0058756814928729,0.1428462938087058,1.0090382913103086,,279211,14.7,,,13950665.0,13664066.0,0.0,,,
1d,S4,131072,54,55,E,0,n13,279211,0.1415667720827617,0.2827161554767451,0.6932758969405913,0.6932633593119748,0.6932784231136659,0.9934541878449188,0.0,-0.0109705747243381,1.2537628616526852e-05,0.8620400682928013,0.5830724879341033,0.004315816223748,0.1424995473519115,1.006588942132582,13664066.0,279211,7.3,,,,,,0.7092976193672494,3.6376123428344727,
7d,S4,131072,54,55,oracle,0,n13,279211,0.1894552865037552,0.3447178408301178,0.7101256763182328,0.7100907069001657,0.7101047296090194,1.0101547118115293,0.0,0.0178069685051381,3.496941806702125e-05,0.8526289107263841,0.6139860541127345,0.003630881792049,0.1875507625599266,0.9899473697515913,13953795.0,279211,7.7,,,,,,,,
7d,S4,131072,54,55,A,0,n13,279211,0.1894552865037552,0.346805560131553,0.7144264200143646,0.7144089007330016,0.7144407421972799,0.992882444249462,0.0,-0.0125331758705471,1.7519281363065353e-05,0.849683140350645,0.6120182562700084,0.0041882171560329,0.1908134115987597,1.007168578507719,12054386.0,279211,6.5,,,,,,,,
7d,S4,131072,54,55,B_teacher,0,n13,279211,0.1894552865037552,0.3443603543626616,0.7093892470145865,0.7083694974670012,0.7095872436264616,1.0566300091751952,0.0005049944307351,0.0969132471289981,0.0010197495475853,0.8526898764525386,0.6174567839509437,0.0101538424233964,0.1793014440803587,0.9464050720844088,12054386.0,279211,0.0,,,,,,,,
7d,S4,131072,54,55,B,0,n13,279211,0.1894552865037552,0.3463595128011633,0.713507553554189,0.712673684234493,0.7133859998428583,1.0511006742165283,0.0001504238729849,0.0874119183447636,0.000833869319696,0.8505416737544624,0.6135101315730189,0.0094800602781749,0.1802446627150837,0.9513836538496964,13953795.0,279211,20.9,12054386.0,,,,,,,
7d,S4,131072,54,55,B_nofresh,0,n13,279211,0.1894552865037552,0.3467157002149247,0.7142413067811304,0.713376644207305,0.7141481028572841,1.0520792312553922,0.0001360977898435,0.089009403124821,0.0008646625738254,0.8502506487765282,0.6127992945528329,0.0097584332837433,0.1800770140454991,0.9504987555041376,12054386.0,279211,18.2,12054386.0,,,,,,,
7d,S4,131072,54,55,C,0,n13,279211,0.1894552865037552,0.3451017509633793,0.7109165389041994,0.7108370335346098,0.7109733414362723,1.0153164692399457,0.0,0.0269631285424465,7.950536958956089e-05,0.8521642880690309,0.6133874729965483,0.004302173412958,0.1865972750797387,0.9849145860389606,13953795.0,279211,8.2,,0.1361211836338043,,,,,,
7d,S4,131072,54,55,D,0,n13,279211,0.1894552865037552,0.3464789716382027,0.7137536411580115,0.7137481732920229,0.7137333969227544,0.9959987601443812,0.0,-0.0069775256274722,5.4678659886509e-06,0.8509893881785778,0.6115201982223709,0.0060807427226039,0.1902163878961973,1.0040173140928796,,279211,6.7,,,13950665.0,13664066.0,2.865216629288625e-05,,,12054386.0
7d,S4,131072,54,55,E,0,n13,279211,0.1894552865037552,0.3470739941662442,0.7149793995177545,0.7149366577763772,0.7149581645351394,0.9889620856622184,0.0,-0.0196477005973566,4.2741741377305686e-05,0.8495976045726731,0.61088746002421,0.004021680471875,0.1915698177416924,1.0111611097106823,12054386.0,279211,6.7,,,,,,0.7420197615599999,4.860890865325928,
1d,S0,36,55,56,oracle,0,n13,276883,0.1439958393978684,0.3079453446101412,0.7471657625503075,0.747126629312644,0.7470104287985012,1.0121835195443842,0.0,0.018583024298612,3.913323766358001e-05,0.8302719314835656,0.539352440262061,0.0074188451166807,0.1422625804682983,0.987963131873686,14244147.0,276883,8.2,,,,,,,,
1d,S0,36,55,56,A,0,n13,276883,0.1439958393978684,0.3083454190827839,0.7481364606097552,0.7479149562487255,0.7476815086239101,1.0293714371254954,0.0,0.0442729484661963,0.0002215043610297,0.8298704741183699,0.5384962304764371,0.0085011694799367,0.1398871526880274,0.971466628987186,13953795.0,276883,6.9,,,,,,,,
1d,S0,36,55,56,B_teacher,0,n13,276883,0.1439958393978684,0.2825797524917432,0.6856213933646764,0.6854433412725677,0.6856042167348477,1.0248371599336277,0.0,0.0419309143511459,0.0001780520921087,0.8656836316675683,0.5937291819850739,0.0036296019255305,0.1405060677222068,0.9757647742444894,13953795.0,276883,29.8,,,,,,,,
1d,S0,36,55,56,B,0,n13,276883,0.1439958393978684,0.3076076228951511,0.7463463505763099,0.7458893826896333,0.7461629901044756,1.0418872208114736,0.0,0.0647182582844139,0.0004569678866765,0.8308959610627389,0.5397149182257304,0.0069201268577848,0.1382067430347377,0.9597967803282492,14244147.0,276883,20.8,13953795.0,,,,,,,
1d,S0,36,55,56,B_nofresh,0,n13,276883,0.1439958393978684,0.3079530072901226,0.7471843544603061,0.7463726434005992,0.7468757021582404,1.05642508370345,7.223267589559489e-06,0.0863729362892524,0.0008117110597068,0.8306303965693518,0.5390994369073264,0.0083471238655039,0.1363048280651102,0.9465886558603438,13953795.0,276883,21.0,13953795.0,,,,,,,
1d,S0,36,55,56,C,0,n13,276883,0.1439958393978684,0.3079176384464724,0.7470985392677763,0.747057507261225,0.7469423725162789,1.0124739232352458,0.0,0.0190357513482881,4.103200655125594e-05,0.8302855578300915,0.5394606185856886,0.007430340318828,0.142221775883122,0.9876797585113236,14244147.0,276883,7.5,,0.0203839503228664,,,,,,
1d,S0,36,55,56,D,0,n13,276883,0.1439958393978684,0.3088380816049692,0.749331804444339,0.7493256906115453,0.7493704862393067,0.9952391267302956,0.0,-0.0073225309054804,6.113832793697149e-06,0.8280112915993278,0.538720963451761,0.0076448883077679,0.1446846647508167,1.0047836476097414,,276883,15.2,,,14240961.0,13953795.0,0.0,,,
1d,S0,36,55,56,E,0,n13,276883,0.1439958393978684,0.3066934758619855,0.7441283616471932,0.7440941894562173,0.7440002959719162,1.0113509927738726,0.0,0.0174048628366676,3.417219097590074e-05,0.8317371198307391,0.5429449101223238,0.0074543233373334,0.142379688581632,0.9887764061587166,13953795.0,276883,8.1,,,,,,0.7066692584962853,3.3928611278533936,
7d,S0,36,55,56,oracle,0,n13,276883,0.1924422951210439,0.3749737466322235,0.7656509924781342,0.7653225807879469,0.7652580551752289,1.03274972670439,0.0,0.052512712456889,0.0003284116901872,0.8188055817465754,0.5707906533928295,0.0097643438350707,0.186339720209994,0.9682888062252044,14244147.0,276883,7.4,,,,,,,,
7d,S0,36,55,56,A,0,n13,276883,0.1924422951210439,0.3759274418996413,0.7675983227501286,0.7674178803414969,0.7673393341367483,1.0241114364453816,0.0,0.0389003807215667,0.0001804424086316,0.816839646900665,0.5699576856258689,0.0081496119107764,0.1879114794274708,0.9764562374881092,12350370.0,276883,6.4,,,,,,,,
7d,S0,36,55,56,B_teacher,0,n13,276883,0.1924422951210439,0.3468944259034139,0.7083164191187592,0.7077086842224762,0.7082114201840085,1.042885684358355,1.805816897389872e-05,0.0748765293748715,0.0006077348962829,0.8526119767680709,0.6211233122532127,0.0080082908998465,0.1845286573661674,0.9588778664799288,12350370.0,276883,30.1,,,,,,,,
7d,S0,36,55,56,B,0,n13,276883,0.1924422951210439,0.3744820264751355,0.764646959450016,0.7628329411894097,0.7660766081787266,1.0788449927907362,0.0008270641390045,0.1251992527475511,0.0018140182606063,0.819965489128522,0.5733055273829282,0.0141743096628358,0.178378076931365,0.9269172185831984,14244147.0,276883,22.1,12350370.0,,,,,,,
7d,S0,36,55,56,B_nofresh,0,n13,276883,0.1924422951210439,0.3753116799869345,0.7663410114747965,0.7647915164419494,0.766857570554951,1.0726193616267552,0.0003900564498362,0.1155191309719048,0.001549495032847,0.8184770133272073,0.5718748935550647,0.0131618107448971,0.1794134079671862,0.9322971743521212,12350370.0,276883,19.0,12350370.0,,,,,,,
7d,S0,36,55,56,C,0,n13,276883,0.1924422951210439,0.3749594244812273,0.7656217483797855,0.76520721873119,0.7652431748833232,1.03684870009782,0.0,0.0591145787519032,0.0004145296485954,0.8187590854047071,0.5710690717744608,0.0101384848375399,0.1856030634970061,0.9644608706223546,14244147.0,276883,8.4,,0.1329511702060699,,,,,,
7d,S0,36,55,56,D,0,n13,276883,0.1924422951210439,0.3768340340027207,0.7694494740633334,0.769446101936833,0.7694567370308384,1.0032561115861849,5.0562873126916425e-05,0.0052870742074853,3.372126500367223e-06,0.815418822781983,0.5701050393399572,0.0099390833355242,0.1918177152360284,0.9967544562663698,,276883,6.6,,,14240961.0,13953795.0,3.972796912421472e-05,,,12350370.0
7d,S0,36,55,56,E,0,n13,276883,0.1924422951210439,0.3759602374213003,0.7676652872347962,0.7676544383912998,0.7676109334707129,1.005852515664177,0.0,0.0094844088998854,1.0848843496447104e-05,0.8167468076886231,0.5696619144442109,0.0064598236656122,0.1913225767437404,0.9941815369817782,12350370.0,276883,9.1,,,,,,0.742596105612,4.826269626617432,
1d,S1,64,55,56,oracle,0,n13,276883,0.1439958393978684,0.3034082426993971,0.736157422050141,0.7361431080051455,0.7361696603227488,0.9928367030935638,0.0,-0.0113661948964422,1.431404499552258e-05,0.8363016126790902,0.5494383429873457,0.0044400807989247,0.1450347664920063,1.007214979949992,14244147.0,276883,7.3,,,,,,,,
1d,S1,64,55,56,A,0,n13,276883,0.1439958393978684,0.3036773740564541,0.7368104136901875,0.7368099590878037,0.7368064971787308,1.0012856212392067,0.0,0.0020278803385603,4.546023838480906e-07,0.8359697620126858,0.548779372768667,0.0047922635463391,0.1438109529822838,0.9987160294605892,13953795.0,276883,7.2,,,,,,,,
1d,S1,64,55,56,B_teacher,0,n13,276883,0.1439958393978684,0.2825797524917432,0.6856213933646764,0.6854433412725677,0.6856042167348477,1.0248371599336277,0.0,0.0419309143511459,0.0001780520921087,0.8656836316675683,0.5937291819850739,0.0036296019255305,0.1405060677222068,0.9757647742444894,13953795.0,276883,0.0,,,,,,,,
1d,S1,64,55,56,B,0,n13,276883,0.1439958393978684,0.3022062895669602,0.7332411310768713,0.7330321141861407,0.7333139069310453,1.027778933311967,0.0,0.044111926953828,0.0002090168907306,0.8387128932977614,0.5508974965486977,0.0058602687878493,0.14010390243537,0.9729718790572498,14244147.0,276883,21.8,13953795.0,,,,,,,
1d,S1,64,55,56,B_nofresh,0,n13,276883,0.1439958393978684,0.3025036850788251,0.733962699849677,0.7335301528532385,0.734056299983828,1.040354604783335,3.611633794779745e-06,0.0635063700462647,0.0004325469964384,0.8384731826711803,0.5503689713600144,0.0068386782924718,0.1384103446419186,0.9612107212312102,13953795.0,276883,21.5,13953795.0,,,,,,,
1d,S1,64,55,56,C,0,n13,276883,0.1439958393978684,0.3034227764086501,0.7361926850932321,0.736177791523137,0.7362015443067516,0.992695971631336,0.0,-0.0115971161095894,1.4893570095098063e-05,0.8362529904904545,0.5494604644572397,0.0044445230877102,0.1450553276258736,1.0073577697274836,14244147.0,276883,7.9,,0.0203839503228664,,,,,,
1d,S1,64,55,56,D,0,n13,276883,0.1439958393978684,0.3037415813296455,0.7369661993744818,0.7369257124440869,0.7368492860022039,0.9879885649369012,0.0,-0.0190961542258527,4.0486930394934006e-05,0.8359028470371908,0.5498689494087543,0.0066884012241899,0.145746463580846,1.0121574636482418,,276883,14.9,,,14240961.0,13953795.0,4.3339605326764286e-05,,,
1d,S1,64,55,56,E,0,n13,276883,0.1439958393978684,0.3033023001154591,0.7359003742561087,0.7359001652576237,0.7359023450699915,0.9991300249386892,0.0,-0.0013727341174625,2.0899848496291892e-07,0.8360630413469343,0.5507175500189636,0.0045449248938119,0.1441212212661756,1.000870732576938,13953795.0,276883,7.7,,,,,,0.7066692584962853,3.3928611278533936,
7d,S1,64,55,56,oracle,0,n13,276883,0.1924422951210439,0.3701520781371974,0.7558057291716389,0.7553253021660976,0.7558655507603759,1.039497882088382,7.223267589559489e-05,0.0640639416105504,0.0004804270055412,0.8259429270943238,0.5777677944856894,0.0094378802704649,0.1851300502261934,0.9620029220174748,14244147.0,276883,7.7,,,,,,,,
7d,S1,64,55,56,A,0,n13,276883,0.1924422951210439,0.3716400992571938,0.7588440881436633,0.7587498461871646,0.7588106405342611,1.0171897808930184,0.0,0.0283282168023624,9.4241956498764e-05,0.8231488709455989,0.5760466677941349,0.0066101776320377,0.1891901577619995,0.9831007141283634,12350370.0,276883,6.4,,,,,,,,
7d,S1,64,55,56,B_teacher,0,n13,276883,0.1924422951210439,0.3468944259034139,0.7083164191187592,0.7077086842224762,0.7082114201840085,1.042885684358355,1.805816897389872e-05,0.0748765293748715,0.0006077348962829,0.8526119767680709,0.6211233122532127,0.0080082908998465,0.1845286573661674,0.9588778664799288,12350370.0,276883,0.0,,,,,,,,
7d,S1,64,55,56,B,0,n13,276883,0.1924422951210439,0.3683985436519517,0.7522252240535302,0.7508547061115857,0.7551634299170353,1.0677139648414269,0.0012207322226355,0.1091468415878512,0.0013705179419445,0.8283899767754361,0.5822738246364855,0.0125622733875512,0.1802376867381562,0.9365804259650348,14244147.0,276883,21.3,12350370.0,,,,,,,
7d,S1,64,55,56,B_nofresh,0,n13,276883,0.1924422951210439,0.3694891796809874,0.7544521707813037,0.7530463506263742,0.7570185179426531,1.0686165024453336,0.0010726552370495,0.1105652519018432,0.0014058201549295,0.8270699285838232,0.5802539744078001,0.0129556825714109,0.1800854606687009,0.935789404067486,12350370.0,276883,18.9,12350370.0,,,,,,,
7d,S1,64,55,56,C,0,n13,276883,0.1924422951210439,0.3702539872107098,0.7560138151615996,0.7554784186191172,0.7563464434384095,1.041700542119851,0.0001697467883546,0.0677473053321109,0.0005353965424823,0.8257525002383876,0.5779973781532415,0.0095765727171434,0.1847385955367034,0.9599687813975876,14244147.0,276883,7.9,,0.1329511702060699,,,,,,
7d,S1,64,55,56,D,0,n13,276883,0.1924422951210439,0.3717952378923603,0.7591608624540085,0.7591601299313738,0.7581453611931565,0.9985057342628322,0.0,-0.0024910063705238,7.325226346610592e-07,0.8241141427716308,0.5794905547791246,0.0104700162331399,0.1927302853830063,1.0014965019086957,,276883,6.7,,,14240961.0,13953795.0,0.0005236868746578,,,12350370.0
7d,S1,64,55,56,E,0,n13,276883,0.1924422951210439,0.3725994743785429,0.7608030159897246,0.7607915094483363,0.7607891365073107,0.9940841068868804,0.0,-0.009847331861898,1.1506541388262017e-05,0.8218043612459915,0.5748094939810181,0.0062797567968506,0.1935875383056923,1.0059510991797729,12350370.0,276883,6.5,,,,,,0.742596105612,4.826269626617432,
1d,S2,160,55,56,oracle,0,n13,276883,0.1439958393978684,0.2963141884312905,0.718945164876669,0.7189077654051104,0.7189805317460309,0.9885693456982528,0.0,-0.0185414681025545,3.739947155867451e-05,0.8464544605610159,0.5659205557658933,0.0056480184562954,0.1456608380833014,1.0115628249565771,14244147.0,276883,7.6,,,,,,,,
1d,S2,160,55,56,A,0,n13,276883,0.1439958393978684,0.2966071298700323,0.7196559267611757,0.71963487804835,0.7196819692484397,0.9914053984557638,0.0,-0.0139131753831016,2.1048712825710855e-05,0.84605164220143,0.5652694305701608,0.0054745300300406,0.145244155037041,1.008669109082544,13953795.0,276883,7.4,,,,,,,,
1d,S2,160,55,56,B_teacher,0,n13,276883,0.1439958393978684,0.2825797524917432,0.6856213933646764,0.6854433412725677,0.6856042167348477,1.0248371599336277,0.0,0.0419309143511459,0.0001780520921087,0.8656836316675683,0.5937291819850739,0.0036296019255305,0.1405060677222068,0.9757647742444894,13953795.0,276883,0.0,,,,,,,,
1d,S2,160,55,56,B,0,n13,276883,0.1439958393978684,0.2951566573952957,0.7161366549435847,0.7159643374331287,0.7161375722013887,1.0249696456269282,0.0,0.0403650325604269,0.0001723175104559,0.8484744286249826,0.5674023307875129,0.0053370707823953,0.1404879061660334,0.975638648682464,14244147.0,276883,21.8,13953795.0,,,,,,,
1d,S2,160,55,56,B_nofresh,0,n13,276883,0.1439958393978684,0.2953417816514564,0.7165858207077107,0.716411087987783,0.7165825746918831,1.0251535779958434,0.0,0.0406378895220995,0.0001747327199277,0.8481818730339201,0.5670673883416163,0.005515781084417,0.1404626999199258,0.97546360024903,13953795.0,276883,21.5,13953795.0,,,,,,,
1d,S2,160,55,56,C,0,n13,276883,0.1439958393978684,0.29631008442465,0.7189352073523723,0.7189018593734025,0.7189619049278775,0.9892090001750932,0.0,-0.0175227308524022,3.334797896981101e-05,0.8464216134624795,0.5659344974418167,0.0052852731862503,0.1455666490826313,1.010908715774924,14244147.0,276883,8.0,,0.0203839503228664,,,,,,
1d,S2,160,55,56,D,0,n13,276883,0.1439958393978684,0.2970989895245623,0.7208493226032524,0.720845093627202,0.720835184067778,1.0038974983863538,7.223267589559489e-06,0.006233687786705,4.228976050457689e-06,0.8457609300006002,0.5655364021953238,0.0069184115289279,0.143436794721896,0.9961176331322484,,276883,14.7,,,14240961.0,13953795.0,3.611633701439132e-06,,,
1d,S2,160,55,56,E,0,n13,276883,0.1439958393978684,0.2960695605527977,0.7183516258653667,0.718318060432209,0.7183767942842051,0.989180296268288,0.0,-0.0175898089591229,3.356543315768956e-05,0.8465395581083285,0.5670881840345042,0.0056059887459307,0.1455708731169606,1.0109380501942162,13953795.0,276883,7.4,,,,,,0.7066692584962853,3.3928611278533936,
7d,S2,160,55,56,oracle,0,n13,276883,0.1924422951210439,0.3617344547169439,0.7386179612707956,0.7386138068861093,0.7386153024026266,1.0035363181661254,0.0,0.0059986093663554,4.154384686261281e-06,0.8359822291800401,0.5935182279045649,0.0044105766551523,0.1917641560523841,0.9964761433122942,14244147.0,276883,7.4,,,,,,,,
7d,S2,160,55,56,A,0,n13,276883,0.1924422951210439,0.3638403158813435,0.7429178748114763,0.7429102409980193,0.7429110592238531,1.0048008069066598,0.0,0.0081282637137925,7.633813457030847e-06,0.8326860928379467,0.5911384804695636,0.0046226106371317,0.1915228309912381,0.995222130721173,12350370.0,276883,6.3,,,,,,,,
7d,S2,160,55,56,B_teacher,0,n13,276883,0.1924422951210439,0.3468944259034139,0.7083164191187592,0.7077086842224762,0.7082114201840085,1.042885684358355,1.805816897389872e-05,0.0748765293748715,0.0006077348962829,0.8526119767680709,0.6211233122532127,0.0080082908998465,0.1845286573661674,0.9588778664799288,12350370.0,276883,0.0,,,,,,,,
7d,S2,160,55,56,B,0,n13,276883,0.1924422951210439,0.3608664925021884,0.73684568751262,0.735899410258703,0.7380046823710462,1.055150620864964,0.000426172787784,0.0915809774780392,0.000946277253917,0.8373053648931275,0.5960830693861617,0.0109276574093742,0.1823837197416313,0.9477319922157142,14244147.0,276883,22.2,12350370.0,,,,,,,
7d,S2,160,55,56,B_nofresh,0,n13,276883,0.1924422951210439,0.3623309703400395,0.7398359739528936,0.7390226868159337,0.7402184865077808,1.0510501470726896,0.0001589118869703,0.0847400775275671,0.0008132871369598,0.8352293143372613,0.5937535770916667,0.0100432077025208,0.1830952554043406,0.9514293897252468,12350370.0,276883,19.0,12350370.0,,,,,,,
7d,S2,160,55,56,C,0,n13,276883,0.1924422951210439,0.361895599691914,0.7389469997998308,0.7389253553347479,0.7389742534220167,1.0080766582035854,0.0,0.0137380365468733,2.1644465082903963e-05,0.8356480095023053,0.5935622499037784,0.0049419848662912,0.1909004573759105,0.991988051565465,14244147.0,276883,8.0,,0.1329511702060699,,,,,,
7d,S2,160,55,56,D,0,n13,276883,0.1924422951210439,0.3648801459021851,0.7450410818216108,0.7449405109394749,0.7454471206634683,1.017649498085478,0.0003683866470675,0.0294531404305669,0.0001005708821358,0.832829572505306,0.5915578854709848,0.0128713980804729,0.189104692217791,0.9826566041464352,,276883,6.5,,,14240961.0,13953795.0,0.0002022514818236,,,12350370.0
7d,S2,160,55,56,E,0,n13,276883,0.1924422951210439,0.364370330888093,0.7440001012862384,0.7439976312416461,0.7439924821313806,0.9972889292459258,0.0,-0.0046256035456993,2.470044592306486e-06,0.8321119893477977,0.5905149123052338,0.0058874167714815,0.1929654380767609,1.002718440638987,12350370.0,276883,6.7,,,,,,0.742596105612,4.826269626617432,
1d,S3,896,55,56,oracle,0,n13,276883,0.1439958393978684,0.2883986091704332,0.6997396470210469,0.6997394804325388,0.6997351861735203,1.0007603398744611,0.0,0.001255993322681,1.665885080992524e-07,0.8578371168263076,0.5823668053536117,0.0049674195243132,0.1438864368025733,0.9992402378030324,14244147.0,276883,7.6,,,,,,,,
1d,S3,896,55,56,A,0,n13,276883,0.1439958393978684,0.2886311638018681,0.7003038927924862,0.7003037667820065,0.7003001727371335,1.0006613988878197,0.0,0.0010922093656256,1.2601047971738666e-07,0.8575754976398842,0.5817965660456754,0.0048619341388773,0.1439006636589679,0.9993390382715326,13953795.0,276883,7.4,,,,,,,,
1d,S3,896,55,56,B_teacher,0,n13,276883,0.1439958393978684,0.2825797524917432,0.6856213933646764,0.6854433412725677,0.6856042167348477,1.0248371599336277,0.0,0.0419309143511459,0.0001780520921087,0.8656836316675683,0.5937291819850739,0.0036296019255305,0.1405060677222068,0.9757647742444894,13953795.0,276883,0.0,,,,,,,,
1d,S3,896,55,56,B,0,n13,276883,0.1439958393978684,0.2866280593967316,0.695443773759914,0.6952748609424756,0.6954679824742932,1.0243065101155509,0.0,0.0406266138224893,0.0001689128174383,0.8604409463512848,0.5852078010018804,0.0041072807441734,0.1405788579647164,0.9762702766452116,14244147.0,276883,22.3,13953795.0,,,,,,,
1d,S3,896,55,56,B_nofresh,0,n13,276883,0.1439958393978684,0.2867788572622817,0.6958096536284581,0.6956229360480951,0.6958327537552085,1.0255774410278184,0.0,0.0427237864566933,0.000186717580363,0.8602155462193308,0.584959711636267,0.0044179174055127,0.1404046477987639,0.9750604488704576,13953795.0,276883,21.5,13953795.0,,,,,,,
1d,S3,896,55,56,C,0,n13,276883,0.1439958393978684,0.2884069962078318,0.6997599964346786,0.6997594862709651,0.6997531708686042,1.0013300921905972,0.0,0.0021991451724291,5.101637134963255e-07,0.8578014599055915,0.5823091333242957,0.0047586497013251,0.1438045660675697,0.9986716746046376,14244147.0,276883,8.1,,0.0203839503228664,,,,,,
1d,S3,896,55,56,D,0,n13,276883,0.1439958393978684,0.2889707305454079,0.7011277813471087,0.7010585600945475,0.7011873029795942,0.984637064723758,0.0,-0.0254450848525859,6.922125256125788e-05,0.8573549634782326,0.5816018517105768,0.0057509796788296,0.1462425542941213,1.0156026375876397,,276883,15.3,,,14240961.0,13953795.0,3.611633701439132e-06,,,
1d,S3,896,55,56,E,0,n13,276883,0.1439958393978684,0.2885581789524427,0.7001268101327542,0.7001250992447872,0.7001368120325953,0.9975722689576876,0.0,-0.004024666019973,1.710887967076857e-06,0.8575940735042646,0.5820346176360635,0.0046298994542228,0.1443462733264651,1.002433639263899,13953795.0,276883,7.5,,,,,,0.7066692584962853,3.3928611278533936,
7d,S3,896,55,56,oracle,0,n13,276883,0.1924422951210439,0.3524672365683172,0.7196954237952141,0.7196954043462298,0.7196964657850234,0.9997619720088186,0.0,-0.0004154119142439,1.9448984311942752e-08,0.8467636631377619,0.6103138238044749,0.0046254116163927,0.1924881126798314,1.0002380846619954,14244147.0,276883,7.5,,,,,,,,
7d,S3,896,55,56,A,0,n13,276883,0.1924422951210439,0.3549990041163088,0.7248649866066207,0.7248471723272939,0.7248804224771094,0.992840488386092,0.0,-0.0125831713224414,1.7814279326788807e-05,0.8432513634877736,0.6074567392501288,0.0053344834532077,0.1938300234248784,1.0072111398534382,12350370.0,276883,6.4,,,,,,,,
7d,S3,896,55,56,B_teacher,0,n13,276883,0.1924422951210439,0.3468944259034139,0.7083164191187592,0.7077086842224762,0.7082114201840085,1.042885684358355,1.805816897389872e-05,0.0748765293748715,0.0006077348962829,0.8526119767680709,0.6211233122532127,0.0080082908998465,0.1845286573661674,0.9588778664799288,12350370.0,276883,0.0,,,,,,,,
7d,S3,896,55,56,B,0,n13,276883,0.1924422951210439,0.3517217622860796,0.7181732555656022,0.71725148534673,0.7184545860869931,1.0534523999093244,7.945594348515437e-05,0.0919288661259798,0.0009217702188721,0.8477530007691338,0.6125791192939348,0.0102071273171604,0.1826777319389165,0.9492597862856212,14244147.0,276883,22.3,12350370.0,,,,,,,
7d,S3,896,55,56,B_nofresh,0,n13,276883,0.1924422951210439,0.3529873798317457,0.7207574933652885,0.719984343934734,0.7209608076969322,1.0487838264034697,5.0562873126916425e-05,0.0841539435116401,0.0007731494305545,0.8460355131792092,0.6109561582965085,0.0094153565926311,0.1834909065874657,0.9534853368489092,12350370.0,276883,19.3,12350370.0,,,,,,,
7d,S3,896,55,56,C,0,n13,276883,0.1924422951210439,0.352674366123041,0.7201183572687445,0.7201115949017699,0.7201158075144811,1.0044397258948454,0.0,0.0077834845078982,6.762366974610856e-06,0.8464709141389755,0.6099939082209579,0.0036646534536732,0.1915916805755556,0.9955798981458144,14244147.0,276883,8.2,,0.1329511702060699,,,,,,
7d,S3,896,55,56,D,0,n13,276883,0.1924422951210439,0.3538464722145718,0.7225116560005366,0.7225017416172754,0.7223613752603318,0.994634386616007,0.0,-0.0093594844121381,9.9143832611448e-06,0.8456716742198426,0.607711830692061,0.0051291331902428,0.1934804363398096,1.0053945584992774,,276883,6.4,,,14240961.0,13953795.0,0.0001264071761397,,,12350370.0
7d,S3,896,55,56,E,0,n13,276883,0.1924422951210439,0.355280827244273,0.7254404353135424,0.7252444989413158,0.7253178455523487,0.9766590456624048,0.0,-0.0418354516324718,0.0001959363722265,0.8433165729266928,0.6063322096974667,0.0073900741879547,0.197041430144665,1.0238987745429262,12350370.0,276883,6.6,,,,,,0.742596105612,4.826269626617432,
1d,S4,131072,55,56,oracle,0,n13,276883,0.1439958393978684,0.2849150003717294,0.6912873899239128,0.6912631554706238,0.6912361440190156,1.00916875569978,0.0,0.01525308288433,2.423445328902929e-05,0.8628445060438062,0.5883178444323033,0.0047236890592772,0.1426875719096342,0.9909145466028404,14244147.0,276883,7.7,,,,,,,,
1d,S4,131072,55,56,A,0,n13,276883,0.1439958393978684,0.2850803430559413,0.6916885597902332,0.6916756550552908,0.6916519590148218,1.006682620653424,0.0,0.0111200495136635,1.2904734942420504e-05,0.8626682426666352,0.5879053620325327,0.0045473757228954,0.1430399576227934,0.9933617403178308,13953795.0,276883,7.4,,,,,,,,
1d,S4,131072,55,56,B_teacher,0,n13,276883,0.1439958393978684,0.2825797524917432,0.6856213933646764,0.6854433412725677,0.6856042167348477,1.0248371599336277,0.0,0.0419309143511459,0.0001780520921087,0.8656836316675683,0.5937291819850739,0.0036296019255305,0.1405060677222068,0.9757647742444894,13953795.0,276883,0.0,,,,,,,,
1d,S4,131072,55,56,B,0,n13,276883,0.1439958393978684,0.2842796473837095,0.6897458371513469,0.6896295193033292,0.6897455464838012,1.0200573893830522,0.0,0.0337813722285811,0.0001163178480176,0.863647784806598,0.5897646253778414,0.0038277858447896,0.1411644490757128,0.9803369990827836,14244147.0,276883,22.0,13953795.0,,,,,,,
1d,S4,131072,55,56,B_nofresh,0,n13,276883,0.1439958393978684,0.2843386078668856,0.6898888925835643,0.6897855800639987,0.6898867121388902,1.0188936358791263,0.0,0.0318205858607726,0.0001033125195656,0.863569725677596,0.589638820459437,0.0036475311081876,0.1413256833954265,0.9814567142105814,13953795.0,276883,21.9,13953795.0,,,,,,,
1d,S4,131072,55,56,C,0,n13,276883,0.1439958393978684,0.2849262786549149,0.6913147543481653,0.6912923759158095,0.6912744542725224,1.0087995295234171,0.0,0.0146712148920191,2.237843235575188e-05,0.862806457091584,0.5882588415354543,0.004526976880896,0.1427397963457573,0.991277226777084,14244147.0,276883,8.1,,0.0203839503228664,,,,,,
1d,S4,131072,55,56,D,0,n13,276883,0.1439958393978684,0.2853131986528515,0.692253535792224,0.69224040778381,0.6923022813157693,0.9932843380713626,0.0,-0.0111236040753705,1.312800841402062e-05,0.8626068357976651,0.588320377475146,0.0061364100013153,0.1449694049112481,1.006761066968676,,276883,15.2,,,14240961.0,13953795.0,0.0,,,
1d,S4,131072,55,56,E,0,n13,276883,0.1439958393978684,0.2852633793219972,0.6921326594777123,0.6921310051961977,0.6921423653362136,0.997623743342138,0.0,-0.0039760377662496,1.6542815145514922e-06,0.8623900873084198,0.5877134812914853,0.004172692023949,0.144338825492934,1.0023819167032868,13953795.0,276883,7.6,,,,,,0.7066692584962853,3.3928611278533936,
7d,S4,131072,55,56,oracle,0,n13,276883,0.1924422951210439,0.3476207620530137,0.7097995095985821,0.7097988003756519,0.7098049169802172,0.998572600169486,0.0,-0.0025253728234942,7.092229301619568e-07,0.852329296301412,0.6175241902142948,0.0035095834052357,0.1927173798764166,1.0014294402132322,14244147.0,276883,7.6,,,,,,,,
7d,S4,131072,55,56,A,0,n13,276883,0.1924422951210439,0.3496021793664998,0.7138453238621391,0.7138155451011612,0.7138791807920079,0.9907829739985532,0.0,-0.016308754923391,2.977876097787213e-05,0.8496529896211042,0.6156036483785348,0.0042258677566575,0.1942325415064358,1.009302769873254,12350370.0,276883,6.6,,,,,,,,
7d,S4,131072,55,56,B_teacher,0,n13,276883,0.1924422951210439,0.3468944259034139,0.7083164191187592,0.7077086842224762,0.7082114201840085,1.042885684358355,1.805816897389872e-05,0.0748765293748715,0.0006077348962829,0.8526119767680709,0.6211233122532127,0.0080082908998465,0.1845286573661674,0.9588778664799288,12350370.0,276883,0.0,,,,,,,,
7d,S4,131072,55,56,B,0,n13,276883,0.1924422951210439,0.3487548250454087,0.7121151289278244,0.7116285949792492,0.7120309471122412,1.0383046061523538,0.0,0.0668491693711171,0.0004865339485751,0.8506750353145798,0.6176488810850613,0.0074904801849356,0.1853428117151261,0.9631085079220644,14244147.0,276883,22.4,12350370.0,,,,,,,
7d,S4,131072,55,56,B_nofresh,0,n13,276883,0.1924422951210439,0.3490993410182458,0.7128185888337416,0.7123555148337921,0.7127376398937162,1.037367736184934,0.0,0.0651683772757244,0.0004630739999494,0.8503982140925381,0.6168408898930269,0.0073686573330471,0.1855101989471713,0.963978312722199,12350370.0,276883,19.2,12350370.0,,,,,,,
7d,S4,131072,55,56,C,0,n13,276883,0.1924422951210439,0.3479833202825166,0.7105398096082314,0.7105295425782687,0.7105435265177814,1.005438711517264,0.0,0.0096551994483788,1.026702996265172e-05,0.8518441143194239,0.6170091891266066,0.0029243474826801,0.191401318565343,0.9945907080611042,14244147.0,276883,8.1,,0.1329511702060699,,,,,,
7d,S4,131072,55,56,D,0,n13,276883,0.1924422951210439,0.3494345704015382,0.7135030866481376,0.7134944492740453,0.7133850663703508,0.9949983315958112,0.0,-0.0087500527923044,8.637374092290706e-06,0.8508511340329776,0.6148621429046622,0.0052354981358966,0.1934096661372271,1.0050268108451668,,276883,6.7,,,14240961.0,13953795.0,2.8893069611513056e-05,,,12350370.0
7d,S4,131072,55,56,E,0,n13,276883,0.1924422951210439,0.3499697344613025,0.7145958268657587,0.7144059982068769,0.7145392351066915,0.9770709338828112,0.0,-0.0412747701708991,0.0001898286588818,0.8494212661634932,0.6146867362992513,0.0056902681886828,0.196958366529533,1.023467145856105,12350370.0,276883,6.7,,,,,,0.742596105612,4.826269626617432,
1d,S0,36,56,57,oracle,0,n13,274261,0.1377702261714206,0.3023086089344549,0.7540841476727742,0.7539204439002515,0.7542268352749519,0.975308268567744,0.0,-0.0377572425290216,0.0001637037725227,0.8258122856691552,0.5237120711536238,0.0069448895920098,0.1412581340807644,1.025316848249955,14523358.0,274261,7.3,,,,,,,,
1d,S0,36,56,57,A,0,n13,274261,0.1377702261714206,0.3025851950589353,0.754774069182691,0.754631404520727,0.7549202061408817,0.9768985822803272,0.0,-0.0352198109508473,0.0001426646619639,0.8254846249521023,0.5229648989422326,0.0070965974853671,0.1410281769985071,1.0236477134256334,14244147.0,274261,7.1,,,,,,,,
1d,S0,36,56,57,B_teacher,0,n13,274261,0.1377702261714206,0.2794796333467801,0.6971391315882116,0.6969784318304288,0.6970283822599067,0.9767235378032028,0.0,-0.0393605273724393,0.0001606997577827,0.8593496221233159,0.5764542092032847,0.0038966928735946,0.1410534515030593,1.0238311674654113,14244147.0,274261,37.3,,,,,,,,
1d,S0,36,56,57,B,0,n13,274261,0.1377702261714206,0.301802558425508,0.7528218459868791,0.7527979657161303,0.7527950530182574,0.9905970195889,0.0,-0.0146612289674516,2.388027074873289e-05,0.8261845120887252,0.5246802001651865,0.0050600306045627,0.1390779736331082,1.0094922357176102,14523358.0,274261,23.4,14244147.0,,,,,,,
1d,S0,36,56,57,B_nofresh,0,n13,274261,0.1377702261714206,0.3019696138935147,0.7532385522151599,0.753219740385799,0.7532167806331991,0.9916462252814312,0.0,-0.0130121590890162,1.881182936092074e-05,0.8259378845102733,0.5242294566338576,0.0047783894463334,0.1389308229679603,1.008424148154447,14244147.0,274261,22.4,14244147.0,,,,,,,
1d,S0,36,56,57,C,0,n13,274261,0.1377702261714206,0.3022877601148686,0.7540321419941958,0.7538792526087345,0.7541679547933757,0.976128421060285,0.0,-0.0365012926827868,0.0001528893854613,0.8258072673963841,0.5237948006983478,0.006907209796617,0.1411394476371998,1.0244553671675551,14523358.0,274261,8.4,,0.0192249603569507,,,,,,
1d,S0,36,56,57,D,0,n13,274261,0.1377702261714206,0.303422747222435,0.7568632746855389,0.7561371349427883,0.7568106973122184,0.9490096809515636,0.0,-0.0792035907262338,0.0007261397427505,0.823274161104598,0.5238665552222532,0.0088641785192262,0.1451726246177801,1.0537300304432182,,274261,15.6,,,14520485.0,14244147.0,0.0,,,
1d,S0,36,56,57,E,0,n13,274261,0.1377702261714206,0.3014682645270329,0.7519879771453919,0.7515163349304478,0.7520604090789577,0.9587113579754832,0.0,-0.064093065695015,0.0004716422149441,0.8265405702902634,0.5272376024789585,0.0080731508177037,0.1437035506310793,1.0430668122172937,14244147.0,274261,8.2,,,,,,0.7125951206464199,3.477999687194824,
7d,S0,36,56,57,oracle,0,n13,274261,0.191004189439986,0.3797025791269139,0.7785963469731527,0.7784463571007753,0.7784464697766483,1.022134337960229,0.0,0.0352782482654742,0.0001499898723774,0.8100122259498147,0.5551911216987889,0.006825674350217,0.1868679901911464,0.9783449815369668,14523358.0,274261,7.7,,,,,,,,
7d,S0,36,56,57,A,0,n13,274261,0.191004189439986,0.3807798181862667,0.7808052716487699,0.7806959132456124,0.7806928531056808,1.018853961570637,0.0,0.0301115018933687,0.0001093584031575,0.8082803546964064,0.5537737600357394,0.0063019617717729,0.1874696439767867,0.9814949322652956,12636518.0,274261,6.7,,,,,,,,
7d,S0,36,56,57,B_teacher,0,n13,274261,0.191004189439986,0.3516794322530539,0.7211336880761567,0.721070977993954,0.7210778830635921,1.0137204091121057,0.0,0.0236242555798503,6.271008220271046e-05,0.8461498631074142,0.6053360000507185,0.003715520620044,0.1884190036257455,0.9864652926104912,12636518.0,274261,32.6,,,,,,,,
7d,S0,36,56,57,B,0,n13,274261,0.191004189439986,0.3781653306133566,0.7754441532751333,0.7746421135493191,0.7751667238514972,1.0520765760714414,6.563091361877919e-05,0.0822423310451508,0.0008020397258141,0.812937883121493,0.5585447835081712,0.0108865295087758,0.1815497025446709,0.950501154330514,14523358.0,274261,22.8,12636518.0,,,,,,,
7d,S0,36,56,57,B_nofresh,0,n13,274261,0.191004189439986,0.3796227921207722,0.7784327403111684,0.7776751227995873,0.7781393762643942,1.050590974039188,4.010778054480951e-05,0.0798694369913247,0.000757617511581,0.810381131438555,0.5563364464213085,0.0103788673836084,0.1818064252975976,0.9518452230322504,12636518.0,274261,19.8,12636518.0,,,,,,,
7d,S0,36,56,57,C,0,n13,274261,0.191004189439986,0.3798217985869783,0.7788408115651704,0.778584926599631,0.7786948700817913,1.0290058412051233,0.0,0.0461984219717533,0.0002558849655394,0.8097892644735152,0.555173757771182,0.0071116403239817,0.1856201216664532,0.9718117817765224,14523358.0,274261,8.4,,0.1299175322055816,,,,,,
7d,S0,36,56,57,D,0,n13,274261,0.191004189439986,0.3804417038323451,0.7801119537328689,0.7799914370133878,0.7798094812186972,0.9807217067368244,0.0,-0.0313802199346821,0.0001205167194811,0.8092915839856639,0.5560195291785042,0.0078005554701414,0.1947588068337125,1.0196572515227798,,274261,6.7,,,14520485.0,14244147.0,3.281545650679618e-05,,,12636518.0
7d,S0,36,56,57,E,0,n13,274261,0.191004189439986,0.3800936686511603,0.7793982927371713,0.779393099838092,0.7793743739989335,1.0040783824067316,0.0,0.0065260788697797,5.192899079298208e-06,0.8096576972028844,0.5540667431468667,0.0047425619712727,0.1902283654211909,0.9959381832353008,12636518.0,274261,9.4,,,,,,0.7426607182474999,4.949392318725586,
1d,S1,64,56,57,oracle,0,n13,274261,0.1377702261714206,0.2983434719063367,0.7441934370284653,0.7435982396122505,0.7440360492526847,0.9542434910671796,0.0,-0.0726904314376113,0.0005951974162148,0.8312886023102357,0.5350881583325653,0.0082661953055819,0.144376385546361,1.0479505591195055,14523358.0,274261,7.5,,,,,,,,
1d,S1,64,56,57,A,0,n13,274261,0.1377702261714206,0.2986220458930846,0.74488831709854,0.7443661103520861,0.7447620898301192,0.957012966051592,0.0,-0.0680562779722202,0.0005222067464538,0.830935071179677,0.5342317345102957,0.0078362128598468,0.1439585784713324,1.044917922194683,14244147.0,274261,7.5,,,,,,,,
1d,S1,64,56,57,B_teacher,0,n13,274261,0.1377702261714206,0.2794796333467801,0.6971391315882116,0.6969784318304288,0.6970283822599067,0.9767235378032028,0.0,-0.0393605273724393,0.0001606997577827,0.8593496221233159,0.5764542092032847,0.0038966928735946,0.1410534515030593,1.0238311674654113,14244147.0,274261,0.0,,,,,,,,
1d,S1,64,56,57,B,0,n13,274261,0.1377702261714206,0.2970468148871608,0.7409590319396536,0.7408058609025688,0.7407731701044289,0.9766475735726988,0.0,-0.0374003382927935,0.0001531710370847,0.8335970983253301,0.5364725632125167,0.0043702732890581,0.1410644227246067,1.023910801663977,14523358.0,274261,22.1,14244147.0,,,,,,,
1d,S1,64,56,57,B_nofresh,0,n13,274261,0.1377702261714206,0.297280447447425,0.7415418092899131,0.7413714372159786,0.7413417777731406,0.9753876961623784,0.0,-0.0394266741467169,0.0001703720739344,0.8331921888647883,0.5359945120902736,0.0043172875510767,0.1412466311739134,1.0252333548336294,14244147.0,274261,22.1,14244147.0,,,,,,,
1d,S1,64,56,57,C,0,n13,274261,0.1377702261714206,0.2983235607180933,0.7441437701947332,0.7435598833227974,0.7439717064003559,0.9546831344194412,0.0,-0.0720302582482295,0.0005838868719357,0.831282641589957,0.5351369788060876,0.0082154155994388,0.1443098984410162,1.047467964968415,14523358.0,274261,8.2,,0.0192249603569507,,,,,,
1d,S1,64,56,57,D,0,n13,274261,0.1377702261714206,0.2985378600379563,0.7446783223549756,0.7437056120636019,0.7442014573360417,0.9420433830260644,0.0,-0.0927603628441304,0.0009727102913736,0.8310729814898004,0.5362867686929353,0.0097993075769102,0.1462461587797266,1.061522237742136,,274261,15.0,,,14520485.0,14244147.0,3.281545650679618e-05,,,
1d,S1,64,56,57,E,0,n13,274261,0.1377702261714206,0.2978441233650886,0.7429478528539162,0.7425633325928177,0.7428909454076479,0.9629673664071042,0.0,-0.0584839011784235,0.0003845202610984,0.8317132873322701,0.5366441648284145,0.0079107538660475,0.14306842679981,1.038456789798669,14244147.0,274261,7.4,,,,,,0.7125951206464199,3.477999687194824,
7d,S1,64,56,57,oracle,0,n13,274261,0.191004189439986,0.3740607963517033,0.7670276305601764,0.7668680459589432,0.7669786391981923,1.0226948243755627,0.0,0.0366259170417481,0.0001595846012332,0.8186229917281087,0.564484967021573,0.0065382482554254,0.1867655774601278,0.9778088009886824,14523358.0,274261,7.9,,,,,,,,
7d,S1,64,56,57,A,0,n13,274261,0.191004189439986,0.3756508183289907,0.7702880384983305,0.7702714296076677,0.7702978923284758,1.0072363091121086,0.0,0.011795872316959,1.6608890662794806e-05,0.8160733392177366,0.5620826654221518,0.0044572998776871,0.189631954003285,0.9928156788564468,12636518.0,274261,6.9,,,,,,,,
7d,S1,64,56,57,B_teacher,0,n13,274261,0.191004189439986,0.3516794322530539,0.7211336880761567,0.721070977993954,0.7210778830635921,1.0137204091121057,0.0,0.0236242555798503,6.271008220271046e-05,0.8461498631074142,0.6053360000507185,0.003715520620044,0.1884190036257455,0.9864652926104912,12636518.0,274261,0.0,,,,,,,,
7d,S1,64,56,57,B,0,n13,274261,0.191004189439986,0.3719006569151742,0.7625981724350789,0.7621858135264519,0.7627572510125705,1.036817171262408,0.0001166771797667,0.0590466310140668,0.000412358908627,0.8217194088494867,0.5689956249940606,0.0091632984585339,0.1842216687127424,0.9644901991567326,14523358.0,274261,22.2,12636518.0,,,,,,,
7d,S1,64,56,57,B_nofresh,0,n13,274261,0.191004189439986,0.3735668757615946,0.7660148253060278,0.7655085366854327,0.766355455698169,1.04094019210043,0.0001422003128406,0.0654233408879886,0.000506288620595,0.8194426485807257,0.5659182736787004,0.0096521003017267,0.1834919920370967,0.9606699862190736,12636518.0,274261,19.6,12636518.0,,,,,,,
7d,S1,64,56,57,C,0,n13,274261,0.191004189439986,0.3742266618308199,0.7673677448054524,0.7671236438366246,0.767428508235722,1.0281276935930768,1.458464747083982e-05,0.0454128516810889,0.0002441009688278,0.8183864168688264,0.5644856344355128,0.0072531865240399,0.1857786641000487,0.9726418286674324,14523358.0,274261,8.1,,0.1299175322055816,,,,,,
7d,S1,64,56,57,D,0,n13,274261,0.191004189439986,0.3751071240482836,0.7691731701669062,0.7690253192617159,0.7675802752305108,0.9789048870996756,0.0,-0.0351261269421783,0.0001478509051903,0.8179329785851216,0.567562239722437,0.0084923847958155,0.1951202736415977,1.0215497063895815,,274261,6.5,,,14520485.0,14244147.0,0.0004849395190831,,,12636518.0
7d,S1,64,56,57,E,0,n13,274261,0.191004189439986,0.375682002858245,0.7703519837067495,0.7703320102357935,0.7703272006527072,0.9921348914764468,0.0,-0.012877034506233,1.9973470956058392e-05,0.8161713354340683,0.5623583354195292,0.0051813379850571,0.192518367291511,1.0079274588477063,12636518.0,274261,6.7,,,,,,0.7426607182474999,4.949392318725586,
1d,S2,160,56,57,oracle,0,n13,274261,0.1377702261714206,0.2917361699125242,0.7277120615559561,0.7271189182873676,0.7276062263372312,0.954752307444988,0.0,-0.073278019925645,0.0005931432685885,0.8419889948498629,0.5503941472647663,0.0085024677903043,0.1442994430043405,1.0473920745749223,14523358.0,274261,7.6,,,,,,,,
1d,S2,160,56,57,A,0,n13,274261,0.1377702261714206,0.2920311617086109,0.728447894511248,0.7278644009992871,0.7283451169883434,0.9550777883638022,0.0,-0.0726297867030256,0.0005834935119609,0.8416023715681479,0.5496848332258093,0.0084519982022146,0.1442502672033056,1.0470351338744424,14244147.0,274261,7.4,,,,,,,,
1d,S2,160,56,57,B_teacher,0,n13,274261,0.1377702261714206,0.2794796333467801,0.6971391315882116,0.6969784318304288,0.6970283822599067,0.9767235378032028,0.0,-0.0393605273724393,0.0001606997577827,0.8593496221233159,0.5764542092032847,0.0038966928735946,0.1410534515030593,1.0238311674654113,14244147.0,274261,0.0,,,,,,,,
1d,S2,160,56,57,B,0,n13,274261,0.1377702261714206,0.290816109353308,0.725417045595116,0.7252466365261411,0.725262060768211,0.9756074140740628,0.0,-0.0397924646433144,0.0001704090689749,0.8433203600358539,0.551447140749685,0.0059077638807554,0.1412148208223455,1.0250024605943444,14523358.0,274261,22.4,14244147.0,,,,,,,
1d,S2,160,56,57,B_nofresh,0,n13,274261,0.1377702261714206,0.2909952555127783,0.7258639110662951,0.7256855543347487,0.7257046332314468,0.9750481028870353,0.0,-0.040694502646559,0.0001783567315464,0.843032410650028,0.5510936597116279,0.0059113866820099,0.1412958250608299,1.0255904268098,14244147.0,274261,22.1,14244147.0,,,,,,,
1d,S2,160,56,57,C,0,n13,274261,0.1377702261714206,0.2917274327704481,0.727690267468256,0.7271061526199851,0.7275653673604104,0.9551086781919486,0.0,-0.0727596817255064,0.0005841148482709,0.8419654378590415,0.5504018105736408,0.0084259279613662,0.144245601905978,1.0470012709894252,14523358.0,274261,8.2,,0.0192249603569507,,,,,,
1d,S2,160,56,57,D,0,n13,274261,0.1377702261714206,0.2922440201880723,0.7289788526127238,0.728671507766105,0.7289621113121559,0.967067516322444,0.0,-0.0527593439330373,0.0003073448466187,0.8411888034760536,0.5505791071450125,0.008126840389244,0.1424618486776725,1.0340539653351106,,274261,15.5,,,14520485.0,14244147.0,1.823080856411252e-05,,,
1d,S2,160,56,57,E,0,n13,274261,0.1377702261714206,0.2912732208200166,0.7265572728350196,0.7259748555922879,0.7264386566502058,0.9552127013472692,0.0,-0.0727244500366929,0.0005824172427316,0.8421507144661985,0.5524379329314814,0.00863364037044,0.1442298934856123,1.0468872520115793,14244147.0,274261,7.6,,,,,,0.7125951206464199,3.477999687194824,
7d,S2,160,56,57,oracle,0,n13,274261,0.191004189439986,0.3668104412217421,0.7521604678681921,0.7521433546068217,0.7521396340537942,0.9928116817245484,0.0,-0.0120788830808214,1.7113261370438337e-05,0.8282590966952722,0.5784180697898844,0.0062966054435674,0.1923871293579112,1.007240364318604,14523358.0,274261,7.6,,,,,,,,
7d,S2,160,56,57,A,0,n13,274261,0.191004189439986,0.3690065783099274,0.7566637407146528,0.7566603759305607,0.756655865683082,0.99680000601553,0.0,-0.0053535757013026,3.364784092130257e-06,0.8249826630864447,0.5754531596068316,0.0063861589506419,0.1916173638516312,1.0032102668189793,12636518.0,274261,6.7,,,,,,,,
7d,S2,160,56,57,B_teacher,0,n13,274261,0.191004189439986,0.3516794322530539,0.7211336880761567,0.721070977993954,0.7210778830635921,1.0137204091121057,0.0,0.0236242555798503,6.271008220271046e-05,0.8461498631074142,0.6053360000507185,0.003715520620044,0.1884190036257455,0.9864652926104912,12636518.0,274261,0.0,,,,,,,,
7d,S2,160,56,57,B,0,n13,274261,0.191004189439986,0.3648795455911056,0.7482010839528738,0.7480696880734962,0.7481656859828641,1.0203493956256888,0.0,0.0335654954847962,0.0001313958793776,0.8309682783810967,0.5815560228437603,0.0066398262941564,0.1871948866327894,0.9800564436918098,14523358.0,274261,22.0,12636518.0,,,,,,,
7d,S2,160,56,57,B_nofresh,0,n13,274261,0.191004189439986,0.3666800816485173,0.751893159998598,0.751733492355465,0.7518633295702895,1.022483231874926,0.0,0.0369848825171584,0.0001596676431329,0.828550809205698,0.5785142864559428,0.0067891733007369,0.1868042266959644,0.9780111485704284,12636518.0,274261,19.6,12636518.0,,,,,,,
7d,S2,160,56,57,C,0,n13,274261,0.191004189439986,0.3669465115158367,0.752439485814705,0.7524365873766895,0.7524189252647903,0.9970410694009748,0.0,-0.0049883393076103,2.898438015486171e-06,0.8279894412757652,0.5784589761568766,0.0062614734655195,0.1915710348368516,1.0029677118524345,14523358.0,274261,7.9,,0.1299175322055816,,,,,,
7d,S2,160,56,57,D,0,n13,274261,0.191004189439986,0.3701824934619977,0.7590750049306019,0.7590589931163424,0.7592743986443313,1.0070438004379645,0.0002406466832688,0.0116804341586976,1.601181425947562e-05,0.8244136321867758,0.5756492499524881,0.0115938422421865,0.1896682044583543,0.9930054676520512,,274261,6.8,,,14520485.0,14244147.0,0.0001932465675054,,,12636518.0
7d,S2,160,56,57,E,0,n13,274261,0.191004189439986,0.3700440467622921,0.7587911140629413,0.7587110806921505,0.7586661728321585,0.984578050879656,0.0,-0.0261373623253951,8.003337079076633e-05,0.8232952246510439,0.574887665017566,0.008481514054273,0.1939959856603915,1.015663510989876,12636518.0,274261,7.1,,,,,,0.7426607182474999,4.949392318725586,
1d,S3,896,56,57,oracle,0,n13,274261,0.1377702261714206,0.2846509461671804,0.710038549286787,0.709455893321164,0.7100188129140445,0.9555898744248192,0.0,-0.0733840285874932,0.000582655965623,0.8525239651888876,0.5659975034273994,0.0078667618180968,0.1441729656819,1.046474043691507,14523358.0,274261,8.4,,,,,,,,
1d,S3,896,56,57,A,0,n13,274261,0.1377702261714206,0.2846643526684215,0.7100719907097665,0.7097471652015396,0.7101172157204504,0.966552650862203,0.0,-0.0548635335936808,0.0003248255082268,0.8524655294704007,0.5655885508558107,0.0070073055901083,0.1425377355786301,1.0346047875487805,14244147.0,274261,7.5,,,,,,,,
1d,S3,896,56,57,B_teacher,0,n13,274261,0.1377702261714206,0.2794796333467801,0.6971391315882116,0.6969784318304288,0.6970283822599067,0.9767235378032028,0.0,-0.0393605273724393,0.0001606997577827,0.8593496221233159,0.5764542092032847,0.0038966928735946,0.1410534515030593,1.0238311674654113,14244147.0,274261,0.0,,,,,,,,
1d,S3,896,56,57,B,0,n13,274261,0.1377702261714206,0.2827541822457156,0.705307226516669,0.7051747553493856,0.7051804344805985,0.9787521863893184,0.0,-0.0356096179102272,0.0001324711672834,0.8550903119769401,0.5689768335627463,0.0034577242295868,0.140761091609577,1.0217090841851053,14523358.0,274261,21.9,14244147.0,,,,,,,
1d,S3,896,56,57,B_nofresh,0,n13,274261,0.1377702261714206,0.2828577435030051,0.7055655516193193,0.7054122141211843,0.7054222921697947,0.97716460670492,0.0,-0.0382989840159798,0.000153337498135,0.8549495487514105,0.5687535264404506,0.0036858288656502,0.1409897833242172,1.0233690343862156,14244147.0,274261,22.4,14244147.0,,,,,,,
1d,S3,896,56,57,C,0,n13,274261,0.1377702261714206,0.2846681750772192,0.7100815253964907,0.7094590717887619,0.7100282136687094,0.9541681844628206,0.0,-0.0758666328964287,0.0006224536077288,0.8524829265858148,0.5659634249325538,0.007780112161991,0.1443877802831822,1.0480332673877424,14523358.0,274261,8.4,,0.0192249603569507,,,,,,
1d,S3,896,56,57,D,0,n13,274261,0.1377702261714206,0.2851495263862093,0.7112822169442782,0.7104245928391872,0.7111458670352562,0.946407324908806,0.0,-0.088766334630249,0.0008576241050909,0.8522740577901469,0.5652493189127217,0.0087783149351782,0.1455718088241719,1.0566274939771396,,274261,15.2,,,14520485.0,14244147.0,3.64616175829724e-06,,,
1d,S3,896,56,57,E,0,n13,274261,0.1377702261714206,0.2847027175888255,0.7101676888720032,0.7099140243578093,0.7101739170137519,0.9704221384325412,0.0,-0.0486189853978826,0.0002536645141939,0.8522328568524216,0.5654151173966576,0.0063537449242949,0.14196937674356,1.0304793763415516,14244147.0,274261,7.7,,,,,,0.7125951206464199,3.477999687194824,
7d,S3,896,56,57,oracle,0,n13,274261,0.191004189439986,0.3578672925242196,0.7338221597051565,0.733710703751066,0.7338039518583772,0.9819974465305236,0.0,-0.031107608078631,0.0001114559540905,0.8393883507576485,0.5937204584576352,0.0047280766414571,0.1945057903305342,1.0183325868443762,14523358.0,274261,7.6,,,,,,,,
7d,S3,896,56,57,A,0,n13,274261,0.191004189439986,0.3597543799021643,0.7376917129282748,0.7376710506711586,0.7376854950608824,0.9921936829460198,0.0,-0.0134217262394844,2.0662257116277335e-05,0.8368707885274108,0.5908720575349622,0.0045710325807405,0.1925069598033084,1.0078677350885783,12636518.0,274261,6.7,,,,,,,,
7d,S3,896,56,57,B_teacher,0,n13,274261,0.191004189439986,0.3516794322530539,0.7211336880761567,0.721070977993954,0.7210778830635921,1.0137204091121057,0.0,0.0236242555798503,6.271008220271046e-05,0.8461498631074142,0.6053360000507185,0.003715520620044,0.1884190036257455,0.9864652926104912,12636518.0,274261,0.0,,,,,,,,
7d,S3,896,56,57,B,0,n13,274261,0.191004189439986,0.357104024715085,0.7322570464806932,0.7320168485173103,0.7322050792688549,1.027187376424308,0.0,0.046202564622099,0.0002401979633829,0.8399157577588923,0.5961839494323147,0.0063234043715544,0.1859487312868674,0.9735322132569924,14523358.0,274261,22.5,12636518.0,,,,,,,
7d,S3,896,56,57,B_nofresh,0,n13,274261,0.191004189439986,0.3576275484356717,0.7333305542175641,0.7330986347453979,0.7333021282536827,1.0267114257443926,0.0,0.0453860270012562,0.0002319194721661,0.8393608794329378,0.5952663425613706,0.0060513478867122,0.1860349311896504,0.9739835117496368,12636518.0,274261,19.3,12636518.0,,,,,,,
7d,S3,896,56,57,C,0,n13,274261,0.191004189439986,0.3580815886858268,0.7342615831322542,0.7342069866902927,0.734204633549531,0.9873887354285342,0.0,-0.0218584601781061,5.459644196148528e-05,0.8390588575561382,0.5932979084929897,0.0042801460297469,0.1934437598754747,1.0127723399295137,14523358.0,274261,8.1,,0.1299175322055816,,,,,,
7d,S3,896,56,57,D,0,n13,274261,0.191004189439986,0.3599949325951045,0.738184976493691,0.7380970897183254,0.7378916995257633,0.9839942608546914,0.0,-0.0276410300391688,8.788677536553102e-05,0.8370603117467457,0.5903363615893733,0.0055952889857346,0.194111080763907,1.016266089937767,,274261,6.6,,,14520485.0,14244147.0,8.021555549930781e-05,,,12636518.0
7d,S3,896,56,57,E,0,n13,274261,0.191004189439986,0.3596880760318425,0.7375557540118477,0.7373648158773971,0.7373863285751882,0.976647929855648,0.0,-0.0408834486135779,0.0001909381344505,0.8373164473909797,0.5903008273503068,0.0065619627127023,0.1955711813859239,1.0239104281394458,12636518.0,274261,6.8,,,,,,0.7426607182474999,4.949392318725586,
1d,S4,131072,56,57,oracle,0,n13,274261,0.1377702261714206,0.281917231989608,0.7032195224226774,0.702740628318067,0.7032305024342009,0.9597760229035214,0.0,-0.0668445555996799,0.0004788941046103,0.8565388048323677,0.570851225272109,0.007563739813716,0.1435441424704872,1.041909754084909,14523358.0,274261,8.0,,,,,,,,
1d,S4,131072,56,57,A,0,n13,274261,0.1377702261714206,0.2820238946664734,0.7034855837632923,0.703197817043195,0.7035354427078264,0.9685990705779228,0.0,-0.0518659883444722,0.0002877667200973,0.856341509193604,0.5702674269957596,0.0066856813965736,0.1422365872075624,1.0324189134347832,14244147.0,274261,8.0,,,,,,,,
1d,S4,131072,56,57,B_teacher,0,n13,274261,0.1377702261714206,0.2794796333467801,0.6971391315882116,0.6969784318304288,0.6970283822599067,0.9767235378032028,0.0,-0.0393605273724393,0.0001606997577827,0.8593496221233159,0.5764542092032847,0.0038966928735946,0.1410534515030593,1.0238311674654113,14244147.0,274261,0.0,,,,,,,,
1d,S4,131072,56,57,B,0,n13,274261,0.1377702261714206,0.2809839552009482,0.7008915396563253,0.7006543183166976,0.700701934500105,0.971801056433186,0.0,-0.0477501770734574,0.0002372213396277,0.8575180363311914,0.5730064889682862,0.004217168127993,0.1417679320879527,1.029017197892656,14523358.0,274261,22.9,14244147.0,,,,,,,
1d,S4,131072,56,57,B_nofresh,0,n13,274261,0.1377702261714206,0.281044265153146,0.7010419779090088,0.7007900889159521,0.7008406541588273,0.9709610399327432,0.0,-0.0491988429893767,0.0002518889930567,0.8574582498943851,0.5728783523776788,0.0043657896851698,0.1418905810896014,1.02990744105373,14244147.0,274261,22.2,14244147.0,,,,,,,
1d,S4,131072,56,57,C,0,n13,274261,0.1377702261714206,0.2819188300953605,0.7032235087670244,0.7027403175070448,0.7032096972096497,0.9596240417449988,0.0,-0.0671817955518028,0.0004831912599796,0.8565088717997262,0.5707803326924384,0.0074049907261743,0.1435668763788958,1.0420747673032251,14523358.0,274261,8.5,,0.0192249603569507,,,,,,
1d,S4,131072,56,57,D,0,n13,274261,0.1377702261714206,0.2828478484884231,0.7055408693131703,0.704687142782375,0.7055573012775078,0.9465366520250944,0.0,-0.0885822824941795,0.0008537265307952,0.8556768261814081,0.5701870555521954,0.0096968591846968,0.1455519190690231,1.056483124938186,,274261,15.5,,,14520485.0,14244147.0,0.0,,,
1d,S4,131072,56,57,E,0,n13,274261,0.1377702261714206,0.2821450160299217,0.7037877111173324,0.7035784321025453,0.7038089167732344,0.9731741722638098,0.0,-0.0443353410859164,0.000209279014787,0.8560661054617271,0.5700205854537094,0.0060236883110244,0.1415679023323624,1.0275652894422669,14244147.0,274261,7.7,,,,,,0.7125951206464199,3.477999687194824,
7d,S4,131072,56,57,oracle,0,n13,274261,0.191004189439986,0.3529777239526339,0.7237958906266974,0.723598286675204,0.7237631619964725,0.9762536045180592,0.0,-0.0415927069892491,0.0001976039514933,0.8452809518223953,0.6013818730893258,0.005377010515804,0.1956501758928489,1.024324002873888,14523358.0,274261,8.4,,,,,,,,
7d,S4,131072,56,57,A,0,n13,274261,0.191004189439986,0.3544173707274416,0.7267479477930573,0.7266209459133706,0.7267348218771675,0.9808730723300316,0.0,-0.0333282187159479,0.0001270018796867,0.84338383185923,0.5994507549695188,0.0046321950281005,0.1947287521985508,1.0194999008633532,12636518.0,274261,7.1,,,,,,,,
7d,S4,131072,56,57,B_teacher,0,n13,274261,0.191004189439986,0.3516794322530539,0.7211336880761567,0.721070977993954,0.7210778830635921,1.0137204091121057,0.0,0.0236242555798503,6.271008220271046e-05,0.8461498631074142,0.6053360000507185,0.003715520620044,0.1884190036257455,0.9864652926104912,12636518.0,274261,0.0,,,,,,,,
7d,S4,131072,56,57,B,0,n13,274261,0.191004189439986,0.3538562684242617,0.7255973835684514,0.7255540395624209,0.7255698402215779,1.0113983766666146,0.0,0.0196149764641069,4.334400603045463e-05,0.8436742493052722,0.6013635158171831,0.0038295811918212,0.1888515879069345,0.988730082102582,14523358.0,274261,22.6,12636518.0,,,,,,,
7d,S4,131072,56,57,B_nofresh,0,n13,274261,0.191004189439986,0.3540445800300693,0.7259835245546715,0.7259427247406746,0.7259594956353778,1.0110581765412927,0.0,0.0190259690382386,4.07998139969612e-05,0.8435333205753826,0.600848392449729,0.0037819455740827,0.1889151325528943,0.9890627692868066,12636518.0,274261,20.1,12636518.0,,,,,,,
7d,S4,131072,56,57,C,0,n13,274261,0.191004189439986,0.3532089538578609,0.7242700374179429,0.7241903532633753,0.7241951791565528,0.984876321830168,0.0,-0.0265424021369209,7.968415456760525e-05,0.8448956516488062,0.6008760959283832,0.0038514950391173,0.1939372337483434,1.0153559161029764,14523358.0,274261,8.4,,0.1299175322055816,,,,,,
7d,S4,131072,56,57,D,0,n13,274261,0.191004189439986,0.3547308602233875,0.7273907713865109,0.7271908405572031,0.7271800336476015,0.9759976804015994,0.0,-0.0416275773651394,0.0001999308293078,0.8437281859299238,0.599111863201829,0.0068611672866405,0.1957014788819912,1.02459259901983,,274261,7.1,,,14520485.0,14244147.0,1.0938485502265394e-05,,,12636518.0
7d,S4,131072,56,57,E,0,n13,274261,0.191004189439986,0.3549996273011809,0.727941889752464,0.7274650834643187,0.727685311192545,0.9635586804955252,0.0,-0.0646394399326309,0.0004768062881452,0.8429427494490553,0.5985235305479794,0.0074417699867081,0.1982278747587631,1.037819512440835,12636518.0,274261,7.0,,,,,,0.7426607182474999,4.949392318725586,
1d,S0,36,57,58,oracle,0,n13,252368,0.1349457934444937,0.3055870351217951,0.7723056670200735,0.7720352843211972,0.772338827094097,0.9680411823816568,0.0,-0.0482375210153572,0.0002703826988763,0.8144859168407208,0.5008747674342274,0.0050615742120867,0.1394008807688209,1.0330139029206542,14800241.0,252368,7.6,,,,,,,,
1d,S0,36,57,58,A,0,n13,252368,0.1349457934444937,0.3057360544637088,0.7726822814343914,0.7725251746254544,0.772769664862251,0.9754567675507936,0.0,-0.0367397138292443,0.0001571068089369,0.8142645171273044,0.5004062518035158,0.0050052036908421,0.1383411320045682,1.0251607588010594,14523358.0,252368,7.4,,,,,,,,
1d,S0,36,57,58,B_teacher,0,n13,252368,0.1349457934444937,0.2837734712152275,0.7171765643857546,0.7168613295302425,0.7168144268088518,0.9671775838278114,0.0,-0.0547053344215681,0.0003152348555121,0.8496180850975756,0.5522885746445624,0.0054295573083429,0.1395253526352596,1.0339362871110875,14523358.0,252368,37.9,,,,,,,,
1d,S0,36,57,58,B,0,n13,252368,0.1349457934444937,0.3051637869006778,0.77123599794987,0.771166551123938,0.7711428034670027,0.983811581627823,0.0,-0.0248056807816885,6.944682593201801e-05,0.8151854758180118,0.5011766242811873,0.0049750659185866,0.1371662988772822,1.0164547954857286,14800241.0,252368,23.3,14523358.0,,,,,,,
1d,S0,36,57,58,B_nofresh,0,n13,252368,0.1349457934444937,0.3053957367431551,0.7718222014114736,0.7716256736064729,0.7716075096189484,0.9729925973749624,0.0,-0.0416752176301603,0.0001965278050006,0.8147105399619099,0.5009002262278344,0.0057238102293639,0.1386914903654602,1.0277570484070495,14523358.0,252368,23.0,14523358.0,,,,,,,
1d,S0,36,57,58,C,0,n13,252368,0.1349457934444937,0.3055627284891161,0.7722442372210092,0.7719858429292634,0.7722754256142331,0.9687478059035493,0.0,-0.0471710295600011,0.0002583942917457,0.814496892943993,0.5009408274133995,0.0049489081864412,0.1392991990507065,1.0322604024556234,14800241.0,252368,8.9,,0.0187078714370727,,,,,,
1d,S0,36,57,58,D,0,n13,252368,0.1349457934444937,0.3063990584933642,0.7743578818706337,0.7738213806358583,0.7742991365490675,0.9553074447894216,0.0,-0.0676652501118301,0.0005365012347754,0.8128028164663645,0.5005981563238765,0.006836814630375,0.1412590199945943,1.0467834260628317,,252368,15.9,,,14797143.0,14523358.0,0.0,,,
1d,S0,36,57,58,E,0,n13,252368,0.1349457934444937,0.3053504857152395,0.7717078391471066,0.7709260934152252,0.7715724459285337,0.9465332744956424,0.0,-0.0817571418608975,0.0007817457318813,0.8143137780826948,0.5030228669890666,0.0082405044281604,0.1425684622829548,1.0564868948034047,14523358.0,252368,8.7,,,,,,0.7126665860441463,3.2365665435791016,
7d,S0,36,57,58,oracle,0,n13,252368,0.1886808153173144,0.3829822574093185,0.7907881951849548,0.7907014493086741,0.7907012541199637,1.0169407650655469,0.0,0.0266793683631144,8.674587628065833e-05,0.8014538605848791,0.540640456534199,0.0058904195136349,0.1855376653183462,0.9833414436243444,14800241.0,252368,7.9,,,,,,,,
7d,S0,36,57,58,A,0,n13,252368,0.1886808153173144,0.3841558034804698,0.7932113528159369,0.7931510397648733,0.7931408386882208,1.014113806845978,0.0,0.0222108738720367,6.031305106357632e-05,0.7994609051850848,0.5389441551957271,0.0058436349057278,0.1860548727801424,0.9860826203620344,12908944.0,252368,7.3,,,,,,,,
7d,S0,36,57,58,B_teacher,0,n13,252368,0.1886808153173144,0.356180054745992,0.7354465571297459,0.735149398761618,0.7352887460954798,1.0306486959621022,0.0,0.0511254016476011,0.0002971583681279,0.8384997257608804,0.5893935298459572,0.0059538818517758,0.1830699597802162,0.9702627131027494,12908944.0,252368,32.7,,,,,,,,
7d,S0,36,57,58,B,0,n13,252368,0.1886808153173144,0.3820661213086138,0.7888965419827392,0.7879410686432999,0.7887100792229729,1.05779548216958,0.0001030241552019,0.089170929991262,0.0009554733394392,0.8037533834647341,0.5423833831683168,0.0106546510719531,0.178371734893708,0.9453623284048832,14800241.0,252368,23.4,12908944.0,,,,,,,
7d,S0,36,57,58,B_nofresh,0,n13,252368,0.1886808153173144,0.3835929844651911,0.7920492346637313,0.790840638738163,0.791748509279074,1.065338707871609,0.0001505737652951,0.1003985289549113,0.0012085959255683,0.8011730271113421,0.5404355532891848,0.0118098576099114,0.1771087579219487,0.938668606154238,12908944.0,252368,19.8,12908944.0,,,,,,,
7d,S0,36,57,58,C,0,n13,252368,0.1886808153173144,0.3830344382122639,0.7908959389829668,0.7907295663942115,0.790813674958748,1.0235275407009148,0.0,0.0370531122202273,0.0001663725887552,0.8013503152535086,0.5407187465438452,0.0059974795533245,0.1843436622996047,0.977013280282812,14800241.0,252368,8.2,,0.1277882605791092,,,,,,
7d,S0,36,57,58,D,0,n13,252368,0.1886808153173144,0.383574817944926,0.7920117241276807,0.7919594493725703,0.7917947893089654,0.9871020747281728,0.0,-0.0205692905201679,5.227475511038193e-05,0.8014657612436152,0.5406332342037502,0.0082488525236523,0.1911462047825936,1.0130664554376294,,252368,7.0,,,14797143.0,14523358.0,3.169973933836445e-05,,,12908944.0
7d,S0,36,57,58,E,0,n13,252368,0.1886808153173144,0.383248156370565,0.7913372278244509,0.7912888627601539,0.791378356559256,0.9875600265294936,0.0,-0.0197386505899171,4.836506429706233e-05,0.8011018957334171,0.5402588217626486,0.0060993488487943,0.1910575663743508,1.0125966757830642,12908944.0,252368,9.3,,,,,,0.7423977993179998,4.950486660003662,
1d,S1,64,57,58,oracle,0,n13,252368,0.1349457934444937,0.3016446265769178,0.7623420752737693,0.7616404888226476,0.7619263493132481,0.9497844715874216,0.0,-0.0783561983051405,0.0007015864511217,0.8210697080828983,0.5101114052473735,0.0071346442562324,0.1420804377007261,1.052870445785085,14800241.0,252368,7.6,,,,,,,,
1d,S1,64,57,58,A,0,n13,252368,0.1349457934444937,0.3017472447761239,0.7626014207553428,0.7619906489425443,0.7622797962497728,0.952960499227017,0.0,-0.0730306414482269,0.0006107718127984,0.8209145491940885,0.5097405736674295,0.0066611184411022,0.141606911885596,1.0493614381825256,14523358.0,252368,7.5,,,,,,,,
1d,S1,64,57,58,B_teacher,0,n13,252368,0.1349457934444937,0.2837734712152275,0.7171765643857546,0.7168613295302425,0.7168144268088518,0.9671775838278114,0.0,-0.0547053344215681,0.0003152348555121,0.8496180850975756,0.5522885746445624,0.0054295573083429,0.1395253526352596,1.0339362871110875,14523358.0,252368,0.0,,,,,,,,
1d,S1,64,57,58,B,0,n13,252368,0.1349457934444937,0.3008500618089282,0.7603339832979815,0.7599798581110181,0.7598614034498518,0.9642937619435205,0.0,-0.056359116579594,0.0003541251869634,0.822670848316211,0.5111309417589435,0.005195981065651,0.139942617872496,1.0370283822893496,14800241.0,252368,22.2,14523358.0,,,,,,,
1d,S1,64,57,58,B_nofresh,0,n13,252368,0.1349457934444937,0.3010921630146968,0.7609458421523108,0.7604082033141223,0.760310655039338,0.9562535902279032,0.0,-0.0693345523452227,0.0005376388381884,0.8223408849741617,0.5107225248966676,0.0062331755932998,0.1411192541638795,1.0457477077410715,14523358.0,252368,22.2,14523358.0,,,,,,,
1d,S1,64,57,58,C,0,n13,252368,0.1349457934444937,0.301631772127809,0.7623095884115921,0.761626699979507,0.7618876173459214,0.9504518199892408,0.0,-0.0773427736144196,0.000682888432085,0.8210535462548689,0.5101585664205568,0.0070575088081355,0.1419806776171162,1.0521311853675237,14800241.0,252368,8.2,,0.0187078714370727,,,,,,
1d,S1,64,57,58,D,0,n13,252368,0.1349457934444937,0.3017388679159298,0.7625802500384726,0.7618197224514117,0.7619622606265765,0.9477170314884008,0.0,-0.0814352040405221,0.0007605275870609,0.8213157041777519,0.51117457721873,0.0076472391132101,0.1423903854851693,1.0551672775464298,,252368,15.0,,,14797143.0,14523358.0,7.924934834591113e-06,,,
1d,S1,64,57,58,E,0,n13,252368,0.1349457934444937,0.3017969783908188,0.7627271117960475,0.7618332637198559,0.7622953233007872,0.9434642036076204,0.0,-0.0881581671693165,0.0008938480761915,0.8205629220177912,0.5109107237313015,0.0080864413011253,0.1430322347456191,1.0599236263296454,14523358.0,252368,7.7,,,,,,0.7126665860441463,3.2365665435791016,
7d,S1,64,57,58,oracle,0,n13,252368,0.1886808153173144,0.3773926191487924,0.7792466162573075,0.7791726875280152,0.7792473705706988,1.0155377759068644,0.0,0.0247605512105573,7.392872929234962e-05,0.8105935049021545,0.5490813005493675,0.0047478485122944,0.1857939899368336,0.9846999527979258,14800241.0,252368,7.9,,,,,,,,
7d,S1,64,57,58,A,0,n13,252368,0.1886808153173144,0.3787257089183742,0.7819992023954699,0.7819977049667313,0.7820052863102895,1.0021903012870257,0.0,0.0035172419984013,1.497428738672646e-06,0.8084910503543093,0.5470654565537868,0.0031315993751471,0.1882684506874673,0.9978144856478728,12908944.0,252368,6.7,,,,,,,,
7d,S1,64,57,58,B_teacher,0,n13,252368,0.1886808153173144,0.356180054745992,0.7354465571297459,0.735149398761618,0.7352887460954798,1.0306486959621022,0.0,0.0511254016476011,0.0002971583681279,0.8384997257608804,0.5893935298459572,0.0059538818517758,0.1830699597802162,0.9702627131027494,12908944.0,252368,0.0,,,,,,,,
7d,S1,64,57,58,B,0,n13,252368,0.1886808153173144,0.3756250668161984,0.7755969445246217,0.775187247715234,0.7757993170996609,1.0371473116442336,0.000134723895264,0.0584679220407196,0.0004096968093877,0.8134155101585935,0.5528530792472127,0.0078616514446064,0.1819228697784413,0.9641831866821866,14800241.0,252368,22.4,12908944.0,,,,,,,
7d,S1,64,57,58,B_nofresh,0,n13,252368,0.1886808153173144,0.3771427046954811,0.7787305886981679,0.7780508181135319,0.7793696224452343,1.0483050666755187,0.000253597920497,0.0753080927330536,0.0006797705846359,0.8113818063338291,0.5501101798148228,0.0095021104924257,0.1799865528797607,0.953920792514427,12908944.0,252368,19.6,12908944.0,,,,,,,
7d,S1,64,57,58,C,0,n13,252368,0.1886808153173144,0.3775940250126736,0.7796624824665559,0.7795401457424365,0.7797509689233605,1.0200103025692897,0.0,0.0319382796273288,0.0001223367241194,0.8102646958563811,0.5489415918036169,0.0053683454861174,0.1849793230931579,0.9803822544547972,14800241.0,252368,8.0,,0.1277882605791092,,,,,,
7d,S1,64,57,58,D,0,n13,252368,0.1886808153173144,0.3785165289072555,0.7815672839964812,0.7814689742377345,0.7801406448878772,0.9825418490062936,0.0,-0.0284641166498036,9.830975874669524e-05,0.810485137797253,0.5505173438839185,0.0083660359699733,0.1920333627602113,1.017768353593654,,252368,6.7,,,14797143.0,14523358.0,0.0004992709145881,,,12908944.0
7d,S1,64,57,58,E,0,n13,252368,0.1886808153173144,0.3789097108112462,0.7823791325931745,0.7821322758078295,0.7821689067964654,0.9724577429694056,0.0,-0.0448919889864531,0.0002468567853449,0.8084321259544888,0.5472837514995428,0.0054786097917969,0.1940246932901952,1.0283223175811156,12908944.0,252368,6.5,,,,,,0.7423977993179998,4.950486660003662,
1d,S2,160,57,58,oracle,0,n13,252368,0.1349457934444937,0.2957929434891658,0.7475532017586505,0.7471500198186419,0.7473916463908694,0.961914741621815,0.0,-0.0600226278771277,0.0004031819400085,0.8304119800062149,0.525860173124056,0.0057668662057945,0.1402887258146926,1.0395931746653266,14800241.0,252368,7.7,,,,,,,,
1d,S2,160,57,58,A,0,n13,252368,0.1349457934444937,0.2960561762571499,0.7482184661026647,0.7477327377505933,0.7480231810676,0.9582782509936176,0.0,-0.0657918555177771,0.0004857283520713,0.8300717930996047,0.5252264588030421,0.0063824378514117,0.1408210958608018,1.0435382405508231,14523358.0,252368,7.6,,,,,,,,
1d,S2,160,57,58,B_teacher,0,n13,252368,0.1349457934444937,0.2837734712152275,0.7171765643857546,0.7168613295302425,0.7168144268088518,0.9671775838278114,0.0,-0.0547053344215681,0.0003152348555121,0.8496180850975756,0.5522885746445624,0.0054295573083429,0.1395253526352596,1.0339362871110875,14523358.0,252368,0.0,,,,,,,,
1d,S2,160,57,58,B,0,n13,252368,0.1349457934444937,0.2949781794966096,0.7454940605765508,0.7450397395542239,0.745005785609831,0.9600568237644578,0.0,-0.0643840632454575,0.0004543210223268,0.8322432859865405,0.5269614873774611,0.0061402393519059,0.1405602148791159,1.0416050125855278,14800241.0,252368,22.6,14523358.0,,,,,,,
1d,S2,160,57,58,B_nofresh,0,n13,252368,0.1349457934444937,0.2951129243637789,0.7458345993185667,0.7453976759395909,0.745372568745919,0.960788009676727,0.0,-0.0631147044116248,0.0004369233789757,0.832012715119492,0.5266295384665174,0.0059310375697098,0.1404532447172176,1.040812322727119,14523358.0,252368,22.3,14523358.0,,,,,,,
1d,S2,160,57,58,C,0,n13,252368,0.1349457934444937,0.2958063224190851,0.747587014133548,0.7471558813489094,0.7473927312713772,0.960673467190533,0.0,-0.062088478299473,0.0004311327846385,0.830366093504347,0.5258718922483243,0.0058467133444131,0.1404699911606173,1.0409364202849034,14800241.0,252368,8.1,,0.0187078714370727,,,,,,
1d,S2,160,57,58,D,0,n13,252368,0.1349457934444937,0.296300587550469,0.7488361632076443,0.7486283802792276,0.7487531748255718,0.9723889501519362,0.0,-0.0430740648327276,0.0002077829284167,0.8299703237119122,0.5252919245749211,0.0061436595048035,0.1387775883543395,1.0283950674714577,,252368,15.3,,,14797143.0,14523358.0,3.9624674172955565e-06,,,
1d,S2,160,57,58,E,0,n13,252368,0.1349457934444937,0.2960859410748007,0.7482936902931815,0.7477020824565098,0.7480522636891233,0.9541429487868206,0.0,-0.0726340977129927,0.0005916078366716,0.8294668932027963,0.5260872347082752,0.0067031398091081,0.1414314213777667,1.048060986324414,14523358.0,252368,7.4,,,,,,0.7126665860441463,3.2365665435791016,
7d,S2,160,57,58,oracle,0,n13,252368,0.1886808153173144,0.3710540191884887,0.7661585686372558,0.7661585460965203,0.766159181210324,1.0002655100765,0.0,0.0004366016364829,2.2540735500342638e-08,0.8195098737346569,0.5623877476981016,0.0047843165693364,0.1886307319572421,0.9997345604003884,14800241.0,252368,7.9,,,,,,,,
7d,S2,160,57,58,A,0,n13,252368,0.1886808153173144,0.3730618643671939,0.7703044010729924,0.7703018539972514,0.770296170871951,0.9971801326135608,0.0,-0.0046246953455303,2.547075740988447e-06,0.8164816967222972,0.5594049828782679,0.0048213015303572,0.1892143747617505,1.0028278415245282,12908944.0,252368,7.4,,,,,,,,
7d,S2,160,57,58,B_teacher,0,n13,252368,0.1886808153173144,0.356180054745992,0.7354465571297459,0.735149398761618,0.7352887460954798,1.0306486959621022,0.0,0.0511254016476011,0.0002971583681279,0.8384997257608804,0.5893935298459572,0.0059538818517758,0.1830699597802162,0.9702627131027494,12908944.0,252368,0.0,,,,,,,,
7d,S2,160,57,58,B,0,n13,252368,0.1886808153173144,0.3691995777375118,0.7623294867941068,0.7620902844641345,0.7622404272205892,1.027987300275533,0.0,0.0449590636989675,0.0002392023299723,0.8224415671719931,0.5653000819913593,0.0069649927154983,0.1835439166094191,0.97277466339513,14800241.0,252368,22.4,12908944.0,,,,,,,
7d,S2,160,57,58,B_nofresh,0,n13,252368,0.1886808153173144,0.3707962170578097,0.7656262544694572,0.7653447909481192,0.7655193937749087,1.0304518294349445,3.962467507766437e-06,0.0487238760887934,0.0002814635213379,0.8202376691164808,0.562525938050711,0.0067968018069633,0.1831049350659883,0.9704480805748652,12908944.0,252368,19.8,12908944.0,,,,,,,
7d,S2,160,57,58,C,0,n13,252368,0.1886808153173144,0.3711928210529839,0.7664451690574815,0.7664360998695484,0.7664780082720059,1.0053314998083778,0.0,0.0087742934928765,9.069187933086198e-06,0.8192669539626566,0.5624494870802755,0.0045684060263669,0.1876801983756383,0.9946967743382218,14800241.0,252368,8.0,,0.1277882605791092,,,,,,
7d,S2,160,57,58,D,0,n13,252368,0.1886808153173144,0.3744815896367064,0.7732358736459798,0.7731972842602964,0.7735587220405836,1.0110944128320634,0.0002575603880048,0.0180307297013737,3.858938568335191e-05,0.8157107488751525,0.5584704061870188,0.0100718587386742,0.1866104815957015,0.9890273225810948,,252368,6.8,,,14797143.0,14523358.0,0.0001862359640654,,,12908944.0
7d,S2,160,57,58,E,0,n13,252368,0.1886808153173144,0.3741173277675703,0.7724837396228076,0.7724340182338753,0.7723902363234483,0.98765668115509,0.0,-0.0204524444058307,4.972138893233336e-05,0.8147054211712601,0.5583749488506539,0.0070741601667876,0.1910388689890168,1.0124975804653842,12908944.0,252368,6.9,,,,,,0.7423977993179998,4.950486660003662,
1d,S3,896,57,58,oracle,0,n13,252368,0.1349457934444937,0.2889235240181049,0.7301922178918975,0.7299176640526405,0.730135892694192,0.9687161338748156,0.0,-0.0500621365782492,0.000274553839257,0.8418051613490126,0.541054438193572,0.0052294035313661,0.139303753417131,1.0322941520546898,14800241.0,252368,8.0,,,,,,,,
1d,S3,896,57,58,A,0,n13,252368,0.1349457934444937,0.2892011159973907,0.7308937720616818,0.7305042878714767,0.7307931610506415,0.96288090654672,0.0,-0.0595395917581864,0.0003894841902051,0.8414442266340515,0.5404175260604573,0.0056494824580962,0.1401479586177109,1.0385500358361075,14523358.0,252368,7.9,,,,,,,,
1d,S3,896,57,58,B_teacher,0,n13,252368,0.1349457934444937,0.2837734712152275,0.7171765643857546,0.7168613295302425,0.7168144268088518,0.9671775838278114,0.0,-0.0547053344215681,0.0003152348555121,0.8496180850975756,0.5522885746445624,0.0054295573083429,0.1395253526352596,1.0339362871110875,14523358.0,252368,0.0,,,,,,,,
1d,S3,896,57,58,B,0,n13,252368,0.1349457934444937,0.2875571529082918,0.7267390080692343,0.7264606713203571,0.7263726530151022,0.968966262257976,0.0,-0.0511709280490834,0.0002783367488772,0.8441652250365291,0.5434553431295208,0.0051556351586939,0.1392677936278508,1.032027676247165,14800241.0,252368,23.1,14523358.0,,,,,,,
1d,S3,896,57,58,B_nofresh,0,n13,252368,0.1349457934444937,0.2875945788026774,0.7268335939875007,0.7265447790146646,0.7264583384780089,0.9683989415195864,0.0,-0.0521174700284105,0.000288814972836,0.8441388853746206,0.5433550756617815,0.005333149795356,0.139349381395172,1.03263227284287,14523358.0,252368,22.7,14523358.0,,,,,,,
1d,S3,896,57,58,C,0,n13,252368,0.1349457934444937,0.2889101789255017,0.7301584910335566,0.7298790845051548,0.7300806060053929,0.9684693514920436,0.0,-0.0505372519650783,0.0002794065284017,0.8418055445452215,0.5410741402506407,0.0050210453813443,0.1393392503713137,1.0325571980769237,14800241.0,252368,8.9,,0.0187078714370727,,,,,,
1d,S3,896,57,58,D,0,n13,252368,0.1349457934444937,0.2893079356885712,0.7311637359127832,0.7305301507112509,0.7309174856642049,0.9529473434668364,0.0,-0.075723317661895,0.0006335852015322,0.8418098418169923,0.5400793223089085,0.006882313407154,0.1416088668168788,1.0493759249718724,,252368,15.8,,,14797143.0,14523358.0,0.0,,,
1d,S3,896,57,58,E,0,n13,252368,0.1349457934444937,0.2893783262207052,0.7313416328803358,0.7309122869007373,0.731155556075247,0.961167654400451,0.0,-0.0626408952702119,0.0004293459795985,0.8410119852110117,0.5398921536174498,0.0055920130800338,0.1403977680966273,1.0404012197266164,14523358.0,252368,7.6,,,,,,0.7126665860441463,3.2365665435791016,
7d,S3,896,57,58,oracle,0,n13,252368,0.1886808153173144,0.3624086938169406,0.748307555659267,0.7482924267724658,0.7483008743914481,0.9932293921722256,0.0,-0.0114014611341892,1.5128886801218933e-05,0.8309678778036237,0.5773658462217715,0.003067629888416,0.1899670074248036,1.006816761446182,14800241.0,252368,7.5,,,,,,,,
7d,S3,896,57,58,A,0,n13,252368,0.1886808153173144,0.3641576955470536,0.7519189237964944,0.751875573180449,0.7518891902604532,0.9885719418463992,0.0,-0.0192752514956767,4.335061604543444e-05,0.8287271756786132,0.5743122708641817,0.0035811381062386,0.1908619973220228,1.011560168430692,12908944.0,252368,6.7,,,,,,,,
7d,S3,896,57,58,B_teacher,0,n13,252368,0.1886808153173144,0.356180054745992,0.7354465571297459,0.735149398761618,0.7352887460954798,1.0306486959621022,0.0,0.0511254016476011,0.0002971583681279,0.8384997257608804,0.5893935298459572,0.0059538818517758,0.1830699597802162,0.9702627131027494,12908944.0,252368,0.0,,,,,,,,
7d,S3,896,57,58,B,0,n13,252368,0.1886808153173144,0.362121436950209,0.7477144228579362,0.7472940431019555,0.7476471014398666,1.0367408335957276,0.0,0.0606461716609964,0.0004203797559807,0.8311550882727098,0.5786807212165925,0.0069817116645852,0.1819941968166845,0.9645612168392178,14800241.0,252368,23.1,12908944.0,,,,,,,
7d,S3,896,57,58,B_nofresh,0,n13,252368,0.1886808153173144,0.3625024123231619,0.748501067204401,0.7481122866662974,0.7484757278630069,1.0352884136168845,3.962467507766437e-06,0.0583229570273631,0.0003887805381036,0.8307670584055606,0.5779617050186217,0.006800564684011,0.1822495189124535,0.9659144126866052,12908944.0,252368,19.9,12908944.0,,,,,,,
7d,S3,896,57,58,C,0,n13,252368,0.1886808153173144,0.3626635767735168,0.7488338422673667,0.7488338268677281,0.7488347928731357,1.0002164657099746,0.0,0.0003658225185537,1.5399638564339572e-08,0.830625645835963,0.5770023219939263,0.0036742148319051,0.1886399812298478,0.9997835811372882,14800241.0,252368,8.1,,0.1277882605791092,,,,,,
7d,S3,896,57,58,D,0,n13,252368,0.1886808153173144,0.3646879367485677,0.753013774731873,0.7529518113621619,0.7527817643191907,0.9863639043262694,0.0,-0.0230452812437714,6.196336971109329e-05,0.8284138449664048,0.5731497992095359,0.0045290696721563,0.1912892538846419,1.0138246093697485,,252368,6.4,,,14797143.0,14523358.0,0.0001109490840462,,,12908944.0
7d,S3,896,57,58,E,0,n13,252368,0.1886808153173144,0.3644715450022064,0.7525669654208739,0.7521312914843704,0.7522298857739556,0.9645271219400016,0.0,-0.06105817088304,0.0004356739365034,0.828684735958408,0.573716044210836,0.0077248956120642,0.1956200204487887,1.036777481164708,12908944.0,252368,6.6,,,,,,0.7423977993179998,4.950486660003662,
1d,S4,131072,57,58,oracle,0,n13,252368,0.1349457934444937,0.2859904450441121,0.7227794900825215,0.7226239169295672,0.7227622445541272,0.9764141492387318,0.0,-0.0378826067693018,0.0001555731529543,0.8463461424788722,0.5466360956110727,0.0050142973538759,0.1382054874457782,1.0241555806822926,14800241.0,252368,7.9,,,,,,,,
1d,S4,131072,57,58,A,0,n13,252368,0.1349457934444937,0.2862600920607222,0.7234609650637494,0.7231956246397558,0.7234144808680456,0.9693293717867084,0.0,-0.0493722602394144,0.0002653404239935,0.8460099874043285,0.5461600555516751,0.0056757689230488,0.1392156240925167,1.0316410800146891,14523358.0,252368,8.1,,,,,,,,
1d,S4,131072,57,58,B_teacher,0,n13,252368,0.1349457934444937,0.2837734712152275,0.7171765643857546,0.7168613295302425,0.7168144268088518,0.9671775838278114,0.0,-0.0547053344215681,0.0003152348555121,0.8496180850975756,0.5522885746445624,0.0054295573083429,0.1395253526352596,1.0339362871110875,14523358.0,252368,0.0,,,,,,,,
1d,S4,131072,57,58,B,0,n13,252368,0.1349457934444937,0.2854740589557165,0.7214744350356695,0.7209969627396311,0.7209482088872277,0.9597553019110256,0.0,-0.0671279223385309,0.0004774722960384,0.8473512423278657,0.5482135419125649,0.0063143714490527,0.1406043740272079,1.0419322487813725,14800241.0,252368,23.4,14523358.0,,,,,,,
1d,S4,131072,57,58,B_nofresh,0,n13,252368,0.1349457934444937,0.2854524180300022,0.7214197422390265,0.7210767740946171,0.7209963248110464,0.9657506363566368,0.0,-0.0569664878157635,0.0003429681444093,0.847332515344871,0.5481965013760846,0.0058612944321896,0.1397315086983389,1.035463982475405,14523358.0,252368,22.7,14523358.0,,,,,,,
1d,S4,131072,57,58,C,0,n13,252368,0.1349457934444937,0.2859976835468415,0.7227977838451364,0.7226326246552258,0.7227631942167138,0.9757244995130104,0.0,-0.0390504396851889,0.0001651591899105,0.8463179255052453,0.5466319162349644,0.0049429004338374,0.1383031721678055,1.0248794618758734,14800241.0,252368,8.3,,0.0187078714370727,,,,,,
1d,S4,131072,57,58,D,0,n13,252368,0.1349457934444937,0.2868259209390436,0.7248909761540989,0.7243129074014216,0.7247932811765405,0.9550176804661576,0.0,-0.0724016292417194,0.0005780687526772,0.845560784471596,0.5454936287260617,0.0075364174386767,0.1413018797501474,1.047101033262427,,252368,15.7,,,14797143.0,14523358.0,0.0,,,
1d,S4,131072,57,58,E,0,n13,252368,0.1349457934444937,0.2864763617308886,0.7240075402540466,0.7238037844193671,0.7239584618088539,0.9730670822052464,0.0,-0.0433202623312283,0.0002037558346794,0.8455450247373073,0.545635966382977,0.0049895813905826,0.1386808740242946,1.0276783772540286,14523358.0,252368,7.8,,,,,,0.7126665860441463,3.2365665435791016,
7d,S4,131072,57,58,oracle,0,n13,252368,0.1886808153173144,0.3574210368522752,0.7380089578182866,0.7379818775616576,0.73800408170047,0.9910042566781272,0.0,-0.0153297115084036,2.708025662900848e-05,0.8372115359420242,0.5857471676571292,0.0030961588003519,0.1903935467944179,1.0090774012939427,14800241.0,252368,7.9,,,,,,,,
7d,S4,131072,57,58,A,0,n13,252368,0.1886808153173144,0.3586017351359442,0.7404468834577572,0.740383057822226,0.7404340979678575,0.9862104883321998,0.0,-0.0234692640831266,6.382563553120058e-05,0.8357464706633982,0.5839152121772974,0.0038375920670198,0.1913190110524947,1.0139823210470211,12908944.0,252368,7.0,,,,,,,,
7d,S4,131072,57,58,B_teacher,0,n13,252368,0.1886808153173144,0.356180054745992,0.7354465571297459,0.735149398761618,0.7352887460954798,1.0306486959621022,0.0,0.0511254016476011,0.0002971583681279,0.8384997257608804,0.5893935298459572,0.0059538818517758,0.1830699597802162,0.9702627131027494,12908944.0,252368,0.0,,,,,,,,
7d,S4,131072,57,58,B,0,n13,252368,0.1886808153173144,0.3585947849842682,0.7404325326678871,0.7401431627023503,0.740320519028538,1.0302930524867313,0.0,0.0503533642785566,0.0002893699655368,0.8356076042934161,0.5847358001123748,0.0058594640414615,0.1831331530984426,0.970597634902404,14800241.0,252368,23.6,12908944.0,,,,,,,
7d,S4,131072,57,58,B_nofresh,0,n13,252368,0.1886808153173144,0.3589426118720955,0.7411507314657174,0.7408396061000376,0.7410499753197395,1.0314171784376205,0.0,0.0522526975911694,0.0003111253656797,0.8352235560652115,0.5840010813644186,0.0060291885645997,0.182933559050399,0.9695397952502488,12908944.0,252368,20.6,12908944.0,,,,,,,
7d,S4,131072,57,58,C,0,n13,252368,0.1886808153173144,0.3576785198884305,0.7385406131143553,0.7385399081085495,0.7385343125898421,0.9985451506206467,0.0,-0.0024839819655908,7.050058057345154e-07,0.83687807974476,0.5853260843675574,0.0026836325593976,0.1889557174255361,1.0014569690498711,14800241.0,252368,8.5,,0.1277882605791092,,,,,,
7d,S4,131072,57,58,D,0,n13,252368,0.1886808153173144,0.3587769213030018,0.7408086107967886,0.7407033364831372,0.740745234912104,0.9822926145531874,0.0,-0.0300404474791567,0.0001052743136513,0.8360770360325264,0.5833179915235294,0.0047304390712743,0.1920820868668946,1.0180265892102498,,252368,7.2,,,14797143.0,14523358.0,1.5849869669182226e-05,,,12908944.0
7d,S4,131072,57,58,E,0,n13,252368,0.1886808153173144,0.3593486738824025,0.7419891751221834,0.741572937352829,0.7417458103477903,0.9654135410937136,0.0,-0.059876860219974,0.0004162377693543,0.8350865113031235,0.582685476256747,0.006894863103071,0.1954404069198765,1.0358255373827712,12908944.0,252368,7.0,,,,,,0.7423977993179998,4.950486660003662,
1d,S0,36,58,59,oracle,0,n13,283043,0.1409255837452259,0.314892419077307,0.7743761390536499,0.7742792628853201,0.7742139453697066,1.0195871864800037,0.0,0.0290287710757121,9.687616832976254e-05,0.8119971692675086,0.5062709072063916,0.0047553321469832,0.138218276586776,0.9807891009815198,15074502.0,283043,8.2,,,,,,,,
1d,S0,36,58,59,A,0,n13,283043,0.1409255837452259,0.3150899311489324,0.7748618561626548,0.7748618420131127,0.7748629727612105,0.9997667067666668,0.0,-0.0003515323344708,1.4149542093555569e-08,0.8114437977899881,0.5057724735084981,0.0035240395689981,0.1409584684020852,1.000233347671766,14800241.0,283043,7.7,,,,,,,,
1d,S0,36,58,59,B_teacher,0,n13,283043,0.1409255837452259,0.2924249475935233,0.71912465388646,0.7191080083507834,0.7191729833946002,1.0076608196285983,0.0,0.0126240873386357,1.664553567659599e-05,0.8473697563929348,0.5583367424907018,0.0046600176876739,0.1398541860515803,0.9923974223475096,14800241.0,283043,38.0,,,,,,,,
1d,S0,36,58,59,B,0,n13,283043,0.1409255837452259,0.3148112438752057,0.7741765148779576,0.7736298256198045,0.7741520623654281,1.0468516440295244,0.0,0.0700661241135974,0.000546689258153,0.8127154342908431,0.5067157091083612,0.0068311464060891,0.1346184863432773,0.955245192289918,15074502.0,283043,23.8,14800241.0,,,,,,,
1d,S0,36,58,59,B_nofresh,0,n13,283043,0.1409255837452259,0.3148065639548634,0.7741650061263134,0.774001228880537,0.774237556896094,1.0252154154781448,0.0,0.0383023968606206,0.0001637772457764,0.8122959743472218,0.5066187370252817,0.0055219504909824,0.1374594857018419,0.9754047636258136,14800241.0,283043,22.6,14800241.0,,,,,,,
1d,S0,36,58,59,C,0,n13,283043,0.1409255837452259,0.3148862900627165,0.7743610667230151,0.7742676621178516,0.7742065887794194,1.0192242315100444,0.0,0.0285081485116643,9.340460516349404e-05,0.8119867293924418,0.5062785588759133,0.0048019211367493,0.138267497365556,0.9811383688537678,15074502.0,283043,8.1,,0.0181937031447887,,,,,,
1d,S0,36,58,59,D,0,n13,283043,0.1409255837452259,0.3154445183210468,0.7757338487184123,0.7756013712430613,0.7757370113738162,0.977768315763726,0.0,-0.0337267095997962,0.000132477475351,0.810392357582127,0.5068068797457619,0.0054314318755428,0.1441298326742673,1.0227371698160512,,283043,15.6,,,15070698.0,14800241.0,3.5330319860804597e-06,,,
1d,S0,36,58,59,E,0,n13,283043,0.1409255837452259,0.3142738217497991,0.7728548988424435,0.7728176769340247,0.7728860569389533,0.988148177750189,0.0,-0.0179393619279678,3.722190841881634e-05,0.8122973121701551,0.5086113483847834,0.00364181903423,0.1426158413468764,1.0119939726821083,14800241.0,283043,8.7,,,,,,0.7221975302071445,4.035035133361816,
7d,S0,36,58,59,oracle,0,n13,283043,0.1966238345410414,0.3915233160288046,0.7898610916525552,0.7889692707206905,0.7894184032728654,1.0549150884630718,3.53303208346435e-06,0.0858358297370269,0.0008918209318647,0.8029380817863929,0.5496575445183419,0.0113336934461967,0.1863883043207836,0.9479435936942766,15074502.0,283043,7.8,,,,,,,,
7d,S0,36,58,59,A,0,n13,283043,0.1966238345410414,0.3935491895935434,0.7939480990921758,0.7925236871393228,0.7932988214687628,1.0702160017119533,7.0660641669287e-06,0.1085932926143352,0.001424411952853,0.7997703213532021,0.5473706529375144,0.0129766352963444,0.1837235046257161,0.9343908130698536,13168768.0,283043,7.0,,,,,,,,
7d,S0,36,58,59,B_teacher,0,n13,283043,0.1966238345410414,0.3648718905898176,0.7360943729680766,0.7342697857890547,0.7383781485797352,1.076824795264481,0.0016322608225605,0.1278929852505418,0.0018245871790218,0.8384756861035865,0.5982291315236948,0.0140278956234682,0.1825959389175732,0.9286561791645856,13168768.0,283043,33.4,,,,,,,,
7d,S0,36,58,59,B,0,n13,283043,0.1966238345410414,0.3916049560417159,0.7900257926220267,0.7867001321410488,0.7956983350772849,1.1096731255375376,0.0019749649346565,0.1675699752985809,0.0033256604809778,0.8045852706811902,0.5515489199783232,0.0194330654613678,0.1771907690796735,0.901166277696046,15074502.0,283043,23.6,13168768.0,,,,,,,
7d,S0,36,58,59,B_nofresh,0,n13,283043,0.1966238345410414,0.3937278600682858,0.7943085497995755,0.7905004352239604,0.8004083778274229,1.117730874697294,0.0023388672392533,0.1798911876518676,0.0038081145756151,0.8012894640814876,0.5491017997102706,0.02071043804093,0.1759133965001114,0.8946697480024626,13168768.0,283043,20.3,13168768.0,,,,,,,
7d,S0,36,58,59,C,0,n13,283043,0.1966238345410414,0.3924572688061704,0.7917452526465016,0.7904199521069789,0.7916163576136739,1.067371445922421,0.0001059909625039,0.1050494658452108,0.0013253005395227,0.8012346269793404,0.549040862846763,0.0125099048763564,0.1842131296393444,0.936880974116561,15074502.0,283043,8.5,,0.1264209598302841,,,,,,
7d,S0,36,58,59,D,0,n13,283043,0.1966238345410414,0.3920452734386039,0.7909140911359114,0.7908825770249007,0.7909778672028968,1.010005651129932,7.77267058362157e-05,0.0160207880932922,3.151411101065538e-05,0.8015264776134576,0.5504018178596682,0.0087367101353139,0.1946759746552614,0.990093470151639,,283043,7.0,,,15070698.0,14800241.0,3.886335252900608e-05,,,13168768.0
7d,S0,36,58,59,E,0,n13,283043,0.1966238345410414,0.3918212917033678,0.7904622292654657,0.7898774796440695,0.78994306472071,1.044384634128254,0.0,0.0690223482066874,0.0005847496213962,0.802154443468617,0.5496010607754361,0.0096779722007396,0.1882676440420468,0.9575016400300626,13168768.0,283043,9.6,,,,,,0.7439751659749998,4.849984645843506,
1d,S1,64,58,59,oracle,0,n13,283043,0.1409255837452259,0.3106907326374608,0.7640434491389924,0.7640276462763821,0.764048683609686,1.0077533311387783,0.0,0.0118430716420233,1.5802862610270196e-05,0.8187300038491523,0.5165653782561755,0.0027071926156674,0.1398413474713873,0.992306320506014,15074502.0,283043,7.9,,,,,,,,
1d,S1,64,58,59,A,0,n13,283043,0.1409255837452259,0.310971213974291,0.7647332023420947,0.7646716543648454,0.7646732244603289,0.9849483515082318,0.0,-0.023291257525473,6.154797724933214e-05,0.8181948519414642,0.5159898565893242,0.0026427823771623,0.1430791609828367,1.015281662707207,14800241.0,283043,8.1,,,,,,,,
1d,S1,64,58,59,B_teacher,0,n13,283043,0.1409255837452259,0.2924249475935233,0.71912465388646,0.7191080083507834,0.7191729833946002,1.0076608196285983,0.0,0.0126240873386357,1.664553567659599e-05,0.8473697563929348,0.5583367424907018,0.0046600176876739,0.1398541860515803,0.9923974223475096,14800241.0,283043,0.0,,,,,,,,
1d,S1,64,58,59,B,0,n13,283043,0.1409255837452259,0.3099418598717477,0.7622018385894133,0.7621360496154517,0.7623344593465876,1.0157544761336856,0.0,0.0244292059325362,6.578897396158911e-05,0.8206891436941782,0.5174045532197484,0.0045597270463875,0.1387398107086249,0.9844898777176424,15074502.0,283043,23.5,14800241.0,,,,,,,
1d,S1,64,58,59,B_nofresh,0,n13,283043,0.1409255837452259,0.3101140473920821,0.7626252781488044,0.7626168889099074,0.7626823622381321,1.005580017135861,0.0,0.008719796910488,8.38923889701082e-06,0.8203376081516247,0.5170669569772941,0.004620139113332,0.1401435801664164,0.9944509466767704,14800241.0,283043,23.0,14800241.0,,,,,,,
1d,S1,64,58,59,C,0,n13,283043,0.1409255837452259,0.3106833006825165,0.7640251726476363,0.7640098509807868,0.7640336610270448,1.0076312180585996,0.0,0.0116649813428998,1.532166684947711e-05,0.8187327319748364,0.5165874182271326,0.0026482615600826,0.1398582946018156,0.9924265763884303,15074502.0,283043,8.7,,0.0181937031447887,,,,,,
1d,S1,64,58,59,D,0,n13,283043,0.1409255837452259,0.3110003998361052,0.7648049755370572,0.7646555205625798,0.7645047109504634,0.9766580962706954,0.0,-0.0362044503059827,0.0001494549744773,0.8185169612564005,0.5162509195409939,0.004089401320541,0.1442936727636222,1.0238997698564465,,283043,15.6,,,15070698.0,14800241.0,6.006154217175208e-05,,,
1d,S1,64,58,59,E,0,n13,283043,0.1409255837452259,0.310557440193206,0.7637156594492645,0.7637106213705305,0.7637083069936714,0.9956547439488712,0.0,-0.0066675142868805,5.038078733976548e-06,0.8184658671018998,0.5178057065757601,0.0021978916169186,0.1415406139544922,1.0043642197032026,14800241.0,283043,8.0,,,,,,0.7221975302071445,4.035035133361816,
7d,S1,64,58,59,oracle,0,n13,283043,0.1966238345410414,0.3865487555644023,0.7798253885461395,0.7789516270548834,0.7808264683106977,1.054021936124817,0.0002473122458425,0.0854273968644589,0.000873761491256,0.8106551913827311,0.5577406791610563,0.0107063490976307,0.1865462451985983,0.9487468578467804,15074502.0,283043,8.5,,,,,,,,
7d,S1,64,58,59,A,0,n13,283043,0.1966238345410414,0.3884382242503463,0.7836372121025513,0.7823039250537125,0.785627201186013,1.0674172243552067,0.0007066064166928,0.1056222949629389,0.0013332870488388,0.8082309960489905,0.5549912785759877,0.0128645198679104,0.1842052292718208,0.9368407940054262,13168768.0,283043,7.1,,,,,,,,
7d,S1,64,58,59,B_teacher,0,n13,283043,0.1966238345410414,0.3648718905898176,0.7360943729680766,0.7342697857890547,0.7383781485797352,1.076824795264481,0.0016322608225605,0.1278929852505418,0.0018245871790218,0.8384756861035865,0.5982291315236948,0.0140278956234682,0.1825959389175732,0.9286561791645856,13168768.0,283043,0.0,,,,,,,,
7d,S1,64,58,59,B,0,n13,283043,0.1966238345410414,0.3850115873285821,0.7767242976759619,0.7743827720966551,0.7815438160216804,1.090377165771146,0.0023070699505022,0.1409892378645533,0.0023415255793067,0.8137883117346577,0.5620303554309917,0.0164473186147542,0.1803264418161063,0.917113849585039,15074502.0,283043,22.5,13168768.0,,,,,,,
7d,S1,64,58,59,B_nofresh,0,n13,283043,0.1966238345410414,0.3870366592809756,0.7808096879388365,0.7780042914529196,0.786568057788075,1.0996057970028286,0.0027133686401006,0.1544100372148488,0.0028053964859169,0.811150520214379,0.5590028189015425,0.0178890642499889,0.1788130210635254,0.909416813485049,13168768.0,283043,19.9,13168768.0,,,,,,,
7d,S1,64,58,59,C,0,n13,283043,0.1966238345410414,0.3873295851332529,0.7814006380150665,0.7800937187403738,0.78414419881009,1.0664799995677885,0.0010563765929558,0.1049077019886347,0.0013069192746927,0.8095695376616641,0.5573412162521381,0.012668368435434,0.1843671092010418,0.9376640915959694,15074502.0,283043,8.6,,0.1264209598302841,,,,,,
7d,S1,64,58,59,D,0,n13,283043,0.1966238345410414,0.3877750881052506,0.7822993979340561,0.782258007681329,0.7835325924837222,1.0113761934327556,0.0007525358337779,0.0185281604142138,4.139025272709152e-05,0.8096604395856245,0.558417859444346,0.0106290648155005,0.194412164155923,0.9887517686231636,,283043,7.0,,,15070698.0,14800241.0,0.0005546860047616,,,13168768.0
7d,S1,64,58,59,E,0,n13,283043,0.1966238345410414,0.3878770140053434,0.7825050237535643,0.781968253366663,0.7827610546631194,1.042066178671386,9.539186625353744e-05,0.066717188414299,0.0005367703869013,0.8082222385963342,0.5566230976365054,0.0090669373065948,0.1886865139330527,0.959631950894885,13168768.0,283043,7.3,,,,,,0.7439751659749998,4.849984645843506,
1d,S2,160,58,59,oracle,0,n13,283043,0.1409255837452259,0.3053017373359598,0.7507909567888031,0.7507862988510302,0.7507877162316636,1.0041634234995955,0.0,0.0064812181918566,4.6579377729338844e-06,0.8269954388666708,0.5315007498418353,0.0054301793014058,0.1403412835473415,0.995853838725687,15074502.0,283043,8.1,,,,,,,,
1d,S2,160,58,59,A,0,n13,283043,0.1409255837452259,0.3054900516409722,0.7512540549633206,0.7512468808054268,0.7512527005273025,0.9948648412227944,0.0,-0.0080249117368732,7.174157893863331e-06,0.826771807053045,0.5309530905831159,0.0052233605638453,0.1416529943625442,1.005161664745227,14800241.0,283043,8.0,,,,,,,,
1d,S2,160,58,59,B_teacher,0,n13,283043,0.1409255837452259,0.2924249475935233,0.71912465388646,0.7191080083507834,0.7191729833946002,1.0076608196285983,0.0,0.0126240873386357,1.664553567659599e-05,0.8473697563929348,0.5583367424907018,0.0046600176876739,0.1398541860515803,0.9923974223475096,14800241.0,283043,0.0,,,,,,,,
1d,S2,160,58,59,B,0,n13,283043,0.1409255837452259,0.3045614025200781,0.7489703425675739,0.7489629961265983,0.7490070605545527,1.0051800911394524,0.0,0.0082226093640858,7.346440975553037e-06,0.8289488173247289,0.5321751154437349,0.0055230433962683,0.1401993383946507,0.9948466039219098,15074502.0,283043,22.7,14800241.0,,,,,,,
1d,S2,160,58,59,B_nofresh,0,n13,283043,0.1409255837452259,0.3046641954613909,0.7492231285865228,0.749217599922076,0.7492577988271815,1.0044882688091843,0.0,0.0071377635987719,5.528664446807774e-06,0.8288521496553988,0.5320067863425907,0.0059024447657392,0.1402958980419876,0.9955317857375228,14800241.0,283043,23.0,14800241.0,,,,,,,
1d,S2,160,58,59,C,0,n13,283043,0.1409255837452259,0.3053473872714082,0.7509032180520758,0.7508990401605609,0.7509024308226623,1.003940233504893,0.0,0.0061414337033039,4.177891514967058e-06,0.8268535969002982,0.531483709786368,0.0053309801660333,0.1403724833830351,0.996075231001414,15074502.0,283043,8.4,,0.0181937031447887,,,,,,
1d,S2,160,58,59,D,0,n13,283043,0.1409255837452259,0.3058289217807287,0.7520873965573613,0.7520868070341402,0.7520899064322664,1.001480946944606,1.41321283338574e-05,0.0023017755268062,5.895232211283741e-07,0.8263480398464388,0.530415486695856,0.0059617260484944,0.1407171890540428,0.9985212430160312,,283043,15.6,,,15070698.0,14800241.0,1.4132127944321836e-05,,,
1d,S2,160,58,59,E,0,n13,283043,0.1409255837452259,0.3051884931988649,0.7505124694314037,0.7504923342674599,0.7505091183799314,0.9914258337540736,0.0,-0.0134496356496419,2.0135163943835188e-05,0.8266490565019615,0.532522181580248,0.0044248672590331,0.1421443530592758,1.0086483183653383,14800241.0,283043,7.8,,,,,,0.7221975302071445,4.035035133361816,
7d,S2,160,58,59,oracle,0,n13,283043,0.1966238345410414,0.3791343613882664,0.764867552733689,0.7646228435929099,0.7649280795626695,1.027781408410945,1.059909625039305e-05,0.0455034189189705,0.0002447091407791,0.8200715712923099,0.5724010750917116,0.0069721070186665,0.1913090010501766,0.9729695359503558,15074502.0,283043,7.8,,,,,,,,
7d,S2,160,58,59,A,0,n13,283043,0.1966238345410414,0.3817665776698627,0.7701777989962496,0.7699846573235167,0.7702013862048845,1.0246577911381105,0.0,0.040355191387008,0.0001931416727328,0.816187136413946,0.5684529988292759,0.0068808624222939,0.1918921968305603,0.9759355842005336,13168768.0,283043,6.8,,,,,,,,
7d,S2,160,58,59,B_teacher,0,n13,283043,0.1966238345410414,0.3648718905898176,0.7360943729680766,0.7342697857890547,0.7383781485797352,1.076824795264481,0.0016322608225605,0.1278929852505418,0.0018245871790218,0.8384756861035865,0.5982291315236948,0.0140278956234682,0.1825959389175732,0.9286561791645856,13168768.0,283043,0.0,,,,,,,,
7d,S2,160,58,59,B,0,n13,283043,0.1966238345410414,0.3786694650976498,0.7639296686369353,0.7620275226203423,0.7662700253846362,1.0802454161239652,0.0014944725713054,0.1279590049608978,0.0019021460165929,0.8220314787661027,0.573790396318705,0.0148636333356171,0.1820177448625966,0.9257155689566412,15074502.0,283043,22.4,13168768.0,,,,,,,
7d,S2,160,58,59,B_nofresh,0,n13,283043,0.1966238345410414,0.3803361706310863,0.7672920886977795,0.7653186199540574,0.7698108339900326,1.081899164039035,0.0015792653413085,0.1302544516288058,0.0019734687437221,0.8198357057709169,0.5712064080606426,0.0151732070847003,0.1817395197968258,0.9243005570562768,13168768.0,283043,20.7,13168768.0,,,,,,,
7d,S2,160,58,59,C,0,n13,283043,0.1966238345410414,0.3810923978803588,0.7688177053244121,0.768194620991784,0.7693164439703116,1.0446766677883013,0.0001413212833385,0.0730915658939043,0.000623084332628,0.8170561562009111,0.57093724058959,0.0091959184403439,0.1882150148498256,0.9572339756731748,15074502.0,283043,8.5,,0.1264209598302841,,,,,,
7d,S2,160,58,59,D,0,n13,283043,0.1966238345410414,0.3833581075611969,0.7733885593415527,0.7729359686218343,0.7749702437026218,1.0380811958725764,0.0005900163579385,0.0619276954043987,0.0004525907197183,0.814852879611675,0.5672971829986827,0.0133207163500015,0.1894108431236595,0.9633157829811504,,283043,6.9,,,15070698.0,14800241.0,0.0002225810167146,,,13168768.0
7d,S2,160,58,59,E,0,n13,283043,0.1966238345410414,0.3820149315631094,0.7706788293798947,0.7704907365891003,0.7707512814243773,1.0242651543272034,0.0,0.0399228822989438,0.0001880927907944,0.8156483018692421,0.5692116192787301,0.0074158906735734,0.1919657558498076,0.9763096945896376,13168768.0,283043,7.0,,,,,,0.7439751659749998,4.849984645843506,
1d,S3,896,58,59,oracle,0,n13,283043,0.1409255837452259,0.2977674497833045,0.7322628114538314,0.7322497264011748,0.7322512183810644,1.006914093472142,0.0,0.0109887258458967,1.3085052656625074e-05,0.8393287488923666,0.5474657254644579,0.005358627149375,0.1399579017304965,0.9931333829599108,15074502.0,283043,7.9,,,,,,,,
1d,S3,896,58,59,A,0,n13,283043,0.1409255837452259,0.297865056133001,0.732502842726882,0.7325027046575363,0.7325014687970659,1.0007083610004777,0.0,0.0011267740416952,1.3806934573423746e-07,0.8392218177585153,0.547032235590398,0.0051153201852003,0.1408258282206545,0.9992921404196428,14800241.0,283043,7.8,,,,,,,,
1d,S3,896,58,59,B_teacher,0,n13,283043,0.1409255837452259,0.2924249475935233,0.71912465388646,0.7191080083507834,0.7191729833946002,1.0076608196285983,0.0,0.0126240873386357,1.664553567659599e-05,0.8473697563929348,0.5583367424907018,0.0046600176876739,0.1398541860515803,0.9923974223475096,14800241.0,283043,0.0,,,,,,,,
1d,S3,896,58,59,B,0,n13,283043,0.1409255837452259,0.2965748797582002,0.7293300708870771,0.7293298162728077,0.7293372659781105,1.0009483082422104,0.0,0.0015518683928736,2.546142694459519e-07,0.8412683845977225,0.5494523519728228,0.0047808297228875,0.1407920694653141,0.999052590194317,15074502.0,283043,22.5,14800241.0,,,,,,,
1d,S3,896,58,59,B_nofresh,0,n13,283043,0.1409255837452259,0.2965956540332535,0.7293811585028241,0.7293513974199822,0.7294625369968044,1.0103089624150696,0.0,0.0168109792363459,2.976108284191703e-05,0.8414834429206781,0.5492944018570955,0.0046700760491405,0.1394876112039565,0.9897962278881236,14800241.0,283043,22.2,14800241.0,,,,,,,
1d,S3,896,58,59,C,0,n13,283043,0.1409255837452259,0.2980173683517993,0.7328774054053656,0.7328620905173603,0.7328709677088581,1.007474987353719,0.0,0.0119019342482859,1.5314888005324434e-05,0.8388109944050699,0.5473300729484314,0.0053758333343457,0.1398799826439242,0.9925804735129424,15074502.0,283043,8.5,,0.0181937031447887,,,,,,
1d,S3,896,58,59,D,0,n13,283043,0.1409255837452259,0.2981532538700715,0.73321157192262,0.7331668203718329,0.733195107478038,0.9873646895158934,0.0,-0.02021290907614,4.475155078709214e-05,0.8387498949578819,0.5467104310122993,0.0047897946211566,0.1427290090901691,1.0127970046106285,,283043,15.9,,,15070698.0,14800241.0,1.4132127944321836e-05,,,
1d,S3,896,58,59,E,0,n13,283043,0.1409255837452259,0.2979967971007409,0.7328268170615215,0.7327595055736295,0.7327969480073975,1.015780998546387,0.0,0.0249547970113461,6.731148789207442e-05,0.8389601944233515,0.5468844078543298,0.0053742911861896,0.1387361881615177,0.984464172327529,14800241.0,283043,7.9,,,,,,0.7221975302071445,4.035035133361816,
7d,S3,896,58,59,oracle,0,n13,283043,0.1966238345410414,0.3702330271190232,0.7469099565568332,0.7467441575194088,0.7468320142550943,1.0225212109687771,0.0,0.0378612522143137,0.0001657990374244,0.8313177003688396,0.5876086396188545,0.005469936411757,0.1922931597230655,0.9779748226959128,15074502.0,283043,7.8,,,,,,,,
7d,S3,896,58,59,A,0,n13,283043,0.1966238345410414,0.3723747314596246,0.751230641581732,0.7508289520066228,0.7511010964979945,1.0354191270946378,0.0,0.0589780195244671,0.0004016895751092,0.8287429423969563,0.5844327229291136,0.0080587132910811,0.1898978195359046,0.9657924736294732,13168768.0,283043,6.9,,,,,,,,
7d,S3,896,58,59,B_teacher,0,n13,283043,0.1966238345410414,0.3648718905898176,0.7360943729680766,0.7342697857890547,0.7383781485797352,1.076824795264481,0.0016322608225605,0.1278929852505418,0.0018245871790218,0.8384756861035865,0.5982291315236948,0.0140278956234682,0.1825959389175732,0.9286561791645856,13168768.0,283043,0.0,,,,,,,,
7d,S3,896,58,59,B,0,n13,283043,0.1966238345410414,0.3696667438971943,0.7457675339590808,0.7439944409094874,0.7470141207169302,1.076118281944558,0.0011764996837936,0.1253545491571664,0.0017730930495933,0.8329445366117771,0.5896478085887165,0.0141829400430048,0.1827158202216767,0.9292658779042288,15074502.0,283043,23.1,13168768.0,,,,,,,
7d,S3,896,58,59,B_nofresh,0,n13,283043,0.1966238345410414,0.3717713817627155,0.7500134408921727,0.7476284400199923,0.7537906739458197,1.0889310246972108,0.0023000038863352,0.1458407607035733,0.0023850008721804,0.8304954025894309,0.5876006055380311,0.0163794585875317,0.1805659220662896,0.918331811032807,13168768.0,283043,20.4,13168768.0,,,,,,,
7d,S3,896,58,59,C,0,n13,283043,0.1966238345410414,0.3748900328472485,0.7563050231537294,0.7555111471742045,0.7566734280542997,1.049937365643281,0.0002225810212582,0.0836986302454721,0.0007938759795248,0.8249900408225465,0.5834880373539005,0.0106345783849346,0.1872719659049118,0.9524377669779518,15074502.0,283043,8.4,,0.1264209598302841,,,,,,
7d,S3,896,58,59,D,0,n13,283043,0.1966238345410414,0.3735961188802658,0.7536946746594643,0.7535918743457357,0.7539701190564891,1.0176629958418468,0.0002331801175086,0.0298037984417157,0.0001028003137285,0.8271483262308832,0.5824320888524275,0.006229905091867,0.193211146857499,0.9826435706967656,,283043,6.9,,,15070698.0,14800241.0,0.0001519203797215,,,13168768.0
7d,S3,896,58,59,E,0,n13,283043,0.1966238345410414,0.3723855890198849,0.7512525456779858,0.7509643088774751,0.7512393049265915,1.0298002878120294,0.0,0.050057903580711,0.0002882368005107,0.8287967715524547,0.5839974890691845,0.0070977639191201,0.1909339479393614,0.9710620708066174,13168768.0,283043,6.8,,,,,,0.7439751659749998,4.849984645843506,
1d,S4,131072,58,59,oracle,0,n13,283043,0.1409255837452259,0.2944418369336791,0.7240845414083785,0.7239877453927064,0.7240484265030896,1.018855941208155,0.0,0.0301135082441338,9.679601567214036e-05,0.8446985894056029,0.5537960385314094,0.0057072170177966,0.1383174775210291,0.9814930252202332,15074502.0,283043,8.0,,,,,,,,
1d,S4,131072,58,59,A,0,n13,283043,0.1409255837452259,0.2949798820365259,0.7254076894555754,0.7254015103091233,0.7253941484808152,1.0047354574599066,0.0,0.0075626337380038,6.179146452178763e-06,0.8438022698467597,0.5524254443010692,0.0061278327464381,0.1402613819377918,0.9952868614074012,14800241.0,283043,7.9,,,,,,,,
1d,S4,131072,58,59,B_teacher,0,n13,283043,0.1409255837452259,0.2924249475935233,0.71912465388646,0.7191080083507834,0.7191729833946002,1.0076608196285983,0.0,0.0126240873386357,1.664553567659599e-05,0.8473697563929348,0.5583367424907018,0.0046600176876739,0.1398541860515803,0.9923974223475096,14800241.0,283043,0.0,,,,,,,,
1d,S4,131072,58,59,B,0,n13,283043,0.1409255837452259,0.2942892598282172,0.723709327326751,0.7236982364129011,0.7237574694709107,1.0062611843390123,0.0,0.0102794306694857,1.1090913849876038e-05,0.84494737163051,0.5536666077646523,0.004874082718763,0.1400487129370854,0.993777774163946,15074502.0,283043,23.3,14800241.0,,,,,,,
1d,S4,131072,58,59,B_nofresh,0,n13,283043,0.1409255837452259,0.2941763157005952,0.7234315777456942,0.7234211354894138,0.7234806923108729,1.006071829587625,0.0,0.0099784412685677,1.044225628044071e-05,0.8451536073640933,0.5538726558827347,0.0048447339573691,0.140075071779904,0.9939648150270606,14800241.0,283043,22.6,14800241.0,,,,,,,
1d,S4,131072,58,59,C,0,n13,283043,0.1409255837452259,0.2948444305219591,0.7250745902301747,0.7249693587292683,0.7250568353689342,1.0196475479502394,0.0,0.0314400766549996,0.0001052315009064,0.8439419724615116,0.5535553383354075,0.0056683814162268,0.1382100942904473,0.9807310398679072,15074502.0,283043,8.3,,0.0181937031447887,,,,,,
1d,S4,131072,58,59,D,0,n13,283043,0.1409255837452259,0.2945027504551631,0.7242343385286815,0.7242297487115921,0.7242464894021209,0.995930836965168,0.0,-0.0064849922654007,4.589817089395432e-06,0.8447053629622547,0.5535958138125544,0.0043960561853098,0.1415013759134709,1.0040857887754853,,283043,16.1,,,15070698.0,14800241.0,0.0,,,
1d,S4,131072,58,59,E,0,n13,283043,0.1409255837452259,0.2953143446309223,0.7262301921162158,0.726171027384954,0.7261859602923645,1.0147511069796589,0.0,0.0234454966008881,5.91647312617738e-05,0.8431906969111918,0.5519067056300517,0.006079438257346,0.1388769943446348,0.9854633250674004,14800241.0,283043,8.0,,,,,,0.7221975302071445,4.035035133361816,
7d,S4,131072,58,59,oracle,0,n13,283043,0.1966238345410414,0.3653533726030211,0.7370657171843479,0.7369833233851046,0.7370190407754929,1.0157129916909562,0.0,0.0268085629892624,8.239379924324108e-05,0.837263504911993,0.5951766362921421,0.0039540181128851,0.1935820809121508,0.9845300869246566,15074502.0,283043,8.2,,,,,,,,
7d,S4,131072,58,59,A,0,n13,283043,0.1966238345410414,0.3666602859542432,0.7397022907012509,0.73955367364446,0.7396209615493954,1.021240806067336,0.0,0.0359440639927435,0.0001486170567909,0.8357300718700532,0.5930578031430973,0.0049638776282486,0.1925342518364634,0.9792009818437124,13168768.0,283043,7.1,,,,,,,,
7d,S4,131072,58,59,B_teacher,0,n13,283043,0.1966238345410414,0.3648718905898176,0.7360943729680766,0.7342697857890547,0.7383781485797352,1.076824795264481,0.0016322608225605,0.1278929852505418,0.0018245871790218,0.8384756861035865,0.5982291315236948,0.0140278956234682,0.1825959389175732,0.9286561791645856,13168768.0,283043,0.0,,,,,,,,
7d,S4,131072,58,59,B,0,n13,283043,0.1966238345410414,0.3668571532490073,0.7400994517641738,0.738483665025332,0.7413250352050321,1.0722101228265948,0.0011623675554597,0.1200328126260379,0.0016157867388417,0.8362114858937091,0.5941646906580135,0.0134417454402371,0.1833818114146277,0.9326530114860024,15074502.0,283043,23.5,13168768.0,,,,,,,
7d,S4,131072,58,59,B_nofresh,0,n13,283043,0.1966238345410414,0.3675245922417652,0.7414459465190161,0.7397151223665213,0.7432104229417527,1.074844778513839,0.0013496182558833,0.1243220064190965,0.0017308241524948,0.8355153593206689,0.5931070311944922,0.013962505251099,0.1829323065725902,0.9303668957509148,13168768.0,283043,20.4,13168768.0,,,,,,,
7d,S4,131072,58,59,C,0,n13,283043,0.1966238345410414,0.3709531116701257,0.7483626587238075,0.7477279853509724,0.748972323737862,1.044191590691604,0.0004522281066834,0.0752520249446394,0.000634673372835,0.8298090599460155,0.5904607403894638,0.0091095971962466,0.1883024497552319,0.9576786567852608,15074502.0,283043,8.7,,0.1264209598302841,,,,,,
7d,S4,131072,58,59,D,0,n13,283043,0.1966238345410414,0.3669613650976975,0.7403096892677904,0.7401950918089886,0.7404059095643174,1.0186620722738198,7.419367375275134e-05,0.0314734046043616,0.0001145974588018,0.8358181910457709,0.5921208667941511,0.0063880329805004,0.1930216505481008,0.9816798202448404,,283043,7.2,,,15070698.0,14800241.0,2.1198191461735405e-05,,,13168768.0
7d,S4,131072,58,59,E,0,n13,283043,0.1966238345410414,0.3671693332853153,0.7407292453273552,0.7406958549915299,0.740729949528074,1.009964270428393,0.0,0.0170458990815106,3.3390335825278505e-05,0.8351601486647462,0.5917985285463125,0.0031088323460994,0.1946839510051579,0.9901340366979844,13168768.0,283043,7.1,,,,,,0.7439751659749998,4.849984645843506,
1d,S0,36,59,60,oracle,0,n13,288950,0.14196227721059,0.3091929140557335,0.7568803024851088,0.7568098878201516,0.7568060630084061,1.0164380271105862,0.0,0.0250061349194899,7.041466495727455e-05,0.82475867540623,0.5225942238286823,0.0057194524148885,0.1396664365403016,0.9838278117581706,15326870.0,288950,8.0,,,,,,,,
1d,S0,36,59,60,A,0,n13,288950,0.14196227721059,0.3094351579583008,0.7574732967935659,0.7571671483799612,0.7571972601884823,1.0347706569718855,0.0,0.0522014912229667,0.0003061484136046,0.8247216920509425,0.5220757631461355,0.0076116123190077,0.137192020525614,0.9663977165011256,15074502.0,288950,8.0,,,,,,,,
1d,S0,36,59,60,B_teacher,0,n13,288950,0.14196227721059,0.28663125984616,0.7016511206817113,0.7008204533927086,0.7030529251164706,1.0548854025221996,0.0001488146738189,0.0912707057714012,0.0008306672890027,0.8583973541292451,0.5738761691589501,0.0084102743172249,0.1345760182775896,0.9479702701440648,15074502.0,288950,38.5,,,,,,,,
1d,S0,36,59,60,B,0,n13,288950,0.14196227721059,0.3090986748227056,0.7566496121427445,0.7556522422645553,0.7573080838195273,1.063057281777463,4.845128915037204e-05,0.0959848422786431,0.0009973698781892,0.8258314387251257,0.5240689836565076,0.0103883021866229,0.1335415124321663,0.9406830818448187,15326870.0,288950,24.2,15074502.0,,,,,,,
1d,S0,36,59,60,B_nofresh,0,n13,288950,0.14196227721059,0.3096006501193162,0.757878408784152,0.7558988879410131,0.7601235584935475,1.0907070867952902,0.0005087385360789,0.1354161614680222,0.0019795208431389,0.8258821763853659,0.5235858655879768,0.0125173723283071,0.1301561885214323,0.9168364376710842,15074502.0,288950,23.2,15074502.0,,,,,,,
1d,S0,36,59,60,C,0,n13,288950,0.14196227721059,0.3092085015183749,0.7569184593861977,0.7568625418892199,0.7568602084478377,1.014626206937019,0.0,0.022283287175065,5.591749697786419e-05,0.8246834741931354,0.5225871425506752,0.0055063564205701,0.1399158391927896,0.9855846351720272,15326870.0,288950,8.4,,0.0164657216519117,,,,,,
1d,S0,36,59,60,D,0,n13,288950,0.14196227721059,0.3097709758312051,0.7582953529328534,0.758294142078404,0.7582922922540686,1.002136994017133,0.0,0.0032686828974317,1.2108544494848772e-06,0.8237556576940737,0.5226467352727728,0.007160418195014,0.1416595515963589,0.9978675629880036,,288950,15.6,,,15322686.0,15074502.0,0.0,,,
1d,S0,36,59,60,E,0,n13,288950,0.14196227721059,0.3087488552439934,0.7557932809122586,0.7554690368171316,0.7555262648137598,1.035740247538398,0.0,0.0538310177257792,0.0003242440951269,0.8254294714305637,0.5244769339213089,0.0074080873674629,0.1370635905556302,0.9654930397622952,15074502.0,288950,8.2,,,,,,0.7240942120899576,3.0306756496429443,
7d,S0,36,59,60,oracle,0,n13,288950,0.1937601661187056,0.382884506230717,0.7788069604004251,0.7778152868475249,0.7784967422880973,1.0579792759869602,1.038241910365115e-05,0.0912160413530345,0.0009916735529001,0.8119895491740775,0.5560081714398358,0.0133563595376928,0.1831417405959602,0.9451980985800758,15326870.0,288950,7.6,,,,,,,,
7d,S0,36,59,60,A,0,n13,288950,0.1937601661187056,0.3859720887632661,0.7850872635415268,0.7833076350755163,0.7845134754269611,1.07884884162877,2.7686450943069736e-05,0.1224588782729163,0.0017796284660105,0.8067568571948576,0.5526351778575929,0.0149624440813739,0.1795989935218174,0.9269139117675378,13398770.0,288950,6.9,,,,,,,,
7d,S0,36,59,60,B_teacher,0,n13,288950,0.1937601661187056,0.3553988605856723,0.7228997304365108,0.7209360485274192,0.7277517698190147,1.0794013205918187,0.0020176501124762,0.1343200747595618,0.0019636819090915,0.8469399156676671,0.6052919852003669,0.0144170662885882,0.1795070678739488,0.92643948170428,13398770.0,288950,33.5,,,,,,,,
7d,S0,36,59,60,B,0,n13,288950,0.1937601661187056,0.3829669096032641,0.778974573137571,0.7756526747696975,0.783988451408176,1.1090414296370106,0.0020453365634192,0.1693334103862618,0.0033218983678735,0.813580680695886,0.5581711439205187,0.019591814841705,0.1747095833760903,0.9016795705524728,15326870.0,288950,24.0,13398770.0,,,,,,,
7d,S0,36,59,60,B_nofresh,0,n13,288950,0.1937601661187056,0.3858002865110436,0.7847378088426138,0.7805600758656708,0.7913108408983008,1.1232888800242655,0.0026129088077522,0.1904832141856096,0.004177732976943,0.8095673439699339,0.5549835113626905,0.021656618100301,0.1724936207990592,0.8902429444315317,13398770.0,288950,20.4,13398770.0,,,,,,,
7d,S0,36,59,60,C,0,n13,288950,0.1937601661187056,0.3845694084480207,0.7822341389701409,0.7810749082835945,0.7822866494042706,1.0627382428235088,7.959854646132548e-05,0.0989267076775125,0.0011592306865464,0.8083171437346447,0.5544170837135747,0.0125030129049846,0.1823216275758732,0.9409654792728412,15326870.0,288950,8.5,,0.125798612833023,,,,,,
7d,S0,36,59,60,D,0,n13,288950,0.1937601661187056,0.3831206309402111,0.7792872503162717,0.7791116849440237,0.7799105750516189,1.0238477839931306,0.0001038241910365,0.0381408481636344,0.0001755653722479,0.8114871842659108,0.5571237059529072,0.0137415325370953,0.1892470435038863,0.9767076860779818,,288950,7.3,,,15322686.0,15074502.0,2.768645026662853e-05,,,13398770.0
7d,S0,36,59,60,E,0,n13,288950,0.1937601661187056,0.3834990982940354,0.7800570725593924,0.7793403548258168,0.7796995776782457,1.0491172640696185,1.7304031839418586e-05,0.0772466420381201,0.0007167177335756,0.8103886012383507,0.5554754067127501,0.0118677671465182,0.1846887595454228,0.9531822935797584,13398770.0,288950,9.7,,,,,,0.7455086517234999,4.819249153137207,
1d,S1,64,59,60,oracle,0,n13,288950,0.14196227721059,0.3059127787032012,0.7488507852324295,0.7488471974771007,0.748876952037482,1.0036258455897404,0.0,0.0057140651269855,3.587755328826603e-06,0.8292963585390987,0.530543678302849,0.0040830592037009,0.1414494035146849,0.9963872536706048,15326870.0,288950,8.1,,,,,,,,
1d,S1,64,59,60,A,0,n13,288950,0.14196227721059,0.305953248200736,0.7489498514274913,0.7488628999283485,0.7490323749764713,1.0180586904878963,0.0,0.0281463151259413,8.695149914272893e-05,0.8294266114849776,0.5303450289308604,0.0046811340258832,0.1394440993795316,0.982261641046213,15074502.0,288950,8.0,,,,,,,,
1d,S1,64,59,60,B_teacher,0,n13,288950,0.14196227721059,0.28663125984616,0.7016511206817113,0.7008204533927086,0.7030529251164706,1.0548854025221996,0.0001488146738189,0.0912707057714012,0.0008306672890027,0.8583973541292451,0.5738761691589501,0.0084102743172249,0.1345760182775896,0.9479702701440648,15074502.0,288950,0.0,,,,,,,,
1d,S1,64,59,60,B,0,n13,288950,0.14196227721059,0.3052896003425565,0.7473252928790635,0.7466575221052558,0.7483373863211346,1.050637376738515,0.000117667416508,0.0792186099552933,0.0006677707738076,0.8312759365734532,0.5323386877293241,0.0098110645439274,0.135120147401649,0.9518031836105924,15326870.0,288950,22.9,15074502.0,,,,,,,
1d,S1,64,59,60,B_nofresh,0,n13,288950,0.14196227721059,0.3053825518436893,0.7475528309535006,0.7468029753711045,0.748601604627928,1.0538252293024704,0.0001072849974043,0.0839083379461658,0.000749855582396,0.8312379228928252,0.5320322578417035,0.0100974441174244,0.134711404949524,0.9489239507597504,15074502.0,288950,22.8,15074502.0,,,,,,,
1d,S1,64,59,60,C,0,n13,288950,0.14196227721059,0.3059371491197195,0.7489104421242516,0.7489083348795291,0.7489314534394298,1.0027763705708277,0.0,0.0043800930944823,2.107244722493462e-06,0.8292119433453117,0.5305315217465485,0.004135924716691,0.1415692285706517,0.9972313163210584,15326870.0,288950,8.3,,0.0164657216519117,,,,,,
1d,S1,64,59,60,D,0,n13,288950,0.14196227721059,0.3058238299497347,0.7486330455742132,0.7486230940731673,0.7484211916856374,0.9939823667917698,0.0,-0.009469512757181,9.951501045879496e-06,0.8298343453959683,0.5316454693297433,0.0058560275986434,0.1428217259716538,1.0060540643468887,,288950,16.0,,,15322686.0,15074502.0,2.0764837245224044e-05,,,
1d,S1,64,59,60,E,0,n13,288950,0.14196227721059,0.3060078222180505,0.74908344439439,0.7490167077985405,0.7491619030581116,1.0157904502784587,0.0,0.024658259325609,6.673659584954805e-05,0.8289630269297752,0.5308356706877452,0.0045239607760817,0.1397554753263076,0.9844550120803656,15074502.0,288950,7.9,,,,,,0.7240942120899576,3.0306756496429443,
7d,S1,64,59,60,oracle,0,n13,288950,0.1937601661187056,0.3779675223350097,0.768805559926293,0.7678908081627405,0.7697877290501988,1.0551697369505124,0.0002872469285343,0.0882251130063487,0.0009147517635524,0.8188212085094732,0.5638522251992292,0.0114812192899213,0.1836293814478428,0.9477148225365568,15326870.0,288950,8.0,,,,,,,,
7d,S1,64,59,60,A,0,n13,288950,0.1937601661187056,0.3802341436462725,0.7734159853289332,0.7720019291061198,0.775474553872969,1.0693921872179897,0.0006679356290015,0.1097153163842728,0.0014140562228134,0.8158998473462207,0.5607319030983489,0.0136170177262738,0.1811871906627355,0.9351106282172188,13398770.0,288950,7.1,,,,,,,,
7d,S1,64,59,60,B_teacher,0,n13,288950,0.1937601661187056,0.3553988605856723,0.7228997304365108,0.7209360485274192,0.7277517698190147,1.0794013205918187,0.0020176501124762,0.1343200747595618,0.0019636819090915,0.8469399156676671,0.6052919852003669,0.0144170662885882,0.1795070678739488,0.92643948170428,13398770.0,288950,0.0,,,,,,,,
7d,S1,64,59,60,B,0,n13,288950,0.1937601661187056,0.3766079018896652,0.7660400213654328,0.7635476731424934,0.773487627162781,1.0929655588611102,0.0027548018688354,0.1471358647094644,0.0024923482229394,0.8219240578459228,0.5681944380195173,0.0170144908760934,0.1772792971817037,0.9149419136701964,15326870.0,288950,23.0,13398770.0,,,,,,,
7d,S1,64,59,60,B_nofresh,0,n13,288950,0.1937601661187056,0.3793375517579013,0.7715922708877923,0.7682436155553579,0.780532594679247,1.1089802716021435,0.0034919536251946,0.1708089186538847,0.0033486553324343,0.8185962334566272,0.5646436803010295,0.0194297072589384,0.1747192182587525,0.9017292963699888,13398770.0,288950,21.1,13398770.0,,,,,,,
7d,S1,64,59,60,C,0,n13,288950,0.1937601661187056,0.3795404016776094,0.77200487815399,0.7708792031548732,0.77454531100105,1.0612659614509694,0.0007060044990482,0.0982575173241949,0.0011256749991167,0.8162130973644356,0.5625221473761601,0.0133078822504608,0.1825745601543609,0.9422708692482644,15326870.0,288950,8.7,,0.125798612833023,,,,,,
7d,S1,64,59,60,D,0,n13,288950,0.1937601661187056,0.3788661995622787,0.7706335160549976,0.770516646832003,0.7721845925330123,1.0191953860473322,0.0008548191728672,0.0314165841298991,0.0001168692229945,0.8180923443091587,0.5661601145414491,0.0131148255385843,0.1901109137376994,0.981166137219502,,288950,7.1,,,15322686.0,15074502.0,0.0004879736807197,,,13398770.0
7d,S1,64,59,60,E,0,n13,288950,0.1937601661187056,0.3794419957060642,0.7718047152998208,0.7712038752590169,0.7726059632305122,1.0444150009895763,0.0001834227374978,0.0713302135309378,0.0006008400408038,0.8163043574789319,0.5625440849085135,0.0106204760387194,0.1855202825841443,0.9574738002159164,13398770.0,288950,7.3,,,,,,0.7455086517234999,4.819249153137207,
1d,S2,160,59,60,oracle,0,n13,288950,0.14196227721059,0.299934934477667,0.7342174856322465,0.7341731177736517,0.7342826336271555,1.0127031507145567,0.0,0.0203243641939946,4.436785859485149e-05,0.8377719995969357,0.5459723123851676,0.0044527794392968,0.1401815301062531,0.9874561951292504,15326870.0,288950,7.9,,,,,,,,
1d,S2,160,59,60,A,0,n13,288950,0.14196227721059,0.3001173366497563,0.7346639920200352,0.7346007416976426,0.734731682045889,1.0152032608837476,0.0,0.0242614004811452,6.325032239262729e-05,0.8375077704829436,0.5456475087502872,0.0045285026738647,0.139836309318993,0.9850244168143106,15074502.0,288950,7.9,,,,,,,,
1d,S2,160,59,60,B_teacher,0,n13,288950,0.14196227721059,0.28663125984616,0.7016511206817113,0.7008204533927086,0.7030529251164706,1.0548854025221996,0.0001488146738189,0.0912707057714012,0.0008306672890027,0.8583973541292451,0.5738761691589501,0.0084102743172249,0.1345760182775896,0.9479702701440648,15074502.0,288950,0.0,,,,,,,,
1d,S2,160,59,60,B,0,n13,288950,0.14196227721059,0.2993261569133161,0.7327272453126736,0.7320531695677357,0.7335983124974677,1.0503155579262655,2.07648382073023e-05,0.0804662908263415,0.0006740757449379,0.8399178105488678,0.5472827924618283,0.0089950439045735,0.1351615484882269,0.9520948180320128,15326870.0,288950,23.4,15074502.0,,,,,,,
1d,S2,160,59,60,B_nofresh,0,n13,288950,0.14196227721059,0.2993723636452912,0.7328403558132196,0.7321795021168701,0.7336860310375208,1.049818445088018,3.1147257310953454e-05,0.0796423670750849,0.0006608536963494,0.839904197589783,0.5470818481376359,0.0088025852144963,0.1352255505462068,0.952545656516979,15074502.0,288950,22.9,15074502.0,,,,,,,
1d,S2,160,59,60,C,0,n13,288950,0.14196227721059,0.3000351863159452,0.7344628943665068,0.7344196478978583,0.7345347840181199,1.0125334592875803,0.0,0.0200759551021346,4.324646864850568e-05,0.837486739741874,0.5458989245713759,0.004272597204039,0.1402050232596509,0.9876216838341332,15326870.0,288950,8.7,,0.0164657216519117,,,,,,
1d,S2,160,59,60,D,0,n13,288950,0.14196227721059,0.3002699660866381,0.735037617058332,0.7349936241814995,0.735124439111587,1.012690560123364,2.7686450943069736e-05,0.020171807719857,4.399287683254372e-05,0.8374403299692,0.5463364622897544,0.0063954502381713,0.1401832729568413,0.987468471986331,,288950,16.0,,,15322686.0,15074502.0,1.0382418622612022e-05,,,
1d,S2,160,59,60,E,0,n13,288950,0.14196227721059,0.2999126176366986,0.7341628557342932,0.7339925951925336,0.7342453227596608,1.0251028663735384,0.0,0.0398881992958961,0.0001702605417596,0.8374704568945447,0.5469821495084086,0.0051035189994683,0.1384858845559605,0.9755118562273232,15074502.0,288950,8.1,,,,,,0.7240942120899576,3.0306756496429443,
7d,S2,160,59,60,oracle,0,n13,288950,0.1937601661187056,0.3696516832947453,0.7518907116607302,0.7517121181520476,0.751994634607019,1.0235459544773804,0.0,0.0392926273368071,0.0001785935086825,0.8291640495086323,0.5793377320064972,0.007020020930947,0.1893028498340741,0.9769957036375538,15326870.0,288950,8.0,,,,,,,,
7d,S2,160,59,60,A,0,n13,288950,0.1937601661187056,0.3730380069032619,0.7587786696573692,0.7584505277008685,0.758954173970753,1.032162739766867,1.038241910365115e-05,0.0532466392884944,0.0003281419565006,0.8244565381083151,0.574888530251894,0.0078135005786091,0.1877224963211421,0.9688394683050356,13398770.0,288950,7.2,,,,,,,,
7d,S2,160,59,60,B_teacher,0,n13,288950,0.1937601661187056,0.3553988605856723,0.7228997304365108,0.7209360485274192,0.7277517698190147,1.0794013205918187,0.0020176501124762,0.1343200747595618,0.0019636819090915,0.8469399156676671,0.6052919852003669,0.0144170662885882,0.1795070678739488,0.92643948170428,13398770.0,288950,0.0,,,,,,,,
7d,S2,160,59,60,B,0,n13,288950,0.1937601661187056,0.3697090670272293,0.7520074331512712,0.7499209049615994,0.7570850021587097,1.083808161006966,0.0017719328603564,0.1356535676210502,0.0020865281896718,0.8306007921613915,0.5804363408183792,0.015976325212068,0.1787771794767471,0.9226725134371568,15326870.0,288950,21.4,13398770.0,,,,,,,
7d,S2,160,59,60,B_nofresh,0,n13,288950,0.1937601661187056,0.371488557078155,0.7556270082844294,0.753408669240803,0.7614592309517226,1.0866166205274663,0.0019968852742689,0.1398679910672786,0.0022183390436264,0.8283585723204272,0.5777333015352251,0.0164097567174637,0.1783151135905232,0.9202877823777248,13398770.0,288950,19.5,13398770.0,,,,,,,
7d,S2,160,59,60,C,0,n13,288950,0.1937601661187056,0.3731425694409113,0.7589913552865688,0.7583714218158308,0.7601052604872104,1.044290242153117,0.0001557362865547,0.0738061148655329,0.0006199334707379,0.82391682510123,0.5762073699231071,0.0104175234638537,0.18554244624484,0.9575881873014542,15326870.0,288950,8.5,,0.125798612833023,,,,,,
7d,S2,160,59,60,D,0,n13,288950,0.1937601661187056,0.375178109334899,0.7631317490915224,0.7625316498323014,0.7659372541001027,1.0438575795517544,0.0008409759473957,0.0721059919602988,0.0006000992592209,0.8226685294654538,0.5741945953459835,0.015385769218294,0.1856193506799162,0.9579850925922412,,288950,7.2,,,15322686.0,15074502.0,0.0002768645063042,,,13398770.0
7d,S2,160,59,60,E,0,n13,288950,0.1937601661187056,0.3739020348111079,0.7605361472717943,0.7601290720221778,0.7609625692908557,1.0357704863933288,3.460806367883717e-05,0.0595770115433787,0.0004070752496164,0.8227736631822318,0.5752294605731565,0.0091470872495612,0.1870686302265675,0.9654648526259076,13398770.0,288950,7.1,,,,,,0.7455086517234999,4.819249153137207,
1d,S3,896,59,60,oracle,0,n13,288950,0.14196227721059,0.292238829704975,0.7153780173148638,0.7153553569477745,0.7154280523227855,1.0089479142434403,0.0,0.0146897693585613,2.2660367089311077e-05,0.8498100729918913,0.561186356771374,0.0043625376514766,0.1407032763599501,0.9911314408631784,15326870.0,288950,8.0,,,,,,,,
1d,S3,896,59,60,A,0,n13,288950,0.14196227721059,0.2925091257434546,0.7160396810790213,0.7159463212383438,0.7161327307790525,1.0182910724885783,0.0,0.0298454681377559,9.335984067748716e-05,0.8494461289648941,0.5608813429297885,0.0046346073625162,0.1394122771435594,0.982037481244064,15074502.0,288950,8.0,,,,,,,,
1d,S3,896,59,60,B_teacher,0,n13,288950,0.14196227721059,0.28663125984616,0.7016511206817113,0.7008204533927086,0.7030529251164706,1.0548854025221996,0.0001488146738189,0.0912707057714012,0.0008306672890027,0.8583973541292451,0.5738761691589501,0.0084102743172249,0.1345760182775896,0.9479702701440648,15074502.0,288950,0.0,,,,,,,,
1d,S3,896,59,60,B,0,n13,288950,0.14196227721059,0.291270894136833,0.7130085860235976,0.7122200749437533,0.7142226113863048,1.0536475110144017,5.537290188613947e-05,0.0885390811380848,0.0007885110798443,0.852118132579494,0.5640676232623834,0.0091435499679359,0.1347341266662468,0.9490840053684064,15326870.0,288950,21.1,15074502.0,,,,,,,
1d,S3,896,59,60,B_nofresh,0,n13,288950,0.14196227721059,0.2912948447114252,0.7130672151749071,0.7123806982788866,0.7140556310599253,1.0499479744615912,3.1147257310953454e-05,0.0825431334552496,0.0006865168960205,0.8519814175463526,0.5639380823052058,0.0085924823284645,0.135208868118811,0.9524281434161496,15074502.0,288950,21.4,15074502.0,,,,,,,
1d,S3,896,59,60,C,0,n13,288950,0.14196227721059,0.2924904949801654,0.7159940744136909,0.7159641869099745,0.7160590272238885,1.010278288096209,0.0,0.0168863318296914,2.9887503716352622e-05,0.8493266616182675,0.560974146675086,0.0045291172958256,0.1405179927979121,0.9898262803256148,15326870.0,288950,8.4,,0.0164657216519117,,,,,,
1d,S3,896,59,60,D,0,n13,288950,0.14196227721059,0.292341022268055,0.7156281767931038,0.7156281666100558,0.715626688739938,0.9998111176347992,0.0,-0.0003091618666477,1.0183047960410365e-08,0.8499138227271688,0.5608760561924144,0.004360780311095,0.1419890964469597,1.0001889180484886,,288950,16.2,,,15322686.0,15074502.0,3.4608062833285658e-06,,,
1d,S3,896,59,60,E,0,n13,288950,0.14196227721059,0.2926811689504938,0.7164608295228075,0.7161908502424785,0.7166539674471104,1.0313838669508169,0.0,0.0508659442479557,0.000269979280329,0.8493087953530709,0.5608547711492972,0.0056645833628084,0.1376425225947031,0.969571109306179,15074502.0,288950,7.9,,,,,,0.7240942120899576,3.0306756496429443,
7d,S3,896,59,60,oracle,0,n13,288950,0.1937601661187056,0.3605924160007328,0.7334636917372512,0.7333966153711534,0.733501329260346,1.014161003619298,0.0,0.0243398645401901,6.707636609781797e-05,0.840151096308215,0.5943526905444211,0.0047225179755198,0.191054640660824,0.9860367302935522,15326870.0,288950,8.0,,,,,,,,
7d,S3,896,59,60,A,0,n13,288950,0.1937601661187056,0.3634266123366892,0.7392285942017405,0.7387453463935718,0.739390840690001,1.0387174753508084,0.0,0.0655137129825137,0.0004832478081686,0.8368640723176942,0.5904358518767724,0.0084955205609285,0.186537889962106,0.9627256917597036,13398770.0,288950,7.0,,,,,,,,
7d,S3,896,59,60,B_teacher,0,n13,288950,0.1937601661187056,0.3553988605856723,0.7228997304365108,0.7209360485274192,0.7277517698190147,1.0794013205918187,0.0020176501124762,0.1343200747595618,0.0019636819090915,0.8469399156676671,0.6052919852003669,0.0144170662885882,0.1795070678739488,0.92643948170428,13398770.0,288950,0.0,,,,,,,,
7d,S3,896,59,60,B,0,n13,288950,0.1937601661187056,0.3604482532879602,0.7331704572962895,0.7308741365238385,0.739055452455719,1.0865613177676772,0.0021353175289842,0.1449169160564691,0.002296320772451,0.8418384634486319,0.5963044129471355,0.0159906590180634,0.1783241893028024,0.9203346223059772,15326870.0,288950,20.7,13398770.0,,,,,,,
7d,S3,896,59,60,B_nofresh,0,n13,288950,0.1937601661187056,0.3637187021158138,0.7398227199742444,0.7369514636083226,0.7489179279857433,1.09728059521173,0.0034469631424121,0.1626405918313805,0.0028712563659217,0.837844569408746,0.5930822791984393,0.0178526585667243,0.1765821495105524,0.9113439209293964,13398770.0,288950,18.9,13398770.0,,,,,,,
7d,S3,896,59,60,C,0,n13,288950,0.1937601661187056,0.3661786594672451,0.7448264009182533,0.7442152292855575,0.7457530875328942,1.0433415393124754,8.998096556497664e-05,0.0743060404144589,0.0006111716326957,0.8328806993279931,0.5885237146233808,0.0104505583727843,0.1857111586359215,0.9584589152454948,15326870.0,288950,8.4,,0.125798612833023,,,,,,
7d,S3,896,59,60,D,0,n13,288950,0.1937601661187056,0.3650571863784666,0.7425452664423751,0.7423431225833623,0.7437979221643326,1.0247556781892693,0.0004429832150891,0.0423444277988507,0.0002021438590127,0.8351047992715877,0.5881366875058595,0.0092522607882076,0.1890793778874956,0.9758423605585556,,288950,7.1,,,15322686.0,15074502.0,0.0001315106346737,,,13398770.0
7d,S3,896,59,60,E,0,n13,288950,0.1937601661187056,0.36313900085744,0.7386435775236425,0.7382790440144616,0.7388181893783107,1.0334623944948262,0.0,0.0569239070920332,0.0003645335091808,0.8372815043471238,0.5904537549547203,0.0079590637940087,0.1874864215194002,0.9676210816445012,13398770.0,288950,7.1,,,,,,0.7455086517234999,4.819249153137207,
1d,S4,131072,59,60,oracle,0,n13,288950,0.14196227721059,0.2884961948425123,0.7062163370886426,0.7061279868822579,0.7063111776719339,1.0176847886443048,0.0,0.0291976126180112,8.835020638475743e-05,0.8557202412179576,0.5677116181793996,0.0041759288177728,0.1394953317516941,0.9826225282704054,15326870.0,288950,8.1,,,,,,,,
1d,S4,131072,59,60,A,0,n13,288950,0.14196227721059,0.2888650449432178,0.7071192535627999,0.7069617480517898,0.7072561131047688,1.023704351528716,0.0,0.0390344825967383,0.0001575055110101,0.8551437828673389,0.5673605431674515,0.0047514124355161,0.1386750744964552,0.9768445337823192,15074502.0,288950,8.5,,,,,,,,
1d,S4,131072,59,60,B_teacher,0,n13,288950,0.14196227721059,0.28663125984616,0.7016511206817113,0.7008204533927086,0.7030529251164706,1.0548854025221996,0.0001488146738189,0.0912707057714012,0.0008306672890027,0.8583973541292451,0.5738761691589501,0.0084102743172249,0.1345760182775896,0.9479702701440648,15074502.0,288950,0.0,,,,,,,,
1d,S4,131072,59,60,B,0,n13,288950,0.14196227721059,0.2886902662403284,0.7066914088370732,0.7060367800272996,0.7076355121507469,1.0485710976549605,3.460806367883717e-06,0.0808515707284742,0.0006546288097735,0.8559101947745077,0.5684710955983406,0.0085404485294188,0.1353864106383216,0.9536787750839352,15326870.0,288950,21.5,15074502.0,,,,,,,
1d,S4,131072,59,60,B_nofresh,0,n13,288950,0.14196227721059,0.2887447298230036,0.7068247314685298,0.7061057991766666,0.7078749434998569,1.050971979758058,1.038241910365115e-05,0.084780541717191,0.0007189322918631,0.8558863169589299,0.5684376496725364,0.0087990419432275,0.1350771285484422,0.9515001534391124,15074502.0,288950,21.7,15074502.0,,,,,,,
1d,S4,131072,59,60,C,0,n13,288950,0.14196227721059,0.2887871892546948,0.7069286688682593,0.7068236032683131,0.7070503464884942,1.0192888200492844,0.0,0.0318781192862467,0.0001050655999462,0.8551924461602036,0.5675004359634266,0.0043679010320721,0.1392758111520598,0.981076197766643,15326870.0,288950,8.7,,0.0164657216519117,,,,,,
1d,S4,131072,59,60,D,0,n13,288950,0.14196227721059,0.2887194461759141,0.706762839059011,0.7067105782710538,0.7068072200481466,1.01363879679134,0.0,0.0223162037021773,5.226078795728117e-05,0.8554397053630387,0.5678032923152565,0.0038276913863459,0.1400521346064986,0.9865447170782004,,288950,16.3,,,15322686.0,15074502.0,0.0,,,
1d,S4,131072,59,60,E,0,n13,288950,0.14196227721059,0.2891388600666715,0.7077895317743741,0.7072467129046577,0.7081207648751412,1.0446610002080483,0.0,0.0726782195300669,0.0005428188697164,0.8549629016997944,0.5673193613737957,0.0066668941283643,0.1358931530729277,0.9572483320434536,15074502.0,288950,8.2,,,,,,0.7240942120899576,3.0306756496429443,
7d,S4,131072,59,60,oracle,0,n13,288950,0.1937601661187056,0.3557837030968124,0.7236825200805328,0.7236600036337083,0.7237060493778208,1.008128189634422,0.0,0.0141597111813774,2.2516446824494277e-05,0.8456889598488503,0.6016481688988278,0.0031856913081102,0.1921979447762183,0.99193734515313,15326870.0,288950,8.1,,,,,,,,
7d,S4,131072,59,60,A,0,n13,288950,0.1937601661187056,0.357215421397658,0.72659470942193,0.7264317825778829,0.7266527279519087,1.0221428764092624,0.0,0.038074661696994,0.0001629268440471,0.8441881373493352,0.5993164504219324,0.0048454919926045,0.1895627026227249,0.9783368089527276,13398770.0,288950,7.3,,,,,,,,
7d,S4,131072,59,60,B_teacher,0,n13,288950,0.1937601661187056,0.3553988605856723,0.7228997304365108,0.7209360485274192,0.7277517698190147,1.0794013205918187,0.0020176501124762,0.1343200747595618,0.0019636819090915,0.8469399156676671,0.6052919852003669,0.0144170662885882,0.1795070678739488,0.92643948170428,13398770.0,288950,0.0,,,,,,,,
7d,S4,131072,59,60,B,0,n13,288950,0.1937601661187056,0.3572788183453743,0.7267236621043868,0.7251323916554497,0.7297623913454897,1.071176856641937,0.0011559093268731,0.1205980334318488,0.001591270448937,0.8448357759754171,0.601056790054087,0.0134873060909778,0.1808853177860189,0.9335526564072048,15326870.0,288950,21.5,13398770.0,,,,,,,
7d,S4,131072,59,60,B_nofresh,0,n13,288950,0.1937601661187056,0.3584392121671823,0.72908396337154,0.7270687035048503,0.73385157553697,1.0804747681220404,0.0018238449558747,0.1361222448861498,0.0020152598666897,0.8438696410666604,0.599481019366479,0.0152381232373179,0.1793287282918025,0.9255190676392078,13398770.0,288950,19.4,13398770.0,,,,,,,
7d,S4,131072,59,60,C,0,n13,288950,0.1937601661187056,0.3614071650557943,0.7351209336071513,0.7346591889819601,0.7362424789481319,1.0373112080496532,0.0001695795120263,0.0648817876004123,0.0004617446251911,0.8384215494744868,0.5957554547722934,0.0088975460143338,0.1867907765915423,0.9640308445911758,15326870.0,288950,8.8,,0.125798612833023,,,,,,
7d,S4,131072,59,60,D,0,n13,288950,0.1937601661187056,0.3583636298960911,0.7289302251088242,0.7286525408197396,0.7296436319447894,1.0291001530058324,0.0001695795120263,0.0496717846416819,0.0002776842890845,0.8433019394209651,0.5981698890132018,0.0091796667085127,0.1882811556802941,0.9717227201639844,,288950,7.6,,,15322686.0,15074502.0,3.806886888924055e-05,,,13398770.0
7d,S4,131072,59,60,E,0,n13,288950,0.1937601661187056,0.3575429567512332,0.7272609333327713,0.7272081859157165,0.7273118002148401,1.012493001017888,0.0,0.0216644822357396,5.274741705485475e-05,0.8437993987097876,0.5984799347529969,0.0037891183942066,0.1913693881576594,0.9876611482693426,13398770.0,288950,7.3,,,,,,0.7455086517234999,4.819249153137207,
